scan_id	trait	target_class	scan_match	site	nonsyn_recode	from_state	to_state	from_state_ids	to_state_ids	observed_from_state_ids	observed_to_state_ids	from_state_distribution	to_state_distribution	state_change	candidate_event_pp_sum	candidate_event_mass_sum	scan_event_threshold	scan_event_units	support_mass_sum	support_mass_mean	scan_unit_mode	scan_min_support_count	scan_min_event_pp	scan_rate_length_used	scan_rate_exposure	scan_exposure_units	scan_endpoint_model	scan_observation_method	scan_inference_method	rate_status	scan_rate_event_mode	scan_other_scope	scan_pvalue_calibration	scan_n_permutations	scan_permutation_seed	scan_permutation_backend	scan_permutation_n_jobs	scan_permutation_success_count	scan_permutation_failure_count	scan_permutation_failure_reasons	codon_site_alignment	site_rate	site_rate_categorized	site_rate_quantile	state_all_conservation	state_all_entropy	state_all_major_state	state_all_valid_tip_count	state_bg_conservation	state_bg_entropy	state_bg_major_state	state_bg_valid_tip_count	aa_all_conservation	aa_all_entropy	aa_all_major_state	aa_all_valid_tip_count	aa_bg_conservation	aa_bg_entropy	aa_bg_major_state	aa_bg_valid_tip_count	unit_total	support_unit_count	support_fraction	support_pp_sum	support_pp_mean	support_unit_ids	support_branch_ids	target_event_count	target_event_branch_count	target_raw_branch_length	target_sn_rescaled_length	target_n_rescaled_length	target_exposure_branch_length	target_exposure	target_zero_exposure_branch_count	target_positive_event_zero_exposure_branch_count	target_missing_exposure_branch_count	target_exposure_diagnostics	other_event_count	other_event_branch_count	other_raw_branch_length	other_sn_rescaled_length	other_n_rescaled_length	other_exposure_branch_length	other_exposure	other_zero_exposure_branch_count	other_positive_event_zero_exposure_branch_count	other_missing_exposure_branch_count	other_exposure_diagnostics	target_event_rate	other_event_rate	rate_ratio	p_rate_enrichment	p_rate_enrichment_empirical	q_rate_enrichment_empirical	q_rate_enrichment_empirical_by_trait	q_rate_enrichment_empirical_by_trait_match	p_rate_enrichment_empirical_maxT	q_rate_enrichment	q_rate_enrichment_by_trait	q_rate_enrichment_by_trait_match
85	PLACEHOLDER	fg	any2spe	777	no	any	S	0,1,2,3,4,5,6,7,8,9,10,11,12,13,14,15,16,17,18,19	15	0	15	A:7.18521	S:7.18521	778S	7.1852128746	7.1852128746	0.5	endpoint_probability	7.1852128746	0.8981516093	clade	2	0.5	n_rescaled	q_weighted	legacy_weighted_branch_length		marginal_posterior_product	exploratory_poisson_lrt	ok	posterior_sum	all	full_scan	3	7001	multiprocessing	1	3	0		778	1.0	1.0	0.5005149331	0.8260869565	0.1542317094	A	69	1.0	-0.0	A	57	0.8260869565	0.1542317094	A	69	1.0	-0.0	A	57	10	8	0.8	7.1852128746	0.8981516093	1,2,4,5,6,7,8,10	1,5,26,33,35,40,103,124	7.2170304247	14	2.3592235755	1.9854118866	0.8692046359	0.1159081614	0.1159081614	0	0	0		1.7665506202	32	17.8329914137	17.3386401259	3.36907128	0.7137818511	0.7137818511	0	0	0		62.265075537	2.4749166956	25.1584530694	3.801878e-06	0.25	0.2848837	0.2848837	0.2848837	0.25	0.0003725841	0.0003725841	0.0003725841
82	PLACEHOLDER	fg	any2spe	758	no	any	A	0,1,2,3,4,5,6,7,8,9,10,11,12,13,14,15,16,17,18,19	0	15	0	S:5.77213	A:5.77213	759A	5.7721329412	5.7721329412	0.5	endpoint_probability	5.7721329412	0.9620221569	clade	2	0.5	n_rescaled	q_weighted	legacy_weighted_branch_length		marginal_posterior_product	exploratory_poisson_lrt	ok	posterior_sum	all	full_scan	3	7001	multiprocessing	1	3	0		759	1.0	1.0	0.5005149331	0.8714285714	0.1280695221	S	70	0.9827586207	0.0290745351	S	58	0.8714285714	0.1280695221	S	70	0.9827586207	0.0290745351	S	58	10	6	0.6	5.7721329412	0.9620221569	1,2,4,6,8,10	1,5,26,35,103,124	6.2069688312	10	2.3592235755	1.9854118866	0.8692046359	0.1583159435	0.1583159435	0	0	0		1.0120953304	18	17.8329914137	17.3386401259	3.36907128	0.7908966933	0.7908966933	0	0	0		39.2062144415	1.2796808217	30.6374947378	2.130861e-05	0.25	0.2848837	0.2848837	0.2848837	0.25	0.001044122	0.001044122	0.001044122
39	PLACEHOLDER	fg	any2spe	537	no	any	T	0,1,2,3,4,5,6,7,8,9,10,11,12,13,14,15,16,17,18,19	16	12	16	P:3.95869	T:3.95869	538T	3.95869	3.95869	0.5	endpoint_probability	3.95869	0.9896725	clade	2	0.5	n_rescaled	q_weighted	legacy_weighted_branch_length		marginal_posterior_product	exploratory_poisson_lrt	ok	posterior_sum	all	full_scan	3	7001	multiprocessing	1	3	0		538	1.0	1.0	0.5005149331	0.9230769231	0.1033743469	P	65	0.9811320755	0.0312444353	P	53	0.9230769231	0.1033743469	P	65	0.9811320755	0.0312444353	P	53	10	4	0.4	3.95869	0.9896725	4,5,6,7	26,33,35,40	3.95904	4	2.3592235755	1.9854118866	0.8692046359	0.0721547267	0.0721547267	0	0	0		0.040661255	7	17.8329914137	17.3386401259	3.36907128	0.276144094	0.276144094	6	0	0	legacy_zero_exposure:6	54.868754713	0.1472465133	372.6319454916	0.0002617796	0.25	0.2848837	0.2848837	0.2848837	0.25	0.007694529	0.007694529	0.007694529
45	PLACEHOLDER	fg	any2spe	570	no	any	N	0,1,2,3,4,5,6,7,8,9,10,11,12,13,14,15,16,17,18,19	11	0,15	11	A:1.99931,S:1.81998	N:3.81929	571N	3.81929	3.81929	0.5	endpoint_probability	3.81929	0.9548225	clade	2	0.5	n_rescaled	q_weighted	legacy_weighted_branch_length		marginal_posterior_product	exploratory_poisson_lrt	ok	posterior_sum	all	full_scan	3	7001	multiprocessing	1	3	0		571	1.0	1.0	0.5005149331	0.6	0.4427778942	A	65	0.679245283	0.3713232308	A	53	0.6	0.4427778942	A	65	0.679245283	0.3713232308	A	53	10	4	0.4	3.81929	0.9548225	1,3,4,6	1,12,26,35	3.96688	4	2.3592235755	1.9854118866	0.8692046359	0.0112813303	0.0112813303	0	0	0		0.0333706292	9	17.8329914137	17.3386401259	3.36907128	0.0403049938	0.0403049938	6	0	0	legacy_zero_exposure:6	351.6322895396	0.8279527187	424.7009299168	0.0003140624	0.25	0.2848837	0.2848837	0.2848837	0.25	0.007694529	0.007694529	0.007694529
62	PLACEHOLDER	fg	any2spe	624	no	any	I	0,1,2,3,4,5,6,7,8,9,10,11,12,13,14,15,16,17,18,19	7	17	7	V:4.96652	I:4.96652	625I	4.96652	4.96652	0.5	endpoint_probability	4.96652	0.993304	clade	2	0.5	n_rescaled	q_weighted	legacy_weighted_branch_length		marginal_posterior_product	exploratory_poisson_lrt	ok	posterior_sum	all	full_scan	3	7001	multiprocessing	1	3	0		625	1.0	1.0	0.5005149331	0.8923076923	0.1140499723	V	65	1.0	-0.0	V	53	0.8923076923	0.1140499723	V	65	1.0	-0.0	V	53	10	5	0.5	4.96652	0.993304	1,4,5,6,7	1,26,33,35,40	4.97704	7	2.3592235755	1.9854118866	0.8692046359	0.2608573413	0.2608573413	0	0	0		1.0329082394	35	17.8329914137	17.3386401259	3.36907128	1.0865610282	1.0865610282	6	0	0	legacy_zero_exposure:6	19.0795473727	0.9506214678	20.0706043571	0.0003930646	0.25	0.2848837	0.2848837	0.2848837	0.25	0.007704066	0.007704066	0.007704066
8	PLACEHOLDER	fg	any2spe	245	no	any	I	0,1,2,3,4,5,6,7,8,9,10,11,12,13,14,15,16,17,18,19	7	4	7	F:2.9915	I:2.9915	246I	2.991498032	2.991498032	0.5	endpoint_probability	2.991498032	0.9971660107	clade	2	0.5	n_rescaled	q_weighted	legacy_weighted_branch_length		marginal_posterior_product	exploratory_poisson_lrt	ok	posterior_sum	all	full_scan	3	7001	multiprocessing	1	3	0		246	1.0	1.0	0.5005149331	0.9069767442	0.1033060563	F	43	1.0	-0.0	F	33	0.9069767442	0.1033060563	F	43	1.0	-0.0	F	33	10	3	0.3	2.991498032	0.9971660107	1,8,9	1,101,123	3.0000767268	6	2.3592235755	1.9854118866	0.8692046359	0.0354207146	0.0354207146	3	0	0	legacy_zero_exposure:3	0.0033081867	5	17.8329914137	17.3386401259	3.36907128	0.1631904211	0.1631904211	41	0	0	legacy_zero_exposure:41	84.6983682293	0.0202719417	4178.1083196173	0.0006672454	0.25	0.2848837	0.2848837	0.2848837	0.5	0.01089834	0.01089834	0.01089834
90	PLACEHOLDER	fg	any2spe	836	no	any	K	0,1,2,3,4,5,6,7,8,9,10,11,12,13,14,15,16,17,18,19	8	5	8	G:2.96858	K:2.96858	837K	2.96858	2.96858	0.5	endpoint_probability	2.96858	0.9895266667	clade	2	0.5	n_rescaled	q_weighted	legacy_weighted_branch_length		marginal_posterior_product	exploratory_poisson_lrt	ok	posterior_sum	all	full_scan	3	7001	multiprocessing	1	3	0		837	1.0	1.0	0.5005149331	0.9275362319	0.1097648184	G	69	0.9824561404	0.0294818676	G	57	0.9275362319	0.1097648184	G	69	0.9824561404	0.0294818676	G	57	10	3	0.3	2.96858	0.9895266667	1,5,6	1,33,35	2.9687	3	2.3592235755	1.9854118866	0.8692046359	0.0385368429	0.0385368429	0	0	0		0.0310874434	4	17.8329914137	17.3386401259	3.36907128	0.1687068725	0.1687068725	0	0	0		77.0353711683	0.1842689805	418.0593552764	0.0009440787	0.25	0.2848837	0.2848837	0.2848837	0.5	0.01166047	0.01166047	0.01166047
5	PLACEHOLDER	fg	any2spe	114	no	any	L	0,1,2,3,4,5,6,7,8,9,10,11,12,13,14,15,16,17,18,19	9	7	9	I:2.92677	L:2.92677	115L	2.92677	2.92677	0.5	endpoint_probability	1.96476	0.98238	clade	2	0.5	n_rescaled	q_weighted	legacy_weighted_branch_length		marginal_posterior_product	exploratory_poisson_lrt	ok	posterior_sum	all	full_scan	3	7001	multiprocessing	1	3	0		115	1.0	1.0	0.5005149331	0.8536585366	0.1883748177	I	41	0.9090909091	0.1210058138	I	33	0.8536585366	0.1883748177	I	41	0.9090909091	0.1210058138	I	33	10	2	0.2	1.96476	0.98238	2,8	5,90,95	2.9968428346	5	2.3592235755	1.9854118866	0.8692046359	0.1922729288	0.1922729288	5	0	0	legacy_zero_exposure:5	0.0118674616	16	17.8329914137	17.3386401259	3.36907128	0.7652995421	0.7652995421	43	0	0	legacy_zero_exposure:43	15.5864002984	0.0155069498	1005.1235396956	0.001042577	0.25	0.2848837	0.2848837	0.2848837	0.5	0.01166047	0.01166047	0.01166047
81	PLACEHOLDER	fg	any2spe	751	no	any	L	0,1,2,3,4,5,6,7,8,9,10,11,12,13,14,15,16,17,18,19	9	10	9	M:2.99163	L:2.99163	752L	2.99163	2.99163	0.5	endpoint_probability	2.99163	0.99721	clade	2	0.5	n_rescaled	q_weighted	legacy_weighted_branch_length		marginal_posterior_product	exploratory_poisson_lrt	ok	posterior_sum	all	full_scan	3	7001	multiprocessing	1	3	0		752	1.0	1.0	0.5005149331	0.9571428571	0.0590574641	M	70	1.0	-0.0	M	58	0.9571428571	0.0590574641	M	70	1.0	-0.0	M	58	10	3	0.3	2.99163	0.99721	6,8,10	35,90,103	2.9951298964	5	2.3592235755	1.9854118866	0.8692046359	0.3235197234	0.3235197234	0	0	0		0.0050099414	7	17.8329914137	17.3386401259	3.36907128	1.2553329259	1.2553329259	0	0	0		9.257951463	0.0039909265	2319.7499472144	0.00107086	0.25	0.2848837	0.2848837	0.2848837	0.5	0.01166047	0.01166047	0.01166047
80	PLACEHOLDER	fg	any2spe	748	no	any	F	0,1,2,3,4,5,6,7,8,9,10,11,12,13,14,15,16,17,18,19	4	19	4	Y:2.96902	F:2.96902	749F	2.96902	2.96902	0.5	endpoint_probability	2.96902	0.9896733333	clade	2	0.5	n_rescaled	q_weighted	legacy_weighted_branch_length		marginal_posterior_product	exploratory_poisson_lrt	ok	posterior_sum	all	full_scan	3	7001	multiprocessing	1	3	0		749	1.0	1.0	0.5005149331	0.9428571429	0.0838412567	Y	70	0.9827586207	0.0290745351	Y	58	0.9428571429	0.0838412567	Y	70	0.9827586207	0.0290745351	Y	58	10	3	0.3	2.96902	0.9896733333	5,6,7	33,35,40	2.96902	3	2.3592235755	1.9854118866	0.8692046359	0.2589403087	0.2589403087	0	0	0		0.0310449267	8	17.8329914137	17.3386401259	3.36907128	0.9590927163	0.9590927163	0	0	0		11.4660402418	0.0323690569	354.2284311686	0.001454492	0.25	0.2848837	0.2848837	0.2848837	0.5	0.01425402	0.01425402	0.01425402
50	PLACEHOLDER	fg	any2spe	576	no	any	T	0,1,2,3,4,5,6,7,8,9,10,11,12,13,14,15,16,17,18,19	16	0	16	A:3.97067	T:3.97067	577T	3.97067	3.97067	0.5	endpoint_probability	3.97067	0.9926675	clade	2	0.5	n_rescaled	q_weighted	legacy_weighted_branch_length		marginal_posterior_product	exploratory_poisson_lrt	ok	posterior_sum	all	full_scan	3	7001	multiprocessing	1	3	0		577	1.0	1.0	0.5005149331	0.5384615385	0.3862959545	A	65	0.6603773585	0.3371396973	A	53	0.5384615385	0.3862959545	A	65	0.6603773585	0.3371396973	A	53	10	4	0.4	3.97067	0.9926675	4,5,6,7	26,33,35,40	3.9710899993	6	2.3592235755	1.9854118866	0.8692046359	0.0465816169	0.0465816169	4	0	0	legacy_zero_exposure:4	2.3527803845	28	17.8329914137	17.3386401259	3.36907128	0.2851076662	0.2851076662	12	0	0	legacy_zero_exposure:12	85.2501537106	8.2522522672	10.3305317083	0.002398302	0.25	0.2848837	0.2848837	0.2848837	0.75	0.02136669	0.02136669	0.02136669
40	PLACEHOLDER	fg	any2spe	551	no	any	G	0,1,2,3,4,5,6,7,8,9,10,11,12,13,14,15,16,17,18,19	5	6,14	5	H:2.79136,R:0.9958	G:3.78716	552G	3.787160486	3.787160486	0.5	endpoint_probability	3.787160486	0.9467901215	clade	2	0.5	n_rescaled	q_weighted	legacy_weighted_branch_length		marginal_posterior_product	exploratory_poisson_lrt	ok	posterior_sum	all	full_scan	3	7001	multiprocessing	1	3	0		552	1.0	1.0	0.5005149331	0.6307692308	0.3387349785	H	65	0.641509434	0.3408538214	H	53	0.6307692308	0.3387349785	H	65	0.641509434	0.3408538214	H	53	10	4	0.4	3.787160486	0.9467901215	1,2,8,10	1,5,103,123	3.979090414	7	2.3592235755	1.9854118866	0.8692046359	0.0162111102	0.0162111102	0	0	0		1.0300056787	10	17.8329914137	17.3386401259	3.36907128	0.0604241295	0.0604241295	18	0	0	legacy_zero_exposure:18	245.4545290967	17.0462642655	14.3993150214	0.002668982	0.25	0.2848837	0.2848837	0.2848837	0.75	0.02179669	0.02179669	0.02179669
56	PLACEHOLDER	fg	any2spe	596	no	any	V	0,1,2,3,4,5,6,7,8,9,10,11,12,13,14,15,16,17,18,19	17	7	17	I:1.91135	V:1.91135	597V	1.9113513058	1.9113513058	0.5	endpoint_probability	1.9113513058	0.9556756529	clade	2	0.5	n_rescaled	q_weighted	legacy_weighted_branch_length		marginal_posterior_product	exploratory_poisson_lrt	ok	posterior_sum	all	full_scan	3	7001	multiprocessing	1	3	0		597	1.0	1.0	0.5005149331	0.9384615385	0.0771697253	I	65	1.0	-0.0	I	53	0.9384615385	0.0771697253	I	65	1.0	-0.0	I	53	10	2	0.2	1.9113513058	0.9556756529	6,8	35,124	2.0678185632	6	2.3592235755	1.9854118866	0.8692046359	0.2287969052	0.2287969052	0	0	0		0.0168463569	32	17.8329914137	17.3386401259	3.36907128	1.2204995749	1.2204995749	6	0	0	legacy_zero_exposure:6	9.0377907931	0.0138028372	654.7777591349	0.003181928	0.25	0.2848837	0.2848837	0.2848837	0.75	0.02259506	0.02259506	0.02259506
38	PLACEHOLDER	fg	any2spe	528	no	any	P	0,1,2,3,4,5,6,7,8,9,10,11,12,13,14,15,16,17,18,19	12	0	12	A:1.95287	P:1.95287	529P	1.9528676954	1.9528676954	0.5	endpoint_probability	1.9528676954	0.9764338477	clade	2	0.5	n_rescaled	q_weighted	legacy_weighted_branch_length		marginal_posterior_product	exploratory_poisson_lrt	ok	posterior_sum	all	full_scan	3	7001	multiprocessing	1	3	0		529	1.0	1.0	0.5005149331	0.9384615385	0.0771697253	A	65	1.0	-0.0	A	53	0.9384615385	0.0771697253	A	65	1.0	-0.0	A	53	10	2	0.2	1.9528676954	0.9764338477	5,8	33,124	2.0448758566	6	2.3592235755	1.9854118866	0.8692046359	0.0379518966	0.0379518966	0	0	0		0.0012299871	3	17.8329914137	17.3386401259	3.36907128	0.1960185668	0.1960185668	6	0	0	legacy_zero_exposure:6	53.8807290749	0.00627485	8586.7756587613	0.003227866	0.25	0.2848837	0.2848837	0.2848837	0.75	0.02259506	0.02259506	0.02259506
96	PLACEHOLDER	fg	any2spe	887	no	any	G	0,1,2,3,4,5,6,7,8,9,10,11,12,13,14,15,16,17,18,19	5	14	5	R:1.61303	G:1.61303	888G	1.613029112	1.613029112	0.5	endpoint_probability	1.613029112	0.806514556	clade	2	0.5	n_rescaled	q_weighted	legacy_weighted_branch_length		marginal_posterior_product	exploratory_poisson_lrt	ok	posterior_sum	all	full_scan	3	7001	multiprocessing	1	3	0		888	1.0	1.0	0.5005149331	0.9206349206	0.1177121967	R	63	1.0	-0.0	R	52	0.9206349206	0.1177121967	R	63	1.0	-0.0	R	52	10	2	0.2	1.613029112	0.806514556	7,8	40,123	1.9996822028	5	2.3592235755	1.9854118866	0.8692046359	0.0265099335	0.0265099335	1	0	0	legacy_zero_exposure:1	0.0203291895	3	17.8329914137	17.3386401259	3.36907128	0.1381747982	0.1381747982	3	0	0	legacy_zero_exposure:3	75.4314303664	0.1471266089	512.6974033635	0.003887467	0.25	0.2848837	0.2848837	0.2848837	0.75	0.02416529	0.02416529	0.02416529
9	PLACEHOLDER	fg	any2spe	277	no	any	V	0,1,2,3,4,5,6,7,8,9,10,11,12,13,14,15,16,17,18,19	17	0	17	A:1.98925	V:1.98925	278V	1.989250758	1.989250758	0.5	endpoint_probability	1.989250758	0.994625379	clade	2	0.5	n_rescaled	q_weighted	legacy_weighted_branch_length		marginal_posterior_product	exploratory_poisson_lrt	ok	posterior_sum	all	full_scan	3	7001	multiprocessing	1	3	0		278	1.0	1.0	0.5005149331	0.9302325581	0.0844658175	A	43	1.0	-0.0	A	33	0.9302325581	0.0844658175	A	43	1.0	-0.0	A	33	10	2	0.2	1.989250758	0.994625379	2,8	5,123	2.0026903628	5	2.3592235755	1.9854118866	0.8692046359	0.0652484879	0.0652484879	3	0	0	legacy_zero_exposure:3	0.0017999823	9	17.8329914137	17.3386401259	3.36907128	0.2939865967	0.2939865967	41	0	0	legacy_zero_exposure:41	30.6932839053	0.0061226679	5013.0571161818	0.00454733	0.25	0.2848837	0.2848837	0.2848837	0.75	0.02416529	0.02416529	0.02416529
55	PLACEHOLDER	fg	any2spe	586	no	any	K	0,1,2,3,4,5,6,7,8,9,10,11,12,13,14,15,16,17,18,19	8	11	8	N:1.99947	K:1.99947	587K	1.99947	1.99947	0.5	endpoint_probability	1.99947	0.999735	clade	2	0.5	n_rescaled	q_weighted	legacy_weighted_branch_length		marginal_posterior_product	exploratory_poisson_lrt	ok	posterior_sum	all	full_scan	3	7001	multiprocessing	1	3	0		587	1.0	1.0	0.5005149331	0.5538461538	0.451200099	N	65	0.5283018868	0.4449236981	N	53	0.5538461538	0.451200099	N	65	0.5283018868	0.4449236981	N	53	10	2	0.2	1.99947	0.999735	4,6	26,35	1.9995	2	2.3592235755	1.9854118866	0.8692046359	0.0770399081	0.0770399081	0	0	0		0.0043882215	18	17.8329914137	17.3386401259	3.36907128	0.3498454901	0.3498454901	6	0	0	legacy_zero_exposure:6	25.9540807967	0.012543313	2069.1567451531	0.004593032	0.25	0.2848837	0.2848837	0.2848837	0.75	0.02416529	0.02416529	0.02416529
58	PLACEHOLDER	fg	any2spe	617	no	any	C	0,1,2,3,4,5,6,7,8,9,10,11,12,13,14,15,16,17,18,19	1	15	1	S:1.99371	C:1.99371	618C	1.99371	1.99371	0.5	endpoint_probability	1.99371	0.996855	clade	2	0.5	n_rescaled	q_weighted	legacy_weighted_branch_length		marginal_posterior_product	exploratory_poisson_lrt	ok	posterior_sum	all	full_scan	3	7001	multiprocessing	1	3	0		618	1.0	1.0	0.5005149331	0.6615384615	0.3745191487	A	65	0.7169811321	0.2990762221	A	53	0.6615384615	0.3745191487	A	65	0.7169811321	0.2990762221	A	53	10	2	0.2	1.99371	0.996855	4,6	26,35	1.99408	2	2.3592235755	1.9854118866	0.8692046359	0.0122071089	0.0122071089	0	0	0		0.0085258728	8	17.8329914137	17.3386401259	3.36907128	0.0564384809	0.0564384809	6	0	0	legacy_zero_exposure:6	163.3539939551	0.1510648882	1081.3498486914	0.004607843	0.25	0.2848837	0.2848837	0.2848837	0.75	0.02416529	0.02416529	0.02416529
65	PLACEHOLDER	fg	any2spe	634	no	any	L	0,1,2,3,4,5,6,7,8,9,10,11,12,13,14,15,16,17,18,19	9	10	9	M:1.98862	L:1.98862	635L	1.9886173651	1.9886173651	0.5	endpoint_probability	1.9886173651	0.9943086826	clade	2	0.5	n_rescaled	q_weighted	legacy_weighted_branch_length		marginal_posterior_product	exploratory_poisson_lrt	ok	posterior_sum	all	full_scan	3	7001	multiprocessing	1	3	0		635	1.0	1.0	0.5005149331	0.7538461538	0.2259409022	M	65	0.7735849057	0.1785567582	M	53	0.7538461538	0.2259409022	M	65	0.7735849057	0.1785567582	M	53	10	2	0.2	1.9886173651	0.9943086826	5,8	33,123	2.0049472713	5	2.3592235755	1.9854118866	0.8692046359	0.2820931356	0.2820931356	0	0	0		0.0021099406	12	17.8329914137	17.3386401259	3.36907128	1.2179217725	1.2179217725	6	0	0	legacy_zero_exposure:6	7.1073947506	0.0017324106	4102.6040318911	0.004907335	0.25	0.2848837	0.2848837	0.2848837	0.75	0.02416529	0.02416529	0.02416529
76	PLACEHOLDER	fg	any2spe	730	no	any	V	0,1,2,3,4,5,6,7,8,9,10,11,12,13,14,15,16,17,18,19	17	4	17	F:1.75537	V:1.75537	731V	1.7553742875	1.7553742875	0.5	endpoint_probability	1.7553742875	0.8776871438	clade	2	0.5	n_rescaled	q_weighted	legacy_weighted_branch_length		marginal_posterior_product	exploratory_poisson_lrt	ok	posterior_sum	all	full_scan	3	7001	multiprocessing	1	3	0		731	1.0	1.0	0.5005149331	0.8732394366	0.1783143468	F	71	0.9661016949	0.0572610453	F	59	0.8732394366	0.1783143468	F	71	0.9661016949	0.0572610453	F	59	10	2	0.2	1.7553742875	0.8776871438	6,8	35,123	2.0012404911	5	2.3592235755	1.9854118866	0.8692046359	0.0535872126	0.0535872126	0	0	0		0.0008199991	4	17.8329914137	17.3386401259	3.36907128	0.2225871635	0.2225871635	0	0	0		37.3454858417	0.003683946	10137.359617234	0.005247517	0.25	0.2848837	0.2848837	0.2848837	0.75	0.02416529	0.02416529	0.02416529
60	PLACEHOLDER	fg	any2spe	622	no	any	A	0,1,2,3,4,5,6,7,8,9,10,11,12,13,14,15,16,17,18,19	0	17	0	V:1.97332	A:1.97332	623A	1.973317224	1.973317224	0.5	endpoint_probability	1.973317224	0.986658612	clade	2	0.5	n_rescaled	q_weighted	legacy_weighted_branch_length		marginal_posterior_product	exploratory_poisson_lrt	ok	posterior_sum	all	full_scan	3	7001	multiprocessing	1	3	0		623	1.0	1.0	0.5005149331	0.4923076923	0.316268993	I	65	0.5283018868	0.2572870997	I	53	0.4923076923	0.316268993	I	65	0.5283018868	0.2572870997	I	53	10	2	0.2	1.973317224	0.986658612	5,8	33,124	2.019465954	6	2.3592235755	1.9854118866	0.8692046359	0.0540896104	0.0540896104	0	0	0		0.0048698226	9	17.8329914137	17.3386401259	3.36907128	0.2223575318	0.2223575318	6	0	0	legacy_zero_exposure:6	37.3355610669	0.0219008664	1704.7526962116	0.005325352	0.25	0.2848837	0.2848837	0.2848837	0.75	0.02416529	0.02416529	0.02416529
10	PLACEHOLDER	fg	any2spe	281	no	any	R	0,1,2,3,4,5,6,7,8,9,10,11,12,13,14,15,16,17,18,19	14	13	14	Q:1.53549	R:1.53549	282R	1.535489595	1.535489595	0.5	endpoint_probability	1.535489595	0.7677447975	clade	2	0.5	n_rescaled	q_weighted	legacy_weighted_branch_length		marginal_posterior_product	exploratory_poisson_lrt	ok	posterior_sum	all	full_scan	3	7001	multiprocessing	1	3	0		282	1.0	1.0	0.5005149331	0.9302325581	0.0992895605	Q	43	1.0	-0.0	Q	33	0.9302325581	0.0992895605	Q	43	1.0	-0.0	Q	33	10	2	0.2	1.535489595	0.7677447975	1,8	1,123	1.9994258187	4	2.3592235755	1.9854118866	0.8692046359	0.0885525022	0.0885525022	3	0	0	legacy_zero_exposure:3	0.0024897628	9	17.8329914137	17.3386401259	3.36907128	0.3479061188	0.3479061188	41	0	0	legacy_zero_exposure:41	22.5789872621	0.0071564214	3155.0667498399	0.005897583	0.25	0.2848837	0.2848837	0.2848837	0.75	0.02416529	0.02416529	0.02416529
37	PLACEHOLDER	fg	any2spe	523	no	any	N	0,1,2,3,4,5,6,7,8,9,10,11,12,13,14,15,16,17,18,19	11	15	11	S:1.99252	N:1.99252	524N	1.99252	1.99252	0.5	endpoint_probability	1.99252	0.99626	clade	2	0.5	n_rescaled	q_weighted	legacy_weighted_branch_length		marginal_posterior_product	exploratory_poisson_lrt	ok	posterior_sum	all	full_scan	3	7001	multiprocessing	1	3	0		524	1.0	1.0	0.5005149331	0.4769230769	0.5893217752	S	65	0.4528301887	0.5549689752	S	53	0.4769230769	0.5893217752	S	65	0.4528301887	0.5549689752	S	53	10	2	0.2	1.99252	0.99626	2,10	5,103	1.99353	2	2.3592235755	1.9854118866	0.8692046359	0.0226375301	0.0226375301	0	0	0		0.0068599895	10	17.8329914137	17.3386401259	3.36907128	0.0891710378	0.0891710378	6	0	0	legacy_zero_exposure:6	88.0630524482	0.0769306904	1144.7063844943	0.006106818	0.25	0.2848837	0.2848837	0.2848837	0.75	0.02416529	0.02416529	0.02416529
12	PLACEHOLDER	fg	any2spe	318	no	any	T	0,1,2,3,4,5,6,7,8,9,10,11,12,13,14,15,16,17,18,19	16	15	16	S:1.99454	T:1.99454	319T	1.99454	1.99454	0.5	endpoint_probability	1.99454	0.99727	clade	2	0.5	n_rescaled	q_weighted	legacy_weighted_branch_length		marginal_posterior_product	exploratory_poisson_lrt	ok	posterior_sum	all	full_scan	3	7001	multiprocessing	1	3	0		319	1.0	1.0	0.5005149331	0.8260869565	0.2309140331	S	46	0.8888888889	0.1372999123	S	36	0.8260869565	0.2309140331	S	46	0.8888888889	0.1372999123	S	36	10	2	0.2	1.99454	0.99727	2,10	5,103	1.9960899006	4	2.3592235755	1.9854118866	0.8692046359	0.1234864653	0.1234864653	2	0	0	legacy_zero_exposure:2	0.00675951	19	17.8329914137	17.3386401259	3.36907128	0.4840445724	0.4840445724	34	0	0	legacy_zero_exposure:34	16.1644427693	0.0139646437	1157.5263279537	0.006128668	0.25	0.2848837	0.2848837	0.2848837	0.75	0.02416529	0.02416529	0.02416529
67	PLACEHOLDER	fg	any2spe	662	no	any	N	0,1,2,3,4,5,6,7,8,9,10,11,12,13,14,15,16,17,18,19	11	6	11	H:5.92552	N:5.92552	663N	5.9255220332	5.9255220332	0.5	endpoint_probability	5.9255220332	0.9875870055	clade	2	0.5	n_rescaled	q_weighted	legacy_weighted_branch_length		marginal_posterior_product	exploratory_poisson_lrt	ok	posterior_sum	all	full_scan	3	7001	multiprocessing	1	3	0		663	1.0	1.0	0.5005149331	0.5846153846	0.2847502694	H	65	0.679245283	0.2482257126	H	53	0.5846153846	0.2847502694	H	65	0.679245283	0.2482257126	H	53	10	6	0.6	5.9255220332	0.9875870055	1,4,5,6,7,8	1,26,33,35,40,124	6.0924813116	11	2.3592235755	1.9854118866	0.8692046359	0.0459957805	0.0459957805	0	0	0		6.937565452	41	17.8329914137	17.3386401259	3.36907128	0.2254596434	0.2254596434	18	0	0	legacy_zero_exposure:18	132.457396105	30.7707638883	4.3046508883	0.006392161	0.25	0.2848837	0.2848837	0.2848837	0.75	0.02416529	0.02416529	0.02416529
66	PLACEHOLDER	fg	any2spe	659	no	any	G	0,1,2,3,4,5,6,7,8,9,10,11,12,13,14,15,16,17,18,19	5	2	5	D:1.99871	G:1.99871	660G	1.99871	1.99871	0.5	endpoint_probability	1.99871	0.999355	clade	2	0.5	n_rescaled	q_weighted	legacy_weighted_branch_length		marginal_posterior_product	exploratory_poisson_lrt	ok	posterior_sum	all	full_scan	3	7001	multiprocessing	1	3	0		660	1.0	1.0	0.5005149331	0.7384615385	0.2724809024	D	65	0.7547169811	0.236500557	D	53	0.7384615385	0.2724809024	D	65	0.7547169811	0.236500557	D	53	10	2	0.2	1.99871	0.999355	1,6	1,35	1.99928	2	2.3592235755	1.9854118866	0.8692046359	0.0527831226	0.0527831226	0	0	0		0.0007899924	5	17.8329914137	17.3386401259	3.36907128	0.1964800351	0.1964800351	6	0	0	legacy_zero_exposure:6	37.8772589116	0.0040207261	9420.5022227567	0.006411199	0.25	0.2848837	0.2848837	0.2848837	0.75	0.02416529	0.02416529	0.02416529
47	PLACEHOLDER	fg	any2spe	572	no	any	A	0,1,2,3,4,5,6,7,8,9,10,11,12,13,14,15,16,17,18,19	0	12	0	P:1.99848	A:1.99848	573A	1.99848	1.99848	0.5	endpoint_probability	1.99848	0.99924	clade	2	0.5	n_rescaled	q_weighted	legacy_weighted_branch_length		marginal_posterior_product	exploratory_poisson_lrt	ok	posterior_sum	all	full_scan	3	7001	multiprocessing	1	3	0		573	1.0	1.0	0.5005149331	0.8615384615	0.1587274041	P	65	0.8679245283	0.1302897252	P	53	0.8615384615	0.1587274041	P	65	0.8679245283	0.1302897252	P	53	10	2	0.2	1.99848	0.99924	2,10	5,103	1.99857	2	2.3592235755	1.9854118866	0.8692046359	0.1284000015	0.1284000015	0	0	0		0.0015399946	8	17.8329914137	17.3386401259	3.36907128	0.458688075	0.458688075	6	0	0	legacy_zero_exposure:6	15.5651867344	0.0033573897	4636.0977762372	0.006947831	0.25	0.2848837	0.2848837	0.2848837	0.75	0.02427688	0.02427688	0.02427688
52	PLACEHOLDER	fg	any2spe	581	no	any	T	0,1,2,3,4,5,6,7,8,9,10,11,12,13,14,15,16,17,18,19	16	7,17	16	I:0.99995,V:0.99365	T:1.9936	582T	1.9936	1.9936	0.5	endpoint_probability	1.9936	0.9968	clade	2	0.5	n_rescaled	q_weighted	legacy_weighted_branch_length		marginal_posterior_product	exploratory_poisson_lrt	ok	posterior_sum	all	full_scan	3	7001	multiprocessing	1	3	0		582	1.0	1.0	0.5005149331	0.7230769231	0.3144411549	I	65	0.7924528302	0.1915775431	I	53	0.7230769231	0.3144411549	I	65	0.7924528302	0.1915775431	I	53	10	2	0.2	1.9936	0.9968	4,8	26,95	2.0003479542	4	2.3592235755	1.9854118866	0.8692046359	0.0570832144	0.0570832144	0	0	0		0.0014499937	7	17.8329914137	17.3386401259	3.36907128	0.20276426	0.20276426	6	0	0	legacy_zero_exposure:6	35.0426649082	0.0071511306	4900.2971651624	0.006991666	0.5	0.5051546	0.5051546	0.5051546	0.75	0.02427688	0.02427688	0.02427688
22	PLACEHOLDER	fg	any2spe	477	no	any	S	0,1,2,3,4,5,6,7,8,9,10,11,12,13,14,15,16,17,18,19	15	3	15	E:2.90549	S:2.90549	478S	2.90549	2.90549	0.5	endpoint_probability	2.90549	0.9684966667	clade	2	0.5	n_rescaled	q_weighted	legacy_weighted_branch_length		marginal_posterior_product	exploratory_poisson_lrt	ok	posterior_sum	all	full_scan	3	7001	multiprocessing	1	3	0		478	1.0	1.0	0.5005149331	0.7333333333	0.3313867489	E	60	0.7551020408	0.3062750236	E	49	0.7333333333	0.3313867489	E	60	0.7551020408	0.3062750236	E	49	10	3	0.3	2.90549	0.9684966667	2,8,10	5,95,103	2.9775397813	5	2.3592235755	1.9854118866	0.8692046359	0.0400700402	0.0400700402	0	0	0		1.0319273176	17	17.8329914137	17.3386401259	3.36907128	0.1802919913	0.1802919913	12	0	0	legacy_zero_exposure:12	74.308380236	5.7236447963	12.9827029595	0.007183973	0.25	0.2848837	0.2848837	0.2848837	0.75	0.02427688	0.02427688	0.02427688
78	PLACEHOLDER	fg	any2spe	741	no	any	R	0,1,2,3,4,5,6,7,8,9,10,11,12,13,14,15,16,17,18,19	14	9	14	L:1.9996	R:1.9996	742R	1.9996	1.9996	0.5	endpoint_probability	1.9996	0.9998	clade	2	0.5	n_rescaled	q_weighted	legacy_weighted_branch_length		marginal_posterior_product	exploratory_poisson_lrt	ok	posterior_sum	all	full_scan	3	7001	multiprocessing	1	3	0		742	1.0	1.0	0.5005149331	0.6428571429	0.2831995155	L	70	0.6724137931	0.2479151447	L	58	0.6428571429	0.2831995155	L	70	0.6724137931	0.2479151447	L	58	10	2	0.2	1.9996	0.9998	1,4	1,26	1.9996	2	2.3592235755	1.9854118866	0.8692046359	0.0450077439	0.0450077439	0	0	0		0.0004299946	5	17.8329914137	17.3386401259	3.36907128	0.1500776292	0.1500776292	0	0	0		44.4279100699	0.0028651479	15506.3236004632	0.007756107	0.25	0.2848837	0.2848837	0.2848837	0.75	0.02533662	0.02533662	0.02533662
24	PLACEHOLDER	fg	any2spe	500	no	any	K	0,1,2,3,4,5,6,7,8,9,10,11,12,13,14,15,16,17,18,19	8	6,12	8	H:0.99968,P:0.99963	K:1.99931	501K	1.99931	1.99931	0.5	endpoint_probability	1.99931	0.999655	clade	2	0.5	n_rescaled	q_weighted	legacy_weighted_branch_length		marginal_posterior_product	exploratory_poisson_lrt	ok	posterior_sum	all	full_scan	3	7001	multiprocessing	1	3	0		501	1.0	1.0	0.5005149331	0.4769230769	0.5402171828	P	65	0.5094339623	0.5043802024	P	53	0.4769230769	0.5402171828	P	65	0.5094339623	0.5043802024	P	53	10	2	0.2	1.99931	0.999655	6,8	35,90	1.9997599969	3	2.3592235755	1.9854118866	0.8692046359	0.049479736	0.049479736	0	0	0		0.0012499277	10	17.8329914137	17.3386401259	3.36907128	0.1584489297	0.1584489297	6	0	0	legacy_zero_exposure:6	40.4157370154	0.0078885209	5123.3605527281	0.008378851	0.25	0.2848837	0.2848837	0.2848837	1.0	0.02648798	0.02648798	0.02648798
75	PLACEHOLDER	fg	any2spe	728	no	any	V	0,1,2,3,4,5,6,7,8,9,10,11,12,13,14,15,16,17,18,19	17	7	17	I:3.90564	V:3.90564	729V	3.9056379414	3.9056379414	0.5	endpoint_probability	3.9056379414	0.9764094853	clade	2	0.5	n_rescaled	q_weighted	legacy_weighted_branch_length		marginal_posterior_product	exploratory_poisson_lrt	ok	posterior_sum	all	full_scan	3	7001	multiprocessing	1	3	0		729	1.0	1.0	0.5005149331	0.7323943662	0.2766964428	I	71	0.8474576271	0.1936257416	I	59	0.7323943662	0.2766964428	I	71	0.8474576271	0.1936257416	I	59	10	4	0.4	3.9056379414	0.9764094853	4,6,7,8	26,35,40,124	4.187687538	9	2.3592235755	1.9854118866	0.8692046359	0.1813156849	0.1813156849	1	0	0	legacy_zero_exposure:1	5.1391144555	54	17.8329914137	17.3386401259	3.36907128	1.2004312574	1.2004312574	1	0	0	legacy_zero_exposure:1	23.0961129546	4.2810568483	5.3949559123	0.008865184	0.25	0.2848837	0.2848837	0.2848837	1.0	0.02714963	0.02714963	0.02714963
51	PLACEHOLDER	fg	any2spe	581	no	any	M	0,1,2,3,4,5,6,7,8,9,10,11,12,13,14,15,16,17,18,19	10	7	10	I:1.99877	M:1.99877	582M	1.99877	1.99877	0.5	endpoint_probability	1.99877	0.999385	clade	2	0.5	n_rescaled	q_weighted	legacy_weighted_branch_length		marginal_posterior_product	exploratory_poisson_lrt	ok	posterior_sum	all	full_scan	3	7001	multiprocessing	1	3	0		582	1.0	1.0	0.5005149331	0.7230769231	0.3144411549	I	65	0.7924528302	0.1915775431	I	53	0.7230769231	0.3144411549	I	65	0.7924528302	0.1915775431	I	53	10	2	0.2	1.99877	0.999385	5,7	33,40	1.999149984	4	2.3592235755	1.9854118866	0.8692046359	0.0787199003	0.0787199003	0	0	0		0.0021494438	15	17.8329914137	17.3386401259	3.36907128	0.2341996759	0.2341996759	6	0	0	legacy_zero_exposure:6	25.395738273	0.0091778257	2767.0756842132	0.009587882	0.25	0.2848837	0.2848837	0.2848837	1.0	0.0279651	0.0279651	0.0279651
14	PLACEHOLDER	fg	any2spe	362	no	any	L	0,1,2,3,4,5,6,7,8,9,10,11,12,13,14,15,16,17,18,19	9	7	9	I:1.99329	L:1.99329	363L	1.99329	1.99329	0.5	endpoint_probability	1.99329	0.996645	clade	2	0.5	n_rescaled	q_weighted	legacy_weighted_branch_length		marginal_posterior_product	exploratory_poisson_lrt	ok	posterior_sum	all	full_scan	3	7001	multiprocessing	1	3	0		363	1.0	1.0	0.5005149331	0.5217391304	0.279696966	I	46	0.5277777778	0.2308628117	V	36	0.5217391304	0.279696966	I	46	0.5277777778	0.2308628117	V	36	10	2	0.2	1.99329	0.996645	8,10	90,103	1.9967299031	4	2.3592235755	1.9854118866	0.8692046359	0.2041492823	0.2041492823	2	0	0	legacy_zero_exposure:2	0.0039698499	17	17.8329914137	17.3386401259	3.36907128	0.6091080642	0.6091080642	34	0	0	legacy_zero_exposure:34	9.7807343767	0.0065174804	1500.6925532859	0.009702177	0.25	0.2848837	0.2848837	0.2848837	1.0	0.0279651	0.0279651	0.0279651
44	PLACEHOLDER	fg	any2spe	569	no	any	Q	0,1,2,3,4,5,6,7,8,9,10,11,12,13,14,15,16,17,18,19	13	3	13	E:3.92759	Q:3.92759	570Q	3.9275949492	3.9275949492	0.5	endpoint_probability	3.9275949492	0.9818987373	clade	2	0.5	n_rescaled	q_weighted	legacy_weighted_branch_length		marginal_posterior_product	exploratory_poisson_lrt	ok	posterior_sum	all	full_scan	3	7001	multiprocessing	1	3	0		570	1.0	1.0	0.5005149331	0.6923076923	0.2494569061	E	65	0.7735849057	0.2002355967	E	53	0.6923076923	0.2494569061	E	65	0.7735849057	0.2002355967	E	53	10	4	0.4	3.9275949492	0.9818987373	2,4,6,8	5,26,35,124	4.0263083668	8	2.3592235755	1.9854118866	0.8692046359	0.1060996597	0.1060996597	0	0	0		3.1027922212	49	17.8329914137	17.3386401259	3.36907128	0.4875539305	0.4875539305	16	0	0	legacy_zero_exposure:16	37.9483626885	6.3639979647	5.9629753025	0.01051245	0.25	0.2848837	0.2848837	0.2848837	1.0	0.02943487	0.02943487	0.02943487
97	PLACEHOLDER	fg	any2spe	901	no	any	F	0,1,2,3,4,5,6,7,8,9,10,11,12,13,14,15,16,17,18,19	4	1	4	C:1.99955	F:1.99955	902F	1.99955	1.99955	0.5	endpoint_probability	1.99955	0.999775	clade	2	0.5	n_rescaled	q_weighted	legacy_weighted_branch_length		marginal_posterior_product	exploratory_poisson_lrt	ok	posterior_sum	all	full_scan	3	7001	multiprocessing	1	3	0		902	1.0	1.0	0.5005149331	0.8181818182	0.2155256691	C	55	0.9318181818	0.0975751322	C	44	0.8181818182	0.2155256691	C	55	0.9318181818	0.0975751322	C	44	10	2	0.2	1.99955	0.999775	1,2	1,5	2.8644116472	6	2.3592235755	1.9854118866	0.8692046359	0.0415267985	0.0415267985	1	0	0	legacy_zero_exposure:1	1.2400233304	11	17.8329914137	17.3386401259	3.36907128	0.1759529423	0.1759529423	13	0	0	legacy_zero_exposure:13	68.9774254417	7.0474714116	9.7875424267	0.01280662	0.25	0.2848837	0.2848837	0.2848837	1.0	0.03486245	0.03486245	0.03486245
17	PLACEHOLDER	fg	any2spe	418	no	any	K	0,1,2,3,4,5,6,7,8,9,10,11,12,13,14,15,16,17,18,19	8	14	8	R:1.90863	K:1.90863	419K	1.908629384	1.908629384	0.5	endpoint_probability	1.908629384	0.954314692	clade	2	0.5	n_rescaled	q_weighted	legacy_weighted_branch_length		marginal_posterior_product	exploratory_poisson_lrt	ok	posterior_sum	all	full_scan	3	7001	multiprocessing	1	3	0		419	1.0	1.0	0.5005149331	0.8695652174	0.1292546662	R	46	1.0	-0.0	R	36	0.8695652174	0.1292546662	R	46	1.0	-0.0	R	36	10	2	0.2	1.908629384	0.954314692	2,8	5,124	2.0023683758	8	2.3592235755	1.9854118866	0.8692046359	0.1409658014	0.1409658014	2	0	0	legacy_zero_exposure:2	1.0513706313	24	17.8329914137	17.3386401259	3.36907128	0.9620579192	0.9620579192	34	0	0	legacy_zero_exposure:34	14.204639394	1.0928350677	12.9979718016	0.01604015	0.25	0.2848837	0.2848837	0.2848837	1.0	0.04248473	0.04248473	0.04248473
19	PLACEHOLDER	fg	any2spe	441	no	any	F	0,1,2,3,4,5,6,7,8,9,10,11,12,13,14,15,16,17,18,19	4	15	4	S:1.91274	F:1.91274	442F	1.9127401501	1.9127401501	0.5	endpoint_probability	1.9127401501	0.956370075	clade	2	0.5	n_rescaled	q_weighted	legacy_weighted_branch_length		marginal_posterior_product	exploratory_poisson_lrt	ok	posterior_sum	all	full_scan	3	7001	multiprocessing	1	3	0		442	1.0	1.0	0.5005149331	0.8913043478	0.132912789	S	46	0.9444444444	0.0844759507	S	36	0.8913043478	0.132912789	S	46	0.9444444444	0.0844759507	S	36	10	2	0.2	1.9127401501	0.956370075	5,8	33,123	1.9197801106	5	2.3592235755	1.9854118866	0.8692046359	0.0097704129	0.0097704129	2	0	0	legacy_zero_exposure:2	1.0821472984	4	17.8329914137	17.3386401259	3.36907128	0.0706512234	0.0706512234	34	0	0	legacy_zero_exposure:34	196.4891494145	15.3167524414	12.8283818757	0.01745939	0.25	0.2848837	0.2848837	0.2848837	1.0	0.04502685	0.04502685	0.04502685
33	PLACEHOLDER	fg	any2spe	514	no	any	A	0,1,2,3,4,5,6,7,8,9,10,11,12,13,14,15,16,17,18,19	0	16	0	T:3.67469	A:3.67469	515A	3.6746890195	3.6746890195	0.5	endpoint_probability	3.6746890195	0.9186722549	clade	2	0.5	n_rescaled	q_weighted	legacy_weighted_branch_length		marginal_posterior_product	exploratory_poisson_lrt	ok	posterior_sum	all	full_scan	3	7001	multiprocessing	1	3	0		515	1.0	1.0	0.5005149331	0.8461538462	0.1600062166	T	65	0.9245283019	0.0893163635	T	53	0.8461538462	0.1600062166	T	65	0.9245283019	0.0893163635	T	53	10	4	0.4	3.6746890195	0.9186722549	1,5,6,8	1,33,35,123	3.9953587429	7	2.3592235755	1.9854118866	0.8692046359	0.0829760517	0.0829760517	0	0	0		4.0228983977	20	17.8329914137	17.3386401259	3.36907128	0.3802586018	0.3802586018	6	0	0	legacy_zero_exposure:6	48.1507454566	10.5793751365	4.5513789647	0.02004564	0.25	0.2848837	0.2848837	0.2848837	1.0	0.05037109	0.05037109	0.05037109
7	PLACEHOLDER	fg	any2spe	230	no	any	A	0,1,2,3,4,5,6,7,8,9,10,11,12,13,14,15,16,17,18,19	0	16	0	T:1.96638	A:1.96638	231A	1.9663803146	1.9663803146	0.5	endpoint_probability	1.9663803146	0.9831901573	clade	2	0.5	n_rescaled	q_weighted	legacy_weighted_branch_length		marginal_posterior_product	exploratory_poisson_lrt	ok	posterior_sum	all	full_scan	3	7001	multiprocessing	1	3	0		231	1.0	1.0	0.5005149331	0.6976744186	0.3342751533	T	43	0.8181818182	0.2336790653	T	33	0.6976744186	0.3342751533	T	43	0.8181818182	0.2336790653	T	33	10	2	0.2	1.9663803146	0.9831901573	1,8	1,124	2.0288653402	6	2.3592235755	1.9854118866	0.8692046359	0.046745448	0.046745448	3	0	0	legacy_zero_exposure:3	1.228051164	23	17.8329914137	17.3386401259	3.36907128	0.2879297939	0.2879297939	41	0	0	legacy_zero_exposure:41	43.4024151084	4.2651062511	10.1761626917	0.0222062	0.25	0.2848837	0.2848837	0.2848837	1.0	0.05440518	0.05440518	0.05440518
31	PLACEHOLDER	fg	any2spe	512	no	any	I	0,1,2,3,4,5,6,7,8,9,10,11,12,13,14,15,16,17,18,19	7	9	7	L:2.96617	I:2.96617	513I	2.96616823	2.96616823	0.5	endpoint_probability	2.96616823	0.9887227433	clade	2	0.5	n_rescaled	q_weighted	legacy_weighted_branch_length		marginal_posterior_product	exploratory_poisson_lrt	ok	posterior_sum	all	full_scan	3	7001	multiprocessing	1	3	0		513	1.0	1.0	0.5005149331	0.8769230769	0.1547365011	L	65	0.9245283019	0.1155101234	L	53	0.8769230769	0.1547365011	L	65	0.9245283019	0.1155101234	L	53	10	3	0.3	2.96616823	0.9887227433	2,8,10	5,103,123	2.9918170683	6	2.3592235755	1.9854118866	0.8692046359	0.1850837164	0.1850837164	0	0	0		2.0234314361	26	17.8329914137	17.3386401259	3.36907128	0.7260851651	0.7260851651	6	0	0	legacy_zero_exposure:6	16.1646693033	2.7867687339	5.8005061944	0.02733912	0.25	0.2848837	0.2848837	0.2848837	1.0	0.06534716	0.06534716	0.06534716
48	PLACEHOLDER	fg	any2spe	574	no	any	S	0,1,2,3,4,5,6,7,8,9,10,11,12,13,14,15,16,17,18,19	15	0	15	A:1.96791	S:1.96791	575S	1.9679060409	1.9679060409	0.5	endpoint_probability	1.9679060409	0.9839530204	clade	2	0.5	n_rescaled	q_weighted	legacy_weighted_branch_length		marginal_posterior_product	exploratory_poisson_lrt	ok	posterior_sum	all	full_scan	3	7001	multiprocessing	1	3	0		575	1.0	1.0	0.5005149331	0.6307692308	0.3229362731	A	65	0.7358490566	0.2385398589	A	53	0.6307692308	0.3229362731	A	65	0.7358490566	0.2385398589	A	53	10	2	0.2	1.9679060409	0.9839530204	4,8	26,124	2.0408828564	9	2.3592235755	1.9854118866	0.8692046359	0.0825054246	0.0825054246	2	0	0	legacy_zero_exposure:2	2.3906646425	36	17.8329914137	17.3386401259	3.36907128	0.6936502136	0.6936502136	8	0	0	legacy_zero_exposure:8	24.7363475475	3.4464988195	7.1772395242	0.02940214	0.25	0.2848837	0.2848837	0.2848837	1.0	0.06844348	0.06844348	0.06844348
72	PLACEHOLDER	fg	any2spe	719	no	any	A	0,1,2,3,4,5,6,7,8,9,10,11,12,13,14,15,16,17,18,19	0	17	0	V:2.98798	A:2.98798	720A	2.98798	2.98798	0.5	endpoint_probability	2.98798	0.9959933333	clade	2	0.5	n_rescaled	q_weighted	legacy_weighted_branch_length		marginal_posterior_product	exploratory_poisson_lrt	ok	posterior_sum	all	full_scan	3	7001	multiprocessing	1	3	0		720	1.0	1.0	0.5005149331	0.6714285714	0.339679262	V	70	0.6724137931	0.3410564556	V	58	0.6714285714	0.339679262	V	70	0.6724137931	0.3410564556	V	58	10	3	0.3	2.98798	0.9959933333	1,8,9	1,90,101	2.99011996	5	2.3592235755	1.9854118866	0.8692046359	0.1005644597	0.1005644597	0	0	0		3.0122124708	21	17.8329914137	17.3386401259	3.36907128	0.5082774958	0.5082774958	0	0	0		29.733366728	5.9263148494	5.0171763539	0.03003132	0.25	0.2848837	0.2848837	0.2848837	1.0	0.06844348	0.06844348	0.06844348
18	PLACEHOLDER	fg	any2spe	426	no	any	Q	0,1,2,3,4,5,6,7,8,9,10,11,12,13,14,15,16,17,18,19	13	14	13	R:1.98823	Q:1.98823	427Q	1.98823	1.98823	0.5	endpoint_probability	1.98823	0.994115	clade	2	0.5	n_rescaled	q_weighted	legacy_weighted_branch_length		marginal_posterior_product	exploratory_poisson_lrt	ok	posterior_sum	all	full_scan	3	7001	multiprocessing	1	3	0		427	1.0	1.0	0.5005149331	0.6086956522	0.3606656922	R	46	0.6666666667	0.3056048261	R	36	0.6086956522	0.3606656922	R	46	0.6666666667	0.3056048261	R	36	10	2	0.2	1.98823	0.994115	2,10	5,103	1.98834	2	2.3592235755	1.9854118866	0.8692046359	0.115220196	0.115220196	2	0	0	legacy_zero_exposure:2	1.0134588844	20	17.8329914137	17.3386401259	3.36907128	0.5128178502	0.5128178502	34	0	0	legacy_zero_exposure:34	17.2568704952	1.9762550856	8.7321068118	0.03431808	0.25	0.2848837	0.2848837	0.2848837	1.0	0.07643572	0.07643572	0.07643572
35	PLACEHOLDER	fg	any2spe	518	no	any	L	0,1,2,3,4,5,6,7,8,9,10,11,12,13,14,15,16,17,18,19	9	7	9	I:2.99195	L:2.99195	519L	2.99195	2.99195	0.5	endpoint_probability	2.99195	0.9973166667	clade	2	0.5	n_rescaled	q_weighted	legacy_weighted_branch_length		marginal_posterior_product	exploratory_poisson_lrt	ok	posterior_sum	all	full_scan	3	7001	multiprocessing	1	3	0		519	1.0	1.0	0.5005149331	0.6461538462	0.2626432002	I	65	0.6981132075	0.2530727833	I	53	0.6461538462	0.2626432002	I	65	0.6981132075	0.2530727833	I	53	10	3	0.3	2.99195	0.9973166667	2,4,10	5,26,103	2.99245	5	2.3592235755	1.9854118866	0.8692046359	0.1839770842	0.1839770842	4	0	0	legacy_zero_exposure:4	3.0696210866	45	17.8329914137	17.3386401259	3.36907128	0.8691900624	0.8691900624	14	0	0	legacy_zero_exposure:14	16.2653409411	3.5315878764	4.6056735696	0.03641619	0.25	0.2848837	0.2848837	0.2848837	1.0	0.07930636	0.07930636	0.07930636
63	PLACEHOLDER	fg	any2spe	626	no	any	Q	0,1,2,3,4,5,6,7,8,9,10,11,12,13,14,15,16,17,18,19	13	8	13	K:1.99131	Q:1.99131	627Q	1.99131	1.99131	0.5	endpoint_probability	1.99131	0.995655	clade	2	0.5	n_rescaled	q_weighted	legacy_weighted_branch_length		marginal_posterior_product	exploratory_poisson_lrt	ok	posterior_sum	all	full_scan	3	7001	multiprocessing	1	3	0		627	1.0	1.0	0.5005149331	0.8	0.2243693844	K	65	0.7924528302	0.2230942285	K	53	0.8	0.2243693844	K	65	0.7924528302	0.2230942285	K	53	10	2	0.2	1.99131	0.995655	6,10	35,103	1.99168	2	2.3592235755	1.9854118866	0.8692046359	0.0954454059	0.0954454059	0	0	0		1.0109971872	17	17.8329914137	17.3386401259	3.36907128	0.3883831114	0.3883831114	6	0	0	legacy_zero_exposure:6	20.8672170375	2.603092559	8.0163177317	0.03978517	0.25	0.2848837	0.2848837	0.2848837	1.0	0.08475972	0.08475972	0.08475972
88	PLACEHOLDER	fg	any2spe	806	no	any	F	0,1,2,3,4,5,6,7,8,9,10,11,12,13,14,15,16,17,18,19	4	7	4	I:1.56861	F:1.56861	807F	1.568607368	1.568607368	0.5	endpoint_probability	1.568607368	0.784303684	clade	2	0.5	n_rescaled	q_weighted	legacy_weighted_branch_length		marginal_posterior_product	exploratory_poisson_lrt	ok	posterior_sum	all	full_scan	3	7001	multiprocessing	1	3	0		807	1.0	1.0	0.5005149331	0.5942028986	0.3605083554	L	69	0.6140350877	0.3080625353	L	57	0.5942028986	0.3605083554	L	69	0.6140350877	0.3080625353	L	57	10	2	0.2	1.568607368	0.784303684	5,8	33,124	1.6022455339	6	2.3592235755	1.9854118866	0.8692046359	0.0525069255	0.0525069255	0	0	0		1.4129006717	17	17.8329914137	17.3386401259	3.36907128	0.3846700139	0.3846700139	0	0	0		30.5149371818	3.673020045	8.307860237	0.04201546	0.25	0.2848837	0.2848837	0.2848837	1.0	0.08563087	0.08563087	0.08563087
69	PLACEHOLDER	fg	any2spe	687	no	any	S	0,1,2,3,4,5,6,7,8,9,10,11,12,13,14,15,16,17,18,19	15	16	15	T:1.96022	S:1.96022	688S	1.96022	1.96022	0.5	endpoint_probability	1.96022	0.98011	clade	2	0.5	n_rescaled	q_weighted	legacy_weighted_branch_length		marginal_posterior_product	exploratory_poisson_lrt	ok	posterior_sum	all	full_scan	3	7001	multiprocessing	1	3	0		688	1.0	1.0	0.5005149331	0.9565217391	0.0596998985	T	69	0.9824561404	0.0294818676	T	57	0.9565217391	0.0596998985	T	69	0.9824561404	0.0294818676	T	57	10	2	0.2	1.96022	0.98011	6,8	35,95	1.9844078517	4	2.3592235755	1.9854118866	0.8692046359	0.2156504121	0.2156504121	0	0	0		1.0158395286	14	17.8329914137	17.3386401259	3.36907128	0.8507000362	0.8507000362	2	0	0	legacy_zero_exposure:2	9.2019664234	1.1941218824	7.7060529242	0.04262986	0.25	0.2848837	0.2848837	0.2848837	1.0	0.08563087	0.08563087	0.08563087
59	PLACEHOLDER	fg	any2spe	620	no	any	Q	0,1,2,3,4,5,6,7,8,9,10,11,12,13,14,15,16,17,18,19	13	3	13	E:1.99612	Q:1.99612	621Q	1.99612	1.99612	0.5	endpoint_probability	1.99612	0.99806	clade	2	0.5	n_rescaled	q_weighted	legacy_weighted_branch_length		marginal_posterior_product	exploratory_poisson_lrt	ok	posterior_sum	all	full_scan	3	7001	multiprocessing	1	3	0		621	1.0	1.0	0.5005149331	0.8769230769	0.1645429772	E	65	0.9245283019	0.1034833131	E	53	0.8769230769	0.1645429772	E	65	0.9245283019	0.1034833131	E	53	10	2	0.2	1.99612	0.99806	2,7	5,40	1.9963999984	4	2.3592235755	1.9854118866	0.8692046359	0.1495637536	0.1495637536	0	0	0		1.0058134276	28	17.8329914137	17.3386401259	3.36907128	0.56089414	0.56089414	6	0	0	legacy_zero_exposure:6	13.3481538846	1.7932321911	7.443628299	0.04517485	0.25	0.2848837	0.2848837	0.2848837	1.0	0.08563087	0.08563087	0.08563087
43	PLACEHOLDER	fg	any2spe	569	no	any	K	0,1,2,3,4,5,6,7,8,9,10,11,12,13,14,15,16,17,18,19	8	3	8	E:1.98897	K:1.98897	570K	1.98897	1.98897	0.5	endpoint_probability	1.98897	0.994485	clade	2	0.5	n_rescaled	q_weighted	legacy_weighted_branch_length		marginal_posterior_product	exploratory_poisson_lrt	ok	posterior_sum	all	full_scan	3	7001	multiprocessing	1	3	0		570	1.0	1.0	0.5005149331	0.6923076923	0.2494569061	E	65	0.7735849057	0.2002355967	E	53	0.6923076923	0.2494569061	E	65	0.7735849057	0.2002355967	E	53	10	2	0.2	1.98897	0.994485	5,10	33,103	1.9943099973	3	2.3592235755	1.9854118866	0.8692046359	0.1097373725	0.1097373725	0	0	0		1.0071389538	24	17.8329914137	17.3386401259	3.36907128	0.4118224674	0.4118224674	6	0	0	legacy_zero_exposure:6	18.1734804873	2.4455658287	7.4311966066	0.04532075	0.25	0.2848837	0.2848837	0.2848837	1.0	0.08563087	0.08563087	0.08563087
1	PLACEHOLDER	fg	any2spe	7	no	any	V	0,1,2,3,4,5,6,7,8,9,10,11,12,13,14,15,16,17,18,19	17	9	17	L:2.99293	V:2.99293	8V	2.99293	2.99293	0.5	endpoint_probability	2.99293	0.9976433333	clade	2	0.5	n_rescaled	q_weighted	legacy_weighted_branch_length		marginal_posterior_product	exploratory_poisson_lrt	ok	posterior_sum	all	full_scan	3	7001	multiprocessing	1	3	0		8	1.0	1.0	0.5005149331	0.4054054054	0.5759898945	L	37	0.4827586207	0.5491130981	L	29	0.4054054054	0.5759898945	L	37	0.4827586207	0.5491130981	L	29	10	3	0.3	2.99293	0.9976433333	1,2,7	1,5,40	3.20411426	5	2.3592235755	1.9854118866	0.8692046359	0.0361206665	0.0361206665	6	0	0	legacy_zero_exposure:6	3.7006675287	32	17.8329914137	17.3386401259	3.36907128	0.161462441	0.161462441	50	0	0	legacy_zero_exposure:50	88.7058453886	22.9196803066	3.8702915661	0.04576159	0.25	0.2848837	0.2848837	0.2848837	1.0	0.08563087	0.08563087	0.08563087
70	PLACEHOLDER	fg	any2spe	712	no	any	T	0,1,2,3,4,5,6,7,8,9,10,11,12,13,14,15,16,17,18,19	16	0	16	A:1.99077	T:1.99077	713T	1.99077	1.99077	0.5	endpoint_probability	1.99077	0.995385	clade	2	0.5	n_rescaled	q_weighted	legacy_weighted_branch_length		marginal_posterior_product	exploratory_poisson_lrt	ok	posterior_sum	all	full_scan	3	7001	multiprocessing	1	3	0		713	1.0	1.0	0.5005149331	0.6231884058	0.4447592777	A	69	0.6315789474	0.4353077256	A	57	0.6231884058	0.4447592777	A	69	0.6315789474	0.4353077256	A	57	10	2	0.2	1.99077	0.995385	3,10	12,103	1.991069999	4	2.3592235755	1.9854118866	0.8692046359	0.0800838711	0.0800838711	0	0	0		1.0150964018	22	17.8329914137	17.3386401259	3.36907128	0.2972069793	0.2972069793	2	0	0	legacy_zero_exposure:2	24.8623096232	3.4154527737	7.279359801	0.04678944	0.25	0.2848837	0.2848837	0.2848837	1.0	0.08563087	0.08563087	0.08563087
95	PLACEHOLDER	fg	any2spe	877	no	any	I	0,1,2,3,4,5,6,7,8,9,10,11,12,13,14,15,16,17,18,19	7	9	7	L:2.99534	I:2.99534	878I	2.99534	2.99534	0.5	endpoint_probability	2.99534	0.9984466667	clade	2	0.5	n_rescaled	q_weighted	legacy_weighted_branch_length		marginal_posterior_product	exploratory_poisson_lrt	ok	posterior_sum	all	full_scan	3	7001	multiprocessing	1	3	0		878	1.0	1.0	0.5005149331	0.671641791	0.2889981084	L	67	0.7818181818	0.2245810569	L	55	0.671641791	0.2889981084	L	67	0.7818181818	0.2245810569	L	55	10	3	0.3	2.99534	0.9984466667	1,4,6	1,26,35	3.0001196881	9	2.3592235755	1.9854118866	0.8692046359	0.1204994993	0.1204994993	2	0	0	legacy_zero_exposure:2	5.2369802403	48	17.8329914137	17.3386401259	3.36907128	0.7886540589	0.7886540589	2	0	0	legacy_zero_exposure:2	24.8973622759	6.6404023173	3.7493755779	0.04680891	0.25	0.2848837	0.2848837	0.2848837	1.0	0.08563087	0.08563087	0.08563087
42	PLACEHOLDER	fg	any2spe	564	no	any	R	0,1,2,3,4,5,6,7,8,9,10,11,12,13,14,15,16,17,18,19	14	8	14	K:1.97147	R:1.97147	565R	1.9714735604	1.9714735604	0.5	endpoint_probability	1.9714735604	0.9857367802	clade	2	0.5	n_rescaled	q_weighted	legacy_weighted_branch_length		marginal_posterior_product	exploratory_poisson_lrt	ok	posterior_sum	all	full_scan	3	7001	multiprocessing	1	3	0		565	1.0	1.0	0.5005149331	0.9230769231	0.0905252367	K	65	0.9622641509	0.0536364893	K	53	0.9230769231	0.0905252367	K	65	0.9622641509	0.0536364893	K	53	10	2	0.2	1.9714735604	0.9857367802	5,8	33,123	2.0085910382	5	2.3592235755	1.9854118866	0.8692046359	0.2734688745	0.2734688745	0	0	0		1.0870974591	36	17.8329914137	17.3386401259	3.36907128	1.0399127494	1.0399127494	6	0	0	legacy_zero_exposure:6	7.34486161	1.0453737198	7.0260629962	0.04718436	0.25	0.2848837	0.2848837	0.2848837	1.0	0.08563087	0.08563087	0.08563087
34	PLACEHOLDER	fg	any2spe	516	no	any	R	0,1,2,3,4,5,6,7,8,9,10,11,12,13,14,15,16,17,18,19	14	6	14	H:1.99748	R:1.99748	517R	1.99748	1.99748	0.5	endpoint_probability	1.99748	0.99874	clade	2	0.5	n_rescaled	q_weighted	legacy_weighted_branch_length		marginal_posterior_product	exploratory_poisson_lrt	ok	posterior_sum	all	full_scan	3	7001	multiprocessing	1	3	0		517	1.0	1.0	0.5005149331	0.5692307692	0.4074011108	H	65	0.5471698113	0.4192193447	H	53	0.5692307692	0.4074011108	H	65	0.5471698113	0.4192193447	H	53	10	2	0.2	1.99748	0.99874	2,10	5,103	2.5115538736	5	2.3592235755	1.9854118866	0.8692046359	0.0891234152	0.0891234152	0	0	0		2.0244770613	29	17.8329914137	17.3386401259	3.36907128	0.3569774284	0.3569774284	18	0	0	legacy_zero_exposure:18	28.1806287037	5.6711626565	4.9691095831	0.04843422	0.25	0.2848837	0.2848837	0.2848837	1.0	0.08630097	0.08630097	0.08630097
26	PLACEHOLDER	fg	any2spe	504	no	any	M	0,1,2,3,4,5,6,7,8,9,10,11,12,13,14,15,16,17,18,19	10	8,13	10	K:1.98665,Q:0.99653	M:2.98318	505M	2.98318	2.98318	0.5	endpoint_probability	2.98318	0.9943933333	clade	2	0.5	n_rescaled	q_weighted	legacy_weighted_branch_length		marginal_posterior_product	exploratory_poisson_lrt	ok	posterior_sum	all	full_scan	3	7001	multiprocessing	1	3	0		505	1.0	1.0	0.5005149331	0.4307692308	0.4017308391	K	65	0.4528301887	0.3904319122	K	53	0.4307692308	0.4017308391	K	65	0.4528301887	0.3904319122	K	53	10	3	0.3	2.98318	0.9943933333	2,8,10	5,95,103	2.9907499681	4	2.3592235755	1.9854118866	0.8692046359	0.0246816787	0.0246816787	0	0	0		2.009399752	17	17.8329914137	17.3386401259	3.36907128	0.0735734001	0.0735734001	6	0	0	legacy_zero_exposure:6	121.1728751152	27.3114977506	4.4366982808	0.05054606	0.25	0.2848837	0.2848837	0.2848837	1.0	0.08838102	0.08838102	0.08838102
20	PLACEHOLDER	fg	any2spe	461	no	any	E	0,1,2,3,4,5,6,7,8,9,10,11,12,13,14,15,16,17,18,19	3	2	3	D:1.98494	E:1.98494	462E	1.98494	1.98494	0.5	endpoint_probability	1.98494	0.99247	clade	2	0.5	n_rescaled	q_weighted	legacy_weighted_branch_length		marginal_posterior_product	exploratory_poisson_lrt	ok	posterior_sum	all	full_scan	3	7001	multiprocessing	1	3	0		462	1.0	1.0	0.5005149331	0.9333333333	0.0942737904	D	60	0.9591836735	0.0663682732	D	49	0.9333333333	0.0942737904	D	60	0.9591836735	0.0663682732	D	49	10	2	0.2	1.98494	0.99247	2,7	5,40	1.98498	2	2.3592235755	1.9854118866	0.8692046359	0.378135845	0.378135845	0	0	0		1.0172992298	23	17.8329914137	17.3386401259	3.36907128	1.3352824832	1.3352824832	12	0	0	legacy_zero_exposure:12	5.2493833267	0.7618606869	6.8902142047	0.05140529	0.25	0.2848837	0.2848837	0.2848837	1.0	0.08838102	0.08838102	0.08838102
49	PLACEHOLDER	fg	any2spe	575	no	any	I	0,1,2,3,4,5,6,7,8,9,10,11,12,13,14,15,16,17,18,19	7	17	7	V:1.97819	I:1.97819	576I	1.97819	1.97819	0.5	endpoint_probability	1.97819	0.989095	clade	2	0.5	n_rescaled	q_weighted	legacy_weighted_branch_length		marginal_posterior_product	exploratory_poisson_lrt	ok	posterior_sum	all	full_scan	3	7001	multiprocessing	1	3	0		576	1.0	1.0	0.5005149331	0.4615384615	0.3916848369	V	65	0.4339622642	0.3799467785	V	53	0.4615384615	0.3916848369	V	65	0.4339622642	0.3799467785	V	53	10	2	0.2	1.97819	0.989095	3,8	12,90	1.98028	3	2.3592235755	1.9854118866	0.8692046359	0.2237854011	0.2237854011	0	0	0		1.0833931333	40	17.8329914137	17.3386401259	3.36907128	0.7654274482	0.7654274482	6	0	0	legacy_zero_exposure:6	8.8490133418	1.4154093061	6.2519112342	0.05834135	0.25	0.2848837	0.2848837	0.2848837	1.0	0.09857676	0.09857676	0.09857676
4	PLACEHOLDER	fg	any2spe	83	no	any	L	0,1,2,3,4,5,6,7,8,9,10,11,12,13,14,15,16,17,18,19	9	10,17	9	V:0.99978,M:0.99725	L:1.99703	84L	1.99703	1.99703	0.5	endpoint_probability	1.99703	0.998515	clade	2	0.5	n_rescaled	q_weighted	legacy_weighted_branch_length		marginal_posterior_product	exploratory_poisson_lrt	ok	posterior_sum	all	full_scan	3	7001	multiprocessing	1	3	0		84	1.0	1.0	0.5005149331	0.358974359	0.4959350194	V	39	0.4193548387	0.4710400747	V	31	0.358974359	0.4959350194	V	39	0.4193548387	0.4710400747	V	31	10	2	0.2	1.99703	0.998515	2,7	5,40	1.99713	2	2.3592235755	1.9854118866	0.8692046359	0.094007418	0.094007418	5	0	0	legacy_zero_exposure:5	2.0592860516	22	17.8329914137	17.3386401259	3.36907128	0.4922324358	0.4922324358	49	0	0	legacy_zero_exposure:49	21.2443873283	4.1835643122	5.0780592201	0.06034605	0.25	0.2848837	0.2848837	0.2848837	1.0	0.1002358	0.1002358	0.1002358
83	PLACEHOLDER	fg	any2spe	763	no	any	G	0,1,2,3,4,5,6,7,8,9,10,11,12,13,14,15,16,17,18,19	5	15	5	S:1.9996	G:1.9996	764G	1.9996	1.9996	0.5	endpoint_probability	1.9996	0.9998	clade	2	0.5	n_rescaled	q_weighted	legacy_weighted_branch_length		marginal_posterior_product	exploratory_poisson_lrt	ok	posterior_sum	all	full_scan	3	7001	multiprocessing	1	3	0		764	1.0	1.0	0.5005149331	0.7	0.2993729399	S	70	0.7586206897	0.2753344148	S	58	0.7	0.2993729399	S	70	0.7586206897	0.2753344148	S	58	10	2	0.2	1.9996	0.9998	2,4	5,26	2.0885365546	8	2.3592235755	1.9854118866	0.8692046359	0.0568412802	0.0568412802	0	0	0		2.2279955563	15	17.8329914137	17.3386401259	3.36907128	0.2896182626	0.2896182626	12	0	0	legacy_zero_exposure:12	36.7433060469	7.6928696982	4.7762808273	0.06187842	0.25	0.2848837	0.2848837	0.2848837	1.0	0.1010681	0.1010681	0.1010681
84	PLACEHOLDER	fg	any2spe	768	no	any	T	0,1,2,3,4,5,6,7,8,9,10,11,12,13,14,15,16,17,18,19	16	15	16	S:2.99255	T:2.99255	769T	2.9925452688	2.9925452688	0.5	endpoint_probability	2.9925452688	0.9975150896	clade	2	0.5	n_rescaled	q_weighted	legacy_weighted_branch_length		marginal_posterior_product	exploratory_poisson_lrt	ok	posterior_sum	all	full_scan	3	7001	multiprocessing	1	3	0		769	1.0	1.0	0.5005149331	0.8571428571	0.1524023849	S	70	0.8965517241	0.1265814031	S	58	0.8571428571	0.1524023849	S	70	0.8965517241	0.1265814031	S	58	10	3	0.3	2.9925452688	0.9975150896	2,4,8	5,26,123	3.0011351976	6	2.3592235755	1.9854118866	0.8692046359	0.1526203057	0.1526203057	0	0	0		4.0033889577	28	17.8329914137	17.3386401259	3.36907128	0.6927129407	0.6927129407	0	0	0		19.6640622868	5.7792899804	3.4025048671	0.06458736	0.25	0.2848837	0.2848837	0.2848837	1.0	0.1017582	0.1017582	0.1017582
28	PLACEHOLDER	fg	any2spe	506	no	any	Y	0,1,2,3,4,5,6,7,8,9,10,11,12,13,14,15,16,17,18,19	19	3	19	E:1.77656	Y:1.77656	507Y	1.77656	1.77656	0.5	endpoint_probability	1.77656	0.88828	clade	2	0.5	n_rescaled	q_weighted	legacy_weighted_branch_length		marginal_posterior_product	exploratory_poisson_lrt	ok	posterior_sum	all	full_scan	3	7001	multiprocessing	1	3	0		507	1.0	1.0	0.5005149331	0.7230769231	0.2574718926	E	65	0.7547169811	0.2298454962	E	53	0.7230769231	0.2574718926	E	65	0.7547169811	0.2298454962	E	53	10	2	0.2	1.77656	0.88828	2,10	5,103	1.77728	2	2.3592235755	1.9854118866	0.8692046359	0.0073813385	0.0073813385	0	0	0		1.1733549366	8	17.8329914137	17.3386401259	3.36907128	0.0296706104	0.0296706104	6	0	0	legacy_zero_exposure:6	240.7801772202	39.5460329073	6.0886050893	0.06509662	0.25	0.2848837	0.2848837	0.2848837	1.0	0.1017582	0.1017582	0.1017582
21	PLACEHOLDER	fg	any2spe	463	no	any	I	0,1,2,3,4,5,6,7,8,9,10,11,12,13,14,15,16,17,18,19	7	9	7	L:1.94332	I:1.94332	464I	1.9433150863	1.9433150863	0.5	endpoint_probability	1.9433150863	0.9716575431	clade	2	0.5	n_rescaled	q_weighted	legacy_weighted_branch_length		marginal_posterior_product	exploratory_poisson_lrt	ok	posterior_sum	all	full_scan	3	7001	multiprocessing	1	3	0		464	1.0	1.0	0.5005149331	0.5166666667	0.3363316772	L	60	0.5918367347	0.2963174137	L	49	0.5166666667	0.3363316772	L	60	0.5918367347	0.2963174137	L	49	10	2	0.2	1.9433150863	0.9716575431	4,8	26,124	2.0438661197	6	2.3592235755	1.9854118866	0.8692046359	0.1277052046	0.1277052046	0	0	0		2.0323539203	35	17.8329914137	17.3386401259	3.36907128	0.608093175	0.608093175	12	0	0	legacy_zero_exposure:12	16.0045639964	3.3421751862	4.7886669922	0.06541599	0.5	0.5051546	0.5051546	0.5051546	1.0	0.1017582	0.1017582	0.1017582
53	PLACEHOLDER	fg	any2spe	585	no	any	I	0,1,2,3,4,5,6,7,8,9,10,11,12,13,14,15,16,17,18,19	7	10,14	7	R:0.99997,M:0.99438	I:1.99435	586I	1.99435	1.99435	0.5	endpoint_probability	1.99435	0.997175	clade	2	0.5	n_rescaled	q_weighted	legacy_weighted_branch_length		marginal_posterior_product	exploratory_poisson_lrt	ok	posterior_sum	all	full_scan	3	7001	multiprocessing	1	3	0		586	1.0	1.0	0.5005149331	0.4153846154	0.4596055273	R	65	0.4150943396	0.4401214455	R	53	0.4153846154	0.4596055273	R	65	0.4150943396	0.4401214455	R	53	10	2	0.2	1.99435	0.997175	4,8	26,95	1.9999898934	4	2.3592235755	1.9854118866	0.8692046359	0.0508898625	0.0508898625	0	0	0		1.0127399565	16	17.8329914137	17.3386401259	3.36907128	0.1494857053	0.1494857053	6	0	0	legacy_zero_exposure:6	39.3003595216	6.7748280997	5.800938259	0.06773914	0.5	0.5051546	0.5051546	0.5051546	1.0	0.1028305	0.1028305	0.1028305
64	PLACEHOLDER	fg	any2spe	627	no	any	K	0,1,2,3,4,5,6,7,8,9,10,11,12,13,14,15,16,17,18,19	8	3,13,14	8	Q:1.99568,R:0.99399,E:0.99022	K:3.97989	628K	3.97989	3.97989	0.5	endpoint_probability	3.97989	0.9949725	clade	2	0.5	n_rescaled	q_weighted	legacy_weighted_branch_length		marginal_posterior_product	exploratory_poisson_lrt	ok	posterior_sum	all	full_scan	3	7001	multiprocessing	1	3	0		628	1.0	1.0	0.5005149331	0.2769230769	0.5648104453	E	65	0.3018867925	0.5707839096	Q	53	0.2769230769	0.5648104453	E	65	0.3018867925	0.5707839096	Q	53	10	4	0.4	3.97989	0.9949725	4,6,8,10	26,35,95,103	3.9864999403	6	2.3592235755	1.9854118866	0.8692046359	0.1464097183	0.1464097183	0	0	0		4.1443673113	39	17.8329914137	17.3386401259	3.36907128	0.4447769109	0.4447769109	6	0	0	legacy_zero_exposure:6	27.2283833817	9.3178562315	2.9221725153	0.06820392	0.25	0.2848837	0.2848837	0.2848837	1.0	0.1028305	0.1028305	0.1028305
46	PLACEHOLDER	fg	any2spe	570	no	any	S	0,1,2,3,4,5,6,7,8,9,10,11,12,13,14,15,16,17,18,19	15	0	15	A:2.12482	S:2.12482	571S	2.12482	2.12482	0.5	endpoint_probability	1.44705	0.723525	clade	2	0.5	n_rescaled	q_weighted	legacy_weighted_branch_length		marginal_posterior_product	exploratory_poisson_lrt	ok	posterior_sum	all	full_scan	3	7001	multiprocessing	1	3	0		571	1.0	1.0	0.5005149331	0.6	0.4427778942	A	65	0.679245283	0.3713232308	A	53	0.6	0.4427778942	A	65	0.679245283	0.3713232308	A	53	10	2	0.2	1.44705	0.723525	2,8	5,90,122	2.6795310043	7	2.3592235755	1.9854118866	0.8692046359	0.1145886687	0.1145886687	0	0	0		4.4363998746	38	17.8329914137	17.3386401259	3.36907128	0.6347062239	0.6347062239	6	0	0	legacy_zero_exposure:6	23.3839090319	6.9896902026	3.3454857589	0.07320402	0.25	0.2848837	0.2848837	0.2848837	1.0	0.1086969	0.1086969	0.1086969
11	PLACEHOLDER	fg	any2spe	305	no	any	V	0,1,2,3,4,5,6,7,8,9,10,11,12,13,14,15,16,17,18,19	17	1	17	C:1.70239	V:1.70239	306V	1.70239	1.70239	0.5	endpoint_probability	1.70239	0.851195	clade	2	0.5	n_rescaled	q_weighted	legacy_weighted_branch_length		marginal_posterior_product	exploratory_poisson_lrt	ok	posterior_sum	all	full_scan	3	7001	multiprocessing	1	3	0		306	1.0	1.0	0.5005149331	0.9111111111	0.1001289585	C	45	1.0	-0.0	C	35	0.9111111111	0.1001289585	C	45	1.0	-0.0	C	35	10	2	0.2	1.70239	0.851195	2,10	5,103	1.70423	4	2.3592235755	1.9854118866	0.8692046359	0.0746265622	0.0746265622	2	0	0	legacy_zero_exposure:2	1.208926794	7	17.8329914137	17.3386401259	3.36907128	0.2927256023	0.2927256023	36	0	0	legacy_zero_exposure:36	22.8367748759	4.1298977074	5.5296224008	0.0772283	0.25	0.2848837	0.2848837	0.2848837	1.0	0.1129608	0.1129608	0.1129608
73	PLACEHOLDER	fg	any2spe	719	no	any	V	0,1,2,3,4,5,6,7,8,9,10,11,12,13,14,15,16,17,18,19	17	7	17	I:1.99407	V:1.99407	720V	1.99407	1.99407	0.5	endpoint_probability	1.99407	0.997035	clade	2	0.5	n_rescaled	q_weighted	legacy_weighted_branch_length		marginal_posterior_product	exploratory_poisson_lrt	ok	posterior_sum	all	full_scan	3	7001	multiprocessing	1	3	0		720	1.0	1.0	0.5005149331	0.6714285714	0.339679262	V	70	0.6724137931	0.3410564556	V	58	0.6714285714	0.339679262	V	70	0.6724137931	0.3410564556	V	58	10	2	0.2	1.99407	0.997035	4,6	26,35	2.0052499792	7	2.3592235755	1.9854118866	0.8692046359	0.1026325694	0.1026325694	3	0	0	legacy_zero_exposure:3	0.2214280848	73	17.8329914137	17.3386401259	3.36907128	0.100620583	0.100620583	27	0	0	legacy_zero_exposure:27	19.5381445796	2.2006241497	8.8784559518	0.1022826	0.25	0.2848837	0.2848837	0.2848837	1.0	0.1453599	0.1453599	0.1453599
25	PLACEHOLDER	fg	any2spe	502	no	any	L	0,1,2,3,4,5,6,7,8,9,10,11,12,13,14,15,16,17,18,19	9	4	9	F:1.99507	L:1.99507	503L	1.99507	1.99507	0.5	endpoint_probability	1.99507	0.997535	clade	2	0.5	n_rescaled	q_weighted	legacy_weighted_branch_length		marginal_posterior_product	exploratory_poisson_lrt	ok	posterior_sum	all	full_scan	3	7001	multiprocessing	1	3	0		503	1.0	1.0	0.5005149331	0.8769230769	0.1399934037	L	65	0.8867924528	0.1178908364	L	53	0.8769230769	0.1399934037	L	65	0.8867924528	0.1178908364	L	53	10	2	0.2	1.99507	0.997535	4,6	26,35	2.0489808198	6	2.3592235755	1.9854118866	0.8692046359	0.0934341052	0.0934341052	6	0	0	legacy_zero_exposure:6	0.0386548716	32	17.8329914137	17.3386401259	3.36907128	0.0550513647	0.0550513647	80	0	0	legacy_zero_exposure:80	21.9296884635	0.7021600976	31.2317497664	0.1036614	0.25	0.2848837	0.2848837	0.2848837	1.0	0.1453599	0.1453599	0.1453599
41	PLACEHOLDER	fg	any2spe	552	no	any	I	0,1,2,3,4,5,6,7,8,9,10,11,12,13,14,15,16,17,18,19	7	17	7	V:2.99159	I:2.99159	553I	2.99159	2.99159	0.5	endpoint_probability	2.99159	0.9971966667	clade	2	0.5	n_rescaled	q_weighted	legacy_weighted_branch_length		marginal_posterior_product	exploratory_poisson_lrt	ok	posterior_sum	all	full_scan	3	7001	multiprocessing	1	3	0		553	1.0	1.0	0.5005149331	0.7846153846	0.1739154215	V	65	0.8679245283	0.1302897252	V	53	0.7846153846	0.1739154215	V	65	0.8679245283	0.1302897252	V	53	10	3	0.3	2.99159	0.9971966667	4,7,8	26,40,95	3.2134099607	7	2.3592235755	1.9854118866	0.8692046359	0.1969700221	0.1969700221	2	0	0	legacy_zero_exposure:2	5.4095429201	45	17.8329914137	17.3386401259	3.36907128	0.8458695907	0.8458695907	6	0	0	legacy_zero_exposure:6	16.3142082525	6.3952445859	2.5509905108	0.1038285	0.25	0.2848837	0.2848837	0.2848837	1.0	0.1453599	0.1453599	0.1453599
79	PLACEHOLDER	fg	any2spe	746	no	any	T	0,1,2,3,4,5,6,7,8,9,10,11,12,13,14,15,16,17,18,19	16	9	16	L:1.99678	T:1.99678	747T	1.99678	1.99678	0.5	endpoint_probability	1.99678	0.99839	clade	2	0.5	n_rescaled	q_weighted	legacy_weighted_branch_length		marginal_posterior_product	exploratory_poisson_lrt	ok	posterior_sum	all	full_scan	3	7001	multiprocessing	1	3	0		747	1.0	1.0	0.5005149331	0.4857142857	0.3221780869	L	70	0.4827586207	0.3249808749	L	58	0.4857142857	0.3221780869	L	70	0.4827586207	0.3249808749	L	58	10	2	0.2	1.99678	0.99839	6,10	35,103	1.99918	4	2.3592235755	1.9854118866	0.8692046359	0.0117805652	0.0117805652	3	0	0	legacy_zero_exposure:3	3.8954404486	26	17.8329914137	17.3386401259	3.36907128	0.0733079418	0.0733079418	31	0	0	legacy_zero_exposure:31	169.7015356646	53.1380414435	3.1935978643	0.1091084	0.25	0.2848837	0.2848837	0.2848837	1.0	0.1506003	0.1506003	0.1506003
16	PLACEHOLDER	fg	any2spe	391	no	any	A	0,1,2,3,4,5,6,7,8,9,10,11,12,13,14,15,16,17,18,19	0	15,16	0	S:0.99363,T:0.983335	A:1.97697	392A	1.9769653829	1.9769653829	0.5	endpoint_probability	1.9769653829	0.9884826915	clade	2	0.5	n_rescaled	q_weighted	legacy_weighted_branch_length		marginal_posterior_product	exploratory_poisson_lrt	ok	posterior_sum	all	full_scan	3	7001	multiprocessing	1	3	0		392	1.0	1.0	0.5005149331	0.4782608696	0.3637912863	S	46	0.4722222222	0.3407361717	S	36	0.4782608696	0.3637912863	S	46	0.4722222222	0.3407361717	S	36	10	2	0.2	1.9769653829	0.9884826915	2,8	5,123	2.0079123534	5	2.3592235755	1.9854118866	0.8692046359	0.099584862	0.099584862	2	0	0	legacy_zero_exposure:2	2.0802412131	43	17.8329914137	17.3386401259	3.36907128	0.3497684078	0.3497684078	36	0	0	legacy_zero_exposure:36	20.1628270959	5.9474817247	3.3901452798	0.1161031	0.25	0.2848837	0.2848837	0.2848837	1.0	0.1580292	0.1580292	0.1580292
29	PLACEHOLDER	fg	any2spe	508	no	any	V	0,1,2,3,4,5,6,7,8,9,10,11,12,13,14,15,16,17,18,19	17	7	17	I:2.98745	V:2.98745	509V	2.98745	2.98745	0.5	endpoint_probability	2.98745	0.9958166667	clade	2	0.5	n_rescaled	q_weighted	legacy_weighted_branch_length		marginal_posterior_product	exploratory_poisson_lrt	ok	posterior_sum	all	full_scan	3	7001	multiprocessing	1	3	0		509	1.0	1.0	0.5005149331	0.6153846154	0.2788574432	I	65	0.6037735849	0.2885369954	I	53	0.6153846154	0.2788574432	I	65	0.6037735849	0.2885369954	I	53	10	3	0.3	2.98745	0.9958166667	2,5,10	5,33,103	2.9893850877	6	2.3592235755	1.9854118866	0.8692046359	0.2877200515	0.2877200515	0	0	0		4.0607639224	50	17.8329914137	17.3386401259	3.36907128	0.9633350816	0.9633350816	22	0	0	legacy_zero_exposure:22	10.3899087757	4.2153182211	2.4647982028	0.127136	0.25	0.2848837	0.2848837	0.2848837	1.0	0.1706757	0.1706757	0.1706757
92	PLACEHOLDER	fg	any2spe	865	no	any	Q	0,1,2,3,4,5,6,7,8,9,10,11,12,13,14,15,16,17,18,19	13	8	13	K:1.99748	Q:1.99748	866Q	1.99748	1.99748	0.5	endpoint_probability	1.99748	0.99874	clade	2	0.5	n_rescaled	q_weighted	legacy_weighted_branch_length		marginal_posterior_product	exploratory_poisson_lrt	ok	posterior_sum	all	full_scan	3	7001	multiprocessing	1	3	0		866	1.0	1.0	0.5005149331	0.6865671642	0.2723261393	K	67	0.7090909091	0.2597257521	K	55	0.6865671642	0.2723261393	K	67	0.7090909091	0.2597257521	K	55	10	2	0.2	1.99748	0.99874	1,2	1,5	2.0095182822	6	2.3592235755	1.9854118866	0.8692046359	0.0639267156	0.0639267156	0	0	0		3.1067875803	32	17.8329914137	17.3386401259	3.36907128	0.2909486834	0.2909486834	12	0	0	legacy_zero_exposure:12	31.4347180911	10.678129021	2.9438413817	0.1301328	0.25	0.2848837	0.2848837	0.2848837	1.0	0.172338	0.172338	0.172338
30	PLACEHOLDER	fg	any2spe	511	no	any	A	0,1,2,3,4,5,6,7,8,9,10,11,12,13,14,15,16,17,18,19	0	17	0	V:1.6943	A:1.6943	512A	1.6943	1.6943	0.5	endpoint_probability	1.6943	0.84715	clade	2	0.5	n_rescaled	q_weighted	legacy_weighted_branch_length		marginal_posterior_product	exploratory_poisson_lrt	ok	posterior_sum	all	full_scan	3	7001	multiprocessing	1	3	0		512	1.0	1.0	0.5005149331	0.9230769231	0.1033743469	V	65	0.9622641509	0.0536364893	V	53	0.9230769231	0.1033743469	V	65	0.9622641509	0.0536364893	V	53	10	2	0.2	1.6943	0.84715	2,10	5,103	1.69444	2	2.3592235755	1.9854118866	0.8692046359	0.1263689817	0.1263689817	0	0	0		2.2145748214	14	17.8329914137	17.3386401259	3.36907128	0.5252259427	0.5252259427	6	0	0	legacy_zero_exposure:6	13.4086702073	4.2164231453	3.1801054461	0.1403426	0.25	0.2848837	0.2848837	0.2848837	1.0	0.183381	0.183381	0.183381
98	PLACEHOLDER	fg	any2spe	933	no	any	K	0,1,2,3,4,5,6,7,8,9,10,11,12,13,14,15,16,17,18,19	8	11,13	8	N:0.99673,Q:0.984877	K:1.98161	934K	1.9816071592	1.9816071592	0.5	endpoint_probability	1.9816071592	0.9908035796	clade	2	0.5	n_rescaled	q_weighted	legacy_weighted_branch_length		marginal_posterior_product	exploratory_poisson_lrt	ok	posterior_sum	all	full_scan	3	7001	multiprocessing	1	3	0		934	1.0	1.0	0.5005149331	0.612244898	0.3884442608	K	49	0.641025641	0.3732597269	K	39	0.612244898	0.3884442608	K	49	0.641025641	0.3732597269	K	39	10	2	0.2	1.9816071592	0.9908035796	3,8	12,123	2.00642272	5	2.3592235755	1.9854118866	0.8692046359	0.0431759843	0.0431759843	4	0	0	legacy_zero_exposure:4	1.046205647	57	17.8329914137	17.3386401259	3.36907128	0.0781751329	0.0781751329	36	0	0	legacy_zero_exposure:36	46.4708043572	13.3828445039	3.472416073	0.1425742	0.25	0.2848837	0.2848837	0.2848837	1.0	0.1838457	0.1838457	0.1838457
32	PLACEHOLDER	fg	any2spe	513	no	any	G	0,1,2,3,4,5,6,7,8,9,10,11,12,13,14,15,16,17,18,19	5	2	5	D:1.9985	G:1.9985	514G	1.9985	1.9985	0.5	endpoint_probability	1.9985	0.99925	clade	2	0.5	n_rescaled	q_weighted	legacy_weighted_branch_length		marginal_posterior_product	exploratory_poisson_lrt	ok	posterior_sum	all	full_scan	3	7001	multiprocessing	1	3	0		514	1.0	1.0	0.5005149331	0.5230769231	0.3037936179	D	65	0.5283018868	0.3142390859	D	53	0.5230769231	0.3037936179	D	65	0.5283018868	0.3142390859	D	53	10	2	0.2	1.9985	0.99925	1,2	1,5	2.49274	3	2.3592235755	1.9854118866	0.8692046359	0.035595133	0.035595133	5	0	0	legacy_zero_exposure:5	4.2710020497	29	17.8329914137	17.3386401259	3.36907128	0.1460616121	0.1460616121	35	0	0	legacy_zero_exposure:35	70.0303605616	29.2410989245	2.3949291626	0.148753	0.25	0.2848837	0.2848837	0.2848837	1.0	0.1869022	0.1869022	0.1869022
23	PLACEHOLDER	fg	any2spe	488	no	any	V	0,1,2,3,4,5,6,7,8,9,10,11,12,13,14,15,16,17,18,19	17	9	17	L:1.99003	V:1.99003	489V	1.99003	1.99003	0.5	endpoint_probability	1.99003	0.995015	clade	2	0.5	n_rescaled	q_weighted	legacy_weighted_branch_length		marginal_posterior_product	exploratory_poisson_lrt	ok	posterior_sum	all	full_scan	3	7001	multiprocessing	1	3	0		489	1.0	1.0	0.5005149331	0.7692307692	0.2105733322	L	65	0.7735849057	0.2002355967	L	53	0.7692307692	0.2105733322	L	65	0.7735849057	0.2002355967	L	53	10	2	0.2	1.99003	0.995015	4,8	26,95	1.999958572	4	2.3592235755	1.9854118866	0.8692046359	0.1303870882	0.1303870882	0	0	0		2.0174643027	22	17.8329914137	17.3386401259	3.36907128	0.3811148069	0.3811148069	16	0	0	legacy_zero_exposure:16	15.3386243942	5.2935867775	2.8975862754	0.1487589	0.5	0.5051546	0.5051546	0.5051546	1.0	0.1869022	0.1869022	0.1869022
3	PLACEHOLDER	fg	any2spe	53	no	any	G	0,1,2,3,4,5,6,7,8,9,10,11,12,13,14,15,16,17,18,19	5	2	5	D:1.99833	G:1.99833	54G	1.99833	1.99833	0.5	endpoint_probability	1.99833	0.999165	clade	2	0.5	n_rescaled	q_weighted	legacy_weighted_branch_length		marginal_posterior_product	exploratory_poisson_lrt	ok	posterior_sum	all	full_scan	3	7001	multiprocessing	1	3	0		54	1.0	1.0	0.5005149331	0.6	0.4423575203	D	40	0.6875	0.3491125868	D	32	0.6	0.4423575203	D	40	0.6875	0.3491125868	D	32	10	2	0.2	1.99833	0.999165	1,2	1,5	1.99863	2	2.3592235755	1.9854118866	0.8692046359	0.0436628637	0.0436628637	5	0	0	legacy_zero_exposure:5	2.002263247	15	17.8329914137	17.3386401259	3.36907128	0.1221374485	0.1221374485	49	0	0	legacy_zero_exposure:49	45.7741391739	16.3935244464	2.7922085531	0.1573307	0.25	0.2848837	0.2848837	0.2848837	1.0	0.193167	0.193167	0.193167
6	PLACEHOLDER	fg	any2spe	158	no	any	I	0,1,2,3,4,5,6,7,8,9,10,11,12,13,14,15,16,17,18,19	7	17	7	V:1.8948	I:1.8948	159I	1.8948	1.8948	0.5	endpoint_probability	1.8948	0.9474	clade	2	0.5	n_rescaled	q_weighted	legacy_weighted_branch_length		marginal_posterior_product	exploratory_poisson_lrt	ok	posterior_sum	all	full_scan	3	7001	multiprocessing	1	3	0		159	1.0	1.0	0.5005149331	0.7906976744	0.1712539002	V	43	0.9090909091	0.1016900275	V	33	0.7906976744	0.1712539002	V	43	0.9090909091	0.1016900275	V	33	10	2	0.2	1.8948	0.9474	1,2	1,5	1.9130299998	6	2.3592235755	1.9854118866	0.8692046359	0.1454287743	0.1454287743	3	0	0	legacy_zero_exposure:3	3.5483557304	38	17.8329914137	17.3386401259	3.36907128	0.7028002791	0.7028002791	41	0	0	legacy_zero_exposure:41	13.1544119	5.0488820739	2.6054108033	0.1576873	0.25	0.2848837	0.2848837	0.2848837	1.0	0.193167	0.193167	0.193167
94	PLACEHOLDER	fg	any2spe	876	no	any	E	0,1,2,3,4,5,6,7,8,9,10,11,12,13,14,15,16,17,18,19	3	2	3	D:2.97298	E:2.97298	877E	2.97298	2.97298	0.5	endpoint_probability	2.97298	0.9909933333	clade	2	0.5	n_rescaled	q_weighted	legacy_weighted_branch_length		marginal_posterior_product	exploratory_poisson_lrt	ok	posterior_sum	all	full_scan	3	7001	multiprocessing	1	3	0		877	1.0	1.0	0.5005149331	0.7611940299	0.2314768666	D	67	0.8181818182	0.2069358834	D	55	0.7611940299	0.2314768666	D	67	0.8181818182	0.2069358834	D	55	10	3	0.3	2.97298	0.9909933333	4,6,8	26,35,90	2.997020053	6	2.3592235755	1.9854118866	0.8692046359	0.3354800567	0.3354800567	2	0	0	legacy_zero_exposure:2	6.056151762	49	17.8329914137	17.3386401259	3.36907128	1.3971328409	1.3971328409	2	0	0	legacy_zero_exposure:2	8.9335267261	4.3347000262	2.0609330916	0.1646313	0.5	0.5051546	0.5051546	0.5051546	1.0	0.1981249	0.1981249	0.1981249
36	PLACEHOLDER	fg	any2spe	519	no	any	A	0,1,2,3,4,5,6,7,8,9,10,11,12,13,14,15,16,17,18,19	0	15	0	S:2.77028	A:2.77028	520A	2.77028	2.77028	0.5	endpoint_probability	2.77028	0.9234266667	clade	2	0.5	n_rescaled	q_weighted	legacy_weighted_branch_length		marginal_posterior_product	exploratory_poisson_lrt	ok	posterior_sum	all	full_scan	3	7001	multiprocessing	1	3	0		520	1.0	1.0	0.5005149331	0.8461538462	0.1433115455	A	65	0.8679245283	0.1302897252	A	53	0.8461538462	0.1433115455	A	65	0.8679245283	0.1302897252	A	53	10	3	0.3	2.77028	0.9234266667	1,2,10	1,5,103	2.77038	4	2.3592235755	1.9854118866	0.8692046359	0.0531211164	0.0531211164	7	0	0	legacy_zero_exposure:7	1.3552695665	50	17.8329914137	17.3386401259	3.36907128	0.0692469029	0.0692469029	65	0	0	legacy_zero_exposure:65	52.1521419236	19.5715549661	2.6646907726	0.165778	0.25	0.2848837	0.2848837	0.2848837	1.0	0.1981249	0.1981249	0.1981249
74	PLACEHOLDER	fg	any2spe	720	no	any	I	0,1,2,3,4,5,6,7,8,9,10,11,12,13,14,15,16,17,18,19	7	17	7	V:2.96298	I:2.96298	721I	2.96298	2.96298	0.5	endpoint_probability	2.96298	0.98766	clade	2	0.5	n_rescaled	q_weighted	legacy_weighted_branch_length		marginal_posterior_product	exploratory_poisson_lrt	ok	posterior_sum	all	full_scan	3	7001	multiprocessing	1	3	0		721	1.0	1.0	0.5005149331	0.8063380282	0.22829344	V	71	0.8516949153	0.1905961067	V	59	0.8063380282	0.22829344	V	71	0.8516949153	0.1905961067	V	59	10	3	0.3	2.96298	0.98766	2,4,5	5,26,33	2.9630799976	5	2.3592235755	1.9854118866	0.8692046359	0.2531281706	0.2531281706	0	0	0		6.0696239835	44	17.8329914137	17.3386401259	3.36907128	1.0008663111	1.0008663111	0	0	0		11.7058484255	6.0643703523	1.9302660863	0.1872674	0.5	0.5051546	0.5051546	0.5051546	1.0	0.2211109	0.2211109	0.2211109
93	PLACEHOLDER	fg	any2spe	871	no	any	I	0,1,2,3,4,5,6,7,8,9,10,11,12,13,14,15,16,17,18,19	7	17	7	V:1.98278	I:1.98278	872I	1.9827797358	1.9827797358	0.5	endpoint_probability	1.9827797358	0.9913898679	clade	2	0.5	n_rescaled	q_weighted	legacy_weighted_branch_length		marginal_posterior_product	exploratory_poisson_lrt	ok	posterior_sum	all	full_scan	3	7001	multiprocessing	1	3	0		872	1.0	1.0	0.5005149331	0.7611940299	0.2021310552	V	67	0.8181818182	0.1780016569	V	55	0.7611940299	0.2021310552	V	67	0.8181818182	0.1780016569	V	55	10	2	0.2	1.9827797358	0.9913898679	2,8	5,123	2.0167953323	7	2.3592235755	1.9854118866	0.8692046359	0.2425282475	0.2425282475	1	0	0	legacy_zero_exposure:1	5.026621933	48	17.8329914137	17.3386401259	3.36907128	1.142253638	1.142253638	7	0	0	legacy_zero_exposure:7	8.3157131316	4.4006180115	1.889669385	0.2339082	0.25	0.2848837	0.2848837	0.2848837	1.0	0.2728929	0.2728929	0.2728929
27	PLACEHOLDER	fg	any2spe	506	no	any	D	0,1,2,3,4,5,6,7,8,9,10,11,12,13,14,15,16,17,18,19	2	3	2	E:2.961	D:2.961	507D	2.961	2.961	0.5	endpoint_probability	2.961	0.987	clade	2	0.5	n_rescaled	q_weighted	legacy_weighted_branch_length		marginal_posterior_product	exploratory_poisson_lrt	ok	posterior_sum	all	full_scan	3	7001	multiprocessing	1	3	0		507	1.0	1.0	0.5005149331	0.7230769231	0.2574718926	E	65	0.7547169811	0.2298454962	E	53	0.7230769231	0.2574718926	E	65	0.7547169811	0.2298454962	E	53	10	3	0.3	2.961	0.987	4,6,8	26,35,122	2.9984648504	5	2.3592235755	1.9854118866	0.8692046359	0.2382753287	0.2382753287	0	0	0		6.2486680274	52	17.8329914137	17.3386401259	3.36907128	0.8254274736	0.8254274736	6	0	0	legacy_zero_exposure:6	12.5840340556	7.5702205548	1.6623074539	0.2421266	0.75	0.75	0.75	0.75	1.0	0.2791578	0.2791578	0.2791578
89	PLACEHOLDER	fg	any2spe	807	no	any	Q	0,1,2,3,4,5,6,7,8,9,10,11,12,13,14,15,16,17,18,19	13	6	13	H:1.99299	Q:1.99299	808Q	1.99299	1.99299	0.5	endpoint_probability	1.99299	0.996495	clade	2	0.5	n_rescaled	q_weighted	legacy_weighted_branch_length		marginal_posterior_product	exploratory_poisson_lrt	ok	posterior_sum	all	full_scan	3	7001	multiprocessing	1	3	0		808	1.0	1.0	0.5005149331	0.3623188406	0.5172970904	H	69	0.4210526316	0.4857503465	H	57	0.3623188406	0.5172970904	H	69	0.4210526316	0.4857503465	H	57	10	2	0.2	1.99299	0.996495	5,6	33,35	2.5824208717	6	2.3592235755	1.9854118866	0.8692046359	0.0654892285	0.0654892285	1	0	0	legacy_zero_exposure:1	7.7350626876	49	17.8329914137	17.3386401259	3.36907128	0.3107100355	0.3107100355	13	0	0	legacy_zero_exposure:13	39.4327575712	24.8947951593	1.5839759805	0.269423	0.25	0.2848837	0.2848837	0.2848837	1.0	0.3070169	0.3070169	0.3070169
57	PLACEHOLDER	fg	any2spe	617	no	any	A	0,1,2,3,4,5,6,7,8,9,10,11,12,13,14,15,16,17,18,19	0	17	0	V:1.99777	A:1.99777	618A	1.99777	1.99777	0.5	endpoint_probability	1.99777	0.998885	clade	2	0.5	n_rescaled	q_weighted	legacy_weighted_branch_length		marginal_posterior_product	exploratory_poisson_lrt	ok	posterior_sum	all	full_scan	3	7001	multiprocessing	1	3	0		618	1.0	1.0	0.5005149331	0.6615384615	0.3745191487	A	65	0.7169811321	0.2990762221	A	53	0.6615384615	0.3745191487	A	65	0.7169811321	0.2990762221	A	53	10	2	0.2	1.99777	0.998885	1,3	1,12	1.9978	2	2.3592235755	1.9854118866	0.8692046359	0.0974768956	0.0974768956	5	0	0	legacy_zero_exposure:5	1.1628247713	51	17.8329914137	17.3386401259	3.36907128	0.1113945962	0.1113945962	51	0	0	legacy_zero_exposure:51	20.4951131071	10.4387897723	1.9633610365	0.2774172	0.25	0.2848837	0.2848837	0.2848837	1.0	0.312493	0.312493	0.312493
68	PLACEHOLDER	fg	any2spe	669	no	any	I	0,1,2,3,4,5,6,7,8,9,10,11,12,13,14,15,16,17,18,19	7	17	7	V:1.98783	I:1.98783	670I	1.98783	1.98783	0.5	endpoint_probability	1.98783	0.993915	clade	2	0.5	n_rescaled	q_weighted	legacy_weighted_branch_length		marginal_posterior_product	exploratory_poisson_lrt	ok	posterior_sum	all	full_scan	3	7001	multiprocessing	1	3	0		670	1.0	1.0	0.5005149331	0.8615384615	0.1503674759	V	65	0.8867924528	0.1178908364	V	53	0.8615384615	0.1503674759	V	65	0.8867924528	0.1178908364	V	53	10	2	0.2	1.98783	0.993915	2,5	5,33	1.98787	2	2.3592235755	1.9854118866	0.8692046359	0.2630394161	0.2630394161	0	0	0		5.1070878133	52	17.8329914137	17.3386401259	3.36907128	1.1154488182	1.1154488182	6	0	0	legacy_zero_exposure:6	7.5573084432	4.5785048403	1.6506061928	0.2822872	0.5	0.5051546	0.5051546	0.5051546	1.0	0.3143653	0.3143653	0.3143653
2	PLACEHOLDER	fg	any2spe	10	no	any	M	0,1,2,3,4,5,6,7,8,9,10,11,12,13,14,15,16,17,18,19	10	9	10	L:1.53855	M:1.53855	11M	1.53855	1.53855	0.5	endpoint_probability	1.53855	0.769275	clade	2	0.5	n_rescaled	q_weighted	legacy_weighted_branch_length		marginal_posterior_product	exploratory_poisson_lrt	ok	posterior_sum	all	full_scan	3	7001	multiprocessing	1	3	0		11	1.0	1.0	0.5005149331	0.4473684211	0.4427549748	L	38	0.5	0.4422581214	L	30	0.4473684211	0.4427549748	L	38	0.5	0.4422581214	L	30	10	2	0.2	1.53855	0.769275	1,2	1,5	1.53858	2	2.3592235755	1.9854118866	0.8692046359	0.0444788175	0.0444788175	6	0	0	legacy_zero_exposure:6	5.591693658	38	17.8329914137	17.3386401259	3.36907128	0.2705447359	0.2705447359	50	0	0	legacy_zero_exposure:50	34.5912972942	20.6682774308	1.6736420057	0.2954096	0.25	0.2848837	0.2848837	0.2848837	1.0	0.3252824	0.3252824	0.3252824
86	PLACEHOLDER	fg	any2spe	798	no	any	A	0,1,2,3,4,5,6,7,8,9,10,11,12,13,14,15,16,17,18,19	0	17	0	V:1.21867	A:1.21867	799A	1.21867	1.21867	0.5	endpoint_probability	1.21867	0.609335	clade	2	0.5	n_rescaled	q_weighted	legacy_weighted_branch_length		marginal_posterior_product	exploratory_poisson_lrt	ok	posterior_sum	all	full_scan	3	7001	multiprocessing	1	3	0		799	1.0	1.0	0.5005149331	0.5072463768	0.3836666816	V	69	0.5087719298	0.4019683237	V	57	0.5072463768	0.3836666816	V	69	0.5087719298	0.4019683237	V	57	10	2	0.2	1.21867	0.609335	6,10	35,103	1.6785095648	7	2.3592235755	1.9854118866	0.8692046359	0.0612652334	0.0612652334	1	0	0	legacy_zero_exposure:1	5.5163042582	39	17.8329914137	17.3386401259	3.36907128	0.2936756712	0.2936756712	17	0	0	legacy_zero_exposure:17	27.3974238013	18.7836610204	1.4585774185	0.3396182	0.25	0.2848837	0.2848837	0.2848837	1.0	0.3698065	0.3698065	0.3698065
91	PLACEHOLDER	fg	any2spe	849	no	any	D	0,1,2,3,4,5,6,7,8,9,10,11,12,13,14,15,16,17,18,19	2	3	2	E:1.98541	D:1.98541	850D	1.98541	1.98541	0.5	endpoint_probability	1.98541	0.992705	clade	2	0.5	n_rescaled	q_weighted	legacy_weighted_branch_length		marginal_posterior_product	exploratory_poisson_lrt	ok	posterior_sum	all	full_scan	3	7001	multiprocessing	1	3	0		850	1.0	1.0	0.5005149331	0.6086956522	0.2579178006	D	69	0.6842105263	0.2449525814	D	57	0.6086956522	0.2579178006	D	69	0.6842105263	0.2449525814	D	57	10	2	0.2	1.98541	0.992705	1,4	1,26	1.9945647259	4	2.3592235755	1.9854118866	0.8692046359	0.2117970738	0.2117970738	1	0	0	legacy_zero_exposure:1	1.2722023963	65	17.8329914137	17.3386401259	3.36907128	0.210303595	0.210303595	37	0	0	legacy_zero_exposure:37	9.4173384481	6.049361146	1.5567492535	0.3464382	0.5	0.5051546	0.5051546	0.5051546	1.0	0.3730873	0.3730873	0.3730873
13	PLACEHOLDER	fg	any2spe	361	no	any	Q	0,1,2,3,4,5,6,7,8,9,10,11,12,13,14,15,16,17,18,19	13	14	13	R:1.16432	Q:1.16432	362Q	1.16432	1.16432	0.5	endpoint_probability	1.16432	0.58216	clade	2	0.5	n_rescaled	q_weighted	legacy_weighted_branch_length		marginal_posterior_product	exploratory_poisson_lrt	ok	posterior_sum	all	full_scan	3	7001	multiprocessing	1	3	0		362	1.0	1.0	0.5005149331	0.5869565217	0.4007007262	Q	46	0.6111111111	0.3599846798	Q	36	0.5869565217	0.4007007262	Q	46	0.6111111111	0.3599846798	Q	36	10	2	0.2	1.16432	0.58216	2,10	5,103	1.1648	2	2.3592235755	1.9854118866	0.8692046359	0.0553964261	0.0553964261	7	0	0	legacy_zero_exposure:7	1.3573399514	39	17.8329914137	17.3386401259	3.36907128	0.0956853905	0.0956853905	59	0	0	legacy_zero_exposure:59	21.0266272018	14.1854461195	1.4822676019	0.3786287	0.25	0.2848837	0.2848837	0.2848837	1.0	0.4027011	0.4027011	0.4027011
61	PLACEHOLDER	fg	any2spe	622	no	any	V	0,1,2,3,4,5,6,7,8,9,10,11,12,13,14,15,16,17,18,19	17	7	17	I:1.98281	V:1.98281	623V	1.98281	1.98281	0.5	endpoint_probability	1.98281	0.991405	clade	2	0.5	n_rescaled	q_weighted	legacy_weighted_branch_length		marginal_posterior_product	exploratory_poisson_lrt	ok	posterior_sum	all	full_scan	3	7001	multiprocessing	1	3	0		623	1.0	1.0	0.5005149331	0.4923076923	0.316268993	I	65	0.5283018868	0.2572870997	I	53	0.4923076923	0.316268993	I	65	0.5283018868	0.2572870997	I	53	10	2	0.2	1.98281	0.991405	7,9	40,101	2.0282259746	6	2.3592235755	1.9854118866	0.8692046359	0.1179899387	0.1179899387	0	0	0		9.263430412	69	17.8329914137	17.3386401259	3.36907128	0.6840443763	0.6840443763	16	0	0	legacy_zero_exposure:16	17.1898214078	13.5421483363	1.2693570459	0.3821552	0.25	0.2848837	0.2848837	0.2848837	1.0	0.4027011	0.4027011	0.4027011
54	PLACEHOLDER	fg	any2spe	585	no	any	K	0,1,2,3,4,5,6,7,8,9,10,11,12,13,14,15,16,17,18,19	8	14	8	R:1.80378	K:1.80378	586K	1.80378	1.80378	0.5	endpoint_probability	1.80378	0.90189	clade	2	0.5	n_rescaled	q_weighted	legacy_weighted_branch_length		marginal_posterior_product	exploratory_poisson_lrt	ok	posterior_sum	all	full_scan	3	7001	multiprocessing	1	3	0		586	1.0	1.0	0.5005149331	0.4153846154	0.4596055273	R	65	0.4150943396	0.4401214455	R	53	0.4153846154	0.4596055273	R	65	0.4150943396	0.4401214455	R	53	10	2	0.2	1.80378	0.90189	2,10	5,103	1.80378	2	2.3592235755	1.9854118866	0.8692046359	0.2167970468	0.2167970468	0	0	0		6.9312378782	58	17.8329914137	17.3386401259	3.36907128	0.9306757391	0.9306757391	10	0	0	legacy_zero_exposure:10	8.3201317856	7.447532569	1.1171662169	0.4478444	0.5	0.5051546	0.5051546	0.5051546	1.0	0.4669016	0.4669016	0.4669016
77	PLACEHOLDER	fg	any2spe	731	no	any	K	0,1,2,3,4,5,6,7,8,9,10,11,12,13,14,15,16,17,18,19	8	13,14	8	Q:1.98317,R:0.958933	K:2.9421	732K	2.9421031596	2.9421031596	0.5	endpoint_probability	2.9421031596	0.9807010532	clade	2	0.5	n_rescaled	q_weighted	legacy_weighted_branch_length		marginal_posterior_product	exploratory_poisson_lrt	ok	posterior_sum	all	full_scan	3	7001	multiprocessing	1	3	0		732	1.0	1.0	0.5005149331	0.4647887324	0.3781936424	K	71	0.4406779661	0.3794920449	Q	59	0.4647887324	0.3781936424	K	71	0.4406779661	0.3794920449	Q	59	10	3	0.3	2.9421031596	0.9807010532	3,8,10	12,103,123	2.9994300527	8	2.3592235755	1.9854118866	0.8692046359	0.124273155	0.124273155	2	0	0	legacy_zero_exposure:2	9.2180514964	66	17.8329914137	17.3386401259	3.36907128	0.382982772	0.382982772	14	0	0	legacy_zero_exposure:14	24.1357842059	24.0691022426	1.0027704383	0.49834	0.25	0.2848837	0.2848837	0.2848837	1.0	0.5140771	0.5140771	0.5140771
15	PLACEHOLDER	fg	any2spe	365	no	any	N	0,1,2,3,4,5,6,7,8,9,10,11,12,13,14,15,16,17,18,19	11	15,16	11	T:0.9998,S:0.68158	N:1.68138	366N	1.68138	1.68138	0.5	endpoint_probability	1.68138	0.84069	clade	2	0.5	n_rescaled	q_weighted	legacy_weighted_branch_length		marginal_posterior_product	exploratory_poisson_lrt	ok	posterior_sum	all	full_scan	3	7001	multiprocessing	1	3	0		366	1.0	1.0	0.5005149331	0.5217391304	0.3784140681	N	46	0.5277777778	0.3944200105	N	36	0.5217391304	0.3784140681	N	46	0.5277777778	0.3944200105	N	36	10	2	0.2	1.68138	0.84069	5,7	33,40	1.68366	2	2.3592235755	1.9854118866	0.8692046359	0.0291790707	0.0291790707	7	0	0	legacy_zero_exposure:7	9.4589619075	50	17.8329914137	17.3386401259	3.36907128	0.1506883858	0.1506883858	43	0	0	legacy_zero_exposure:43	57.7009465792	62.7716718868	0.9192195276	1.0	0.5	0.5051546	0.5051546	0.5051546	1.0	1.0	1.0	1.0
71	PLACEHOLDER	fg	any2spe	714	no	any	L	0,1,2,3,4,5,6,7,8,9,10,11,12,13,14,15,16,17,18,19	9	10	9	M:1.92929	L:1.92929	715L	1.92929	1.92929	0.5	endpoint_probability	1.92929	0.964645	clade	2	0.5	n_rescaled	q_weighted	legacy_weighted_branch_length		marginal_posterior_product	exploratory_poisson_lrt	ok	posterior_sum	all	full_scan	3	7001	multiprocessing	1	3	0		715	1.0	1.0	0.5005149331	0.6811594203	0.2089614062	M	69	0.6666666667	0.2124736492	M	57	0.6811594203	0.2089614062	M	69	0.6666666667	0.2124736492	M	57	10	2	0.2	1.92929	0.964645	3,10	12,103	1.92953	3	2.3592235755	1.9854118866	0.8692046359	0.3031762807	0.3031762807	0	0	0		7.1121980451	42	17.8329914137	17.3386401259	3.36907128	1.0073590292	1.0073590292	12	0	0	legacy_zero_exposure:12	6.3643831099	7.0602415218	0.9014398573	1.0	0.5	0.5051546	0.5051546	0.5051546	1.0	1.0	1.0	1.0
87	PLACEHOLDER	fg	any2spe	800	no	any	Q	0,1,2,3,4,5,6,7,8,9,10,11,12,13,14,15,16,17,18,19	13	3,8	13	E:1.9602,K:0.9046	Q:2.8648	801Q	2.8648	2.8648	0.5	endpoint_probability	2.8648	0.9549333333	clade	2	0.5	n_rescaled	q_weighted	legacy_weighted_branch_length		marginal_posterior_product	exploratory_poisson_lrt	ok	posterior_sum	all	full_scan	3	7001	multiprocessing	1	3	0		801	1.0	1.0	0.5005149331	0.3623188406	0.5614356577	Q	69	0.3859649123	0.5674437335	Q	57	0.3623188406	0.5614356577	Q	69	0.3859649123	0.5674437335	Q	57	10	3	0.3	2.8648	0.9549333333	6,7,10	35,40,103	2.9634164438	5	2.3592235755	1.9854118866	0.8692046359	0.1059918594	0.1059918594	0	0	0		6.2673779294	69	17.8329914137	17.3386401259	3.36907128	0.1985284178	0.1985284178	12	0	0	legacy_zero_exposure:12	27.9589061039	31.569172814	0.8856394898	1.0	0.25	0.2848837	0.2848837	0.2848837	1.0	1.0	1.0	1.0
