branch_id_1	branch_id_2	omegaCany2spe_dense	omegaCany2spe_sparse
0	1	0.5504	0.5504
0	2	0.2528	0.2528
0	3	0.0	0.0
0	4	0.0056	0.0056
0	5	0.0	0.0
0	6	0.5714	0.5714
0	7	4.1832	4.1832
0	8	1.3509	1.3509
0	9	0.6357	0.6357
0	12	0.8418	0.8418
0	13	2.4828	2.4828
0	14	51.975	51.975
0	15	9.3752	9.3752
0	16	6.1402	6.1402
0	17	0.0	0.0
0	18	0.1466	0.1466
0	19	0.0198	0.0198
0	20	0.0008	0.0008
0	21	0.0	0.0
0	22	0.7498	0.7498
0	23	4.7129	4.7129
0	24	0.0032	0.0032
0	25	0.0027	0.0027
0	26	0.0904	0.0904
0	27	0.013	0.013
0	28	0.3562	0.3562
0	29	0.0043	0.0043
0	30	0.0375	0.0375
0	31	0.912	0.912
0	32	0.0829	0.0829
0	33	inf	inf
0	34	0.0	0.0
0	35	0.0327	0.0327
0	36	1.7403	1.7403
0	37	1.9532	1.9532
0	38	0.7224	0.7224
0	40	1.4165	1.4165
0	41	0.0019	0.0019
0	42	6.7942	6.7942
0	43	2.2566	2.2566
0	44	0.8629	0.8629
0	45	1.4558	1.4558
0	46	4.0925	4.0925
0	47	0.0082	0.0082
0	48	0.3932	0.3932
0	49	0.0369	0.0369
0	50	0.0844	0.0844
0	51	0.5726	0.5726
0	52	0.4531	0.4531
0	53	1.304	1.304
0	54	0.2883	0.2883
0	55	3.3776	3.3776
0	56	0.5603	0.5603
0	57	0.0096	0.0096
0	58	0.5075	0.5075
0	59	1.166	1.166
0	60	2.4328	2.4328
0	61	1.6303	1.6303
1	2	0.0023	0.0023
1	3	0.0	0.0
1	4	9.4858	9.4858
1	5	0.0441	0.0441
1	6	1.5715	1.5715
1	9	4.2746	4.2746
1	10	0.6624	0.6624
1	11	1.1797	1.1797
1	12	0.0885	0.0885
1	13	0.0017	0.0017
1	14	0.0	0.0
1	15	0.0047	0.0047
1	16	0.3883	0.3883
1	17	0.0	0.0
1	18	0.0165	0.0165
1	19	0.0027	0.0027
1	20	0.2414	0.2414
1	21	0.0	0.0
1	22	6.3939	6.3939
1	23	1.6319	1.6319
1	24	9.9894	9.9894
1	25	0.0094	0.0094
1	26	0.1123	0.1123
1	27	3.6555	3.6555
1	28	0.8737	0.8737
1	29	0.0102	0.0102
1	30	0.0001	0.0001
1	31	3.5147	3.5147
1	32	0.8866	0.8866
1	33	0.0	0.0
1	34	0.0	0.0
1	35	0.0	0.0
1	36	0.0876	0.0876
1	37	2.7783	2.7783
1	38	1.7536	1.7536
1	40	0.0076	0.0076
1	41	0.0003	0.0003
1	42	0.0887	0.0887
1	43	0.0094	0.0094
1	44	0.2663	0.2663
1	45	12.6834	12.6834
1	46	0.4159	0.4159
1	47	0.0006	0.0006
1	48	0.0024	0.0024
1	49	4.4974	4.4974
1	50	0.1893	0.1893
1	51	0.1676	0.1676
1	52	5.3056	5.3056
1	53	0.2272	0.2272
1	54	0.0568	0.0568
1	55	14.8457	14.8457
1	56	0.3267	0.3267
1	57	0.0028	0.0028
1	58	0.0579	0.0579
1	59	0.5152	0.5152
1	60	0.5417	0.5417
1	61	0.0283	0.0283
1	62	0.5738	0.5738
2	3	0.0	0.0
2	4	0.0	0.0
2	5	0.0075	0.0075
2	6	0.0924	0.0924
2	7	0.0007	0.0007
2	8	0.0123	0.0123
2	9	0.0005	0.0005
2	10	0.8174	0.8174
2	11	0.1166	0.1166
2	12	737.283	737.283
2	13	0.0	0.0
2	14	0.0801	0.0801
2	15	0.1666	0.1666
2	16	0.3047	0.3047
2	17	0.0	0.0
2	18	0.0	0.0
2	19	0.1722	0.1722
2	20	0.0	0.0
2	21	0.0	0.0
2	22	1.3561	1.3561
2	23	0.0237	0.0237
2	24	0.0	0.0
2	25	0.0	0.0
2	26	0.0013	0.0013
2	27	1.9534	1.9534
2	28	0.1553	0.1553
2	29	0.0	0.0
2	30	0.0165	0.0165
2	31	0.0228	0.0228
2	32	48.7194	48.7194
2	33		
2	34		
2	35	0.1571	0.1571
2	36	0.1106	0.1106
2	37	0.0095	0.0095
2	38	0.0035	0.0035
2	40	0.0092	0.0092
2	43	2.6277	2.6277
2	44	0.0024	0.0024
2	45	0.5803	0.5803
2	46	0.7989	0.7989
2	47	0.0088	0.0088
2	48	0.0011	0.0011
2	49	18.711	18.711
2	50	1.5492	1.5492
2	51	0.0922	0.0922
2	52	0.1548	0.1548
2	61	0.0023	0.0023
2	62	0.0202	0.0202
3	4	0.0	0.0
3	5	0.0	0.0
3	6	0.0	0.0
3	7	0.0	0.0
3	8	0.0034	0.0034
3	9	0.0	0.0
3	10	0.0	0.0
3	11	0.0034	0.0034
3	12	0.3214	0.3214
3	13	0.0	0.0
3	14	0.0	0.0
3	15	0.0	0.0
3	16	0.0	0.0
3	17	0.0	0.0
3	20	0.0086	0.0086
3	21	3.8702	3.8702
3	22	0.0004	0.0004
3	23	0.6166	0.6166
3	24	2.1776	2.1776
3	25	2.5837	2.5837
3	26	0.0135	0.0135
3	27	2.6021	2.6021
3	28	16.4137	16.4137
3	29	5.7998	5.7998
3	30	0.0	0.0
3	31	3.4726	3.4726
3	32	0.0	0.0
3	33		
3	34		
3	35	0.0	0.0
3	36	0.0	0.0
3	37	0.4858	0.4858
3	38	0.0408	0.0408
3	40	0.0	0.0
3	41	0.0	0.0
3	42	0.0	0.0
3	43	0.0	0.0
3	44	0.1657	0.1657
3	45	0.0841	0.0841
3	46	0.0042	0.0042
3	47	0.0	0.0
3	48	0.0	0.0
3	49	0.0	0.0
3	50	0.0011	0.0011
3	51	0.0001	0.0001
3	52	0.0	0.0
3	53	0.0	0.0
3	54	0.0	0.0
3	55	0.0	0.0
3	56	0.0002	0.0002
3	61	0.0	0.0
3	62	0.0092	0.0092
4	5	0.0008	0.0008
4	6	0.0001	0.0001
4	7	0.0003	0.0003
4	8	0.412	0.412
4	9	0.002	0.002
4	10	0.1881	0.1881
4	11	0.1553	0.1553
4	12	0.0001	0.0001
4	13	0.024	0.024
4	14	498.0513	498.0513
4	17	0.0	0.0
4	18	0.0	0.0
4	19	0.0	0.0
4	20	1.7741	1.7741
4	21	0.0	0.0
4	22	0.0023	0.0023
4	23	0.0012	0.0012
4	24	0.0	0.0
4	25	0.0618	0.0618
4	26	0.4661	0.4661
4	27	4.1019	4.1019
4	28	0.3251	0.3251
4	29	53.3097	53.3097
4	30	0.0005	0.0005
4	31	0.0027	0.0027
4	32	0.0015	0.0015
4	33	0.0	0.0
4	34	0.0	0.0
4	35	0.0	0.0
4	36	0.0001	0.0001
4	37	0.0012	0.0012
4	38	0.0042	0.0042
4	40	0.2441	0.2441
4	41	0.0	0.0
4	42	0.0	0.0
4	43	0.0207	0.0207
4	44	0.0174	0.0174
4	45	0.101	0.101
4	47	0.0	0.0
4	48	0.0003	0.0003
4	49	0.0035	0.0035
4	50	0.0215	0.0215
4	52	0.0	0.0
4	53	0.0023	0.0023
4	54	0.0025	0.0025
4	55	0.0	0.0
4	56	0.0	0.0
4	57	0.0024	0.0024
4	58	0.0755	0.0755
4	61	0.1182	0.1182
4	62	0.3405	0.3405
5	6	0.0087	0.0087
5	7	0.0035	0.0035
5	8	0.0915	0.0915
5	9	0.0016	0.0016
5	10	2.019	2.019
5	11	0.7652	0.7652
5	12	0.0112	0.0112
5	13	0.0	0.0
5	14	0.0	0.0
5	15	0.0126	0.0126
5	16	0.006	0.006
5	17	0.0	0.0
5	18	0.0	0.0
5	19	0.0002	0.0002
5	20	41300.4007	41300.4007
5	21	0.0	0.0
5	22	19.1427	19.1427
5	23	0.9645	0.9645
5	24	0.0	0.0
5	25	0.0284	0.0284
5	26	1.1023	1.1023
5	27	0.0361	0.0361
5	28	1.4138	1.4138
5	29	0.0002	0.0002
5	30	0.0	0.0
5	31	3.135	3.135
5	32	0.0014	0.0014
5	33	0.0	0.0
5	34	0.0	0.0
5	35	0.8164	0.8164
5	36	0.0006	0.0006
5	37	1.0403	1.0403
5	38	0.1816	0.1816
5	40	0.0014	0.0014
5	41	0.269	0.269
5	42	0.328	0.328
5	43	2.3146	2.3146
5	44	0.084	0.084
5	45	0.0049	0.0049
5	46	1.7506	1.7506
5	47	0.126	0.126
5	48	0.0007	0.0007
5	49	0.0008	0.0008
5	50	0.0384	0.0384
5	51	0.5462	0.5462
5	52	0.6078	0.6078
5	61	2.556	2.556
5	62	0.2379	0.2379
6	7	0.0006	0.0006
6	8	1.1062	1.1062
6	9	0.2517	0.2517
6	10	0.3906	0.3906
6	11	0.7291	0.7291
6	12	0.4269	0.4269
6	13	2.0927	2.0927
6	14	3.5906	3.5906
6	15	35.1358	35.1358
6	16	0.0999	0.0999
6	17	0.0	0.0
6	18	0.0	0.0
6	19	0.0001	0.0001
6	20	0.1621	0.1621
6	21	0.0	0.0
6	22	2499.6941	2499.6941
6	23	0.5323	0.5323
6	24	0.0	0.0
6	25	0.0295	0.0295
6	26	0.1298	0.1298
6	27	0.2298	0.2298
6	28	0.5797	0.5797
6	29	0.0004	0.0004
6	30	214.3477	214.3477
6	31	2.6397	2.6397
6	32	0.0698	0.0698
6	33		
6	34		
6	35	6.4019	6.4019
6	36	0.0015	0.0015
6	37	0.9913	0.9913
6	38	1.4251	1.4251
6	40	4.6481	4.6481
6	41	0.4422	0.4422
6	42	7.6407	7.6407
6	43	5.333	5.333
6	44	0.5576	0.5576
6	45	0.5537	0.5537
6	46	0.2578	0.2578
6	47	2.9379	2.9379
6	48	0.6206	0.6206
6	49	0.0009	0.0009
6	50	0.2032	0.2032
6	51	1.3136	1.3136
6	52	0.0409	0.0409
6	53	0.5725	0.5725
6	61	0.963	0.963
6	62	1.2426	1.2426
7	9	2.8867	2.8867
7	10	0.1896	0.1896
7	11	1.3036	1.3036
7	12	0.4537	0.4537
7	13	0.0275	0.0275
7	14	0.001	0.001
7	15	0.032	0.032
7	16	0.5869	0.5869
7	17	0.0	0.0
7	18	0.0252	0.0252
7	19	0.0043	0.0043
7	20	9.2123	9.2123
7	21	0.0	0.0
7	22	0.03	0.03
7	23	1.0056	1.0056
7	24	0.7041	0.7041
7	25	0.0035	0.0035
7	26	1.2606	1.2606
7	27	5.3779	5.3779
7	28	1.0585	1.0585
7	29	2.3399	2.3399
7	30	0.0015	0.0015
7	31	0.0009	0.0009
7	32	0.0977	0.0977
7	33	inf	inf
7	34	0.0	0.0
7	35	0.0535	0.0535
7	36	5.4756	5.4756
7	37	1.027	1.027
7	38	0.9254	0.9254
7	40	0.0026	0.0026
7	41	0.0	0.0
7	42	0.0397	0.0397
7	43	0.0212	0.0212
7	44	0.5641	0.5641
7	45	0.1945	0.1945
7	46	0.334	0.334
7	47	1.1663	1.1663
7	48	0.5602	0.5602
7	49	3.9565	3.9565
7	50	0.1771	0.1771
7	51	0.1852	0.1852
7	52	0.7772	0.7772
7	53	0.6037	0.6037
7	54	1.6486	1.6486
7	55	2.1884	2.1884
7	56	3.204	3.204
7	57	2.5359	2.5359
7	58	0.3809	0.3809
7	59	0.4628	0.4628
7	60	3.2839	3.2839
7	61	0.5753	0.5753
7	62	1.3433	1.3433
8	9	2.8273	2.8273
8	10	0.8066	0.8066
8	11	1.3977	1.3977
8	12	0.2565	0.2565
8	13	0.0287	0.0287
8	14	0.0378	0.0378
8	15	0.0204	0.0204
8	16	2.4042	2.4042
8	17	0.0003	0.0003
8	18	0.1889	0.1889
8	19	0.0702	0.0702
8	20	0.885	0.885
8	21	0.005	0.005
8	22	0.8332	0.8332
8	23	0.3559	0.3559
8	24	0.7026	0.7026
8	25	0.0581	0.0581
8	26	0.6156	0.6156
8	27	2.6069	2.6069
8	28	1.3108	1.3108
8	29	1.5132	1.5132
8	30	1.1123	1.1123
8	31	1.7894	1.7894
8	32	0.897	0.897
8	33	1.3062	1.3062
8	34	0.0031	0.0031
8	35	0.6587	0.6587
8	36	0.9919	0.9919
8	37	0.9479	0.9479
8	40	0.542	0.542
8	41	0.0009	0.0009
8	42	0.3007	0.3007
8	43	0.1464	0.1464
8	44	3.7748	3.7748
8	45	0.8693	0.8693
8	46	3.1021	3.1021
8	47	0.9469	0.9469
8	48	0.6983	0.6983
8	49	0.3518	0.3518
8	50	0.3832	0.3832
8	51	0.6632	0.6632
8	52	0.9844	0.9844
8	53	4.8479	4.8479
8	54	0.9587	0.9587
8	55	7.5745	7.5745
8	56	4.1376	4.1376
8	57	2.1991	2.1991
8	58	0.5549	0.5549
8	59	1.8308	1.8308
8	60	1.5346	1.5346
8	61	0.8981	0.8981
8	62	0.9925	0.9925
9	10	1.3023	1.3023
9	11	1.0989	1.0989
9	12	0.023	0.023
9	13	0.0006	0.0006
9	14	0.0	0.0
9	15	0.0112	0.0112
9	16	0.7935	0.7935
9	17	0.0	0.0
9	18	0.0022	0.0022
9	19	0.0001	0.0001
9	20	0.0027	0.0027
9	21	0.0	0.0
9	22	0.011	0.011
9	23	0.8028	0.8028
9	24	0.9832	0.9832
9	25	0.0005	0.0005
9	26	0.0504	0.0504
9	27	1.1285	1.1285
9	28	1.3917	1.3917
9	29	0.678	0.678
9	30	0.0564	0.0564
9	31	0.8236	0.8236
9	32	3.6985	3.6985
9	33		
9	34	0.0	0.0
9	35	0.0113	0.0113
9	36	1.2164	1.2164
9	40	0.165	0.165
9	41	0.0	0.0
9	42	0.0061	0.0061
9	43	0.0039	0.0039
9	44	0.0231	0.0231
9	45	0.8317	0.8317
9	46	4.8234	4.8234
9	47	0.0052	0.0052
9	48	3.3456	3.3456
9	49	2.251	2.251
9	50	4.647	4.647
9	51	1.8042	1.8042
9	52	0.0083	0.0083
9	53	0.0085	0.0085
9	54	0.0711	0.0711
9	55	0.5823	0.5823
9	56	0.1302	0.1302
9	57	0.0258	0.0258
9	58	0.1788	0.1788
9	59	3.8387	3.8387
9	60	3.4082	3.4082
9	61	3.5811	3.5811
9	62	2.2593	2.2593
10	12	0.0006	0.0006
10	13	352.2484	352.2484
10	14	0.0	0.0
10	15	0.3753	0.3753
10	16	1.8301	1.8301
10	17	0.0	0.0
10	18	0.0184	0.0184
10	19	0.0084	0.0084
10	20	0.6814	0.6814
10	21	0.0	0.0
10	22	2.4103	2.4103
10	23	2.1581	2.1581
10	24	17.2794	17.2794
10	25	0.0105	0.0105
10	26	0.1351	0.1351
10	27	0.2588	0.2588
10	28	2.3254	2.3254
10	29	1.2885	1.2885
10	30	0.0661	0.0661
10	31	1.7024	1.7024
10	32	0.137	0.137
10	33	0.0	0.0
10	34	0.0	0.0
10	35	7.1792	7.1792
10	36	0.728	0.728
10	37	0.6124	0.6124
10	38	0.6451	0.6451
10	40	0.4514	0.4514
10	41	0.0176	0.0176
10	42	1.5374	1.5374
10	43	4.9253	4.9253
10	44	2.3178	2.3178
10	45	0.2404	0.2404
10	46	0.0471	0.0471
10	47	0.0123	0.0123
10	48	0.0099	0.0099
10	49	0.3061	0.3061
10	50	0.0785	0.0785
10	51	1.7299	1.7299
10	52	0.0181	0.0181
10	53	3.8985	3.8985
10	54	3.7972	3.7972
10	55	21.8535	21.8535
10	56	6.4225	6.4225
10	57	23.5652	23.5652
10	58	1.8307	1.8307
10	59	1.1424	1.1424
10	60	1.0228	1.0228
10	61	2.5224	2.5224
11	12	0.1244	0.1244
11	13	10.0398	10.0398
11	14	3.0771	3.0771
11	15	0.4731	0.4731
11	16	4.1097	4.1097
11	17	0.0021	0.0021
11	18	0.2209	0.2209
11	19	0.1311	0.1311
11	20	0.1243	0.1243
11	21	0.0226	0.0226
11	22	3.5281	3.5281
11	23	1.7906	1.7906
11	24	0.2943	0.2943
11	25	0.1297	0.1297
11	26	0.2299	0.2299
11	27	0.2781	0.2781
11	28	0.753	0.753
11	29	0.2648	0.2648
11	30	0.5151	0.5151
11	31	1.5113	1.5113
11	32	0.4729	0.4729
11	33	2.0965	2.0965
11	34	0.0012	0.0012
11	35	4.3078	4.3078
11	36	4.997	4.997
11	37	1.1443	1.1443
11	38	0.7274	0.7274
11	40	0.8085	0.8085
11	41	0.0035	0.0035
11	42	1.0216	1.0216
11	43	0.9963	0.9963
11	44	0.4222	0.4222
11	45	0.4393	0.4393
11	46	0.4487	0.4487
11	47	0.0529	0.0529
11	48	0.507	0.507
11	49	0.3816	0.3816
11	50	0.1837	0.1837
11	51	1.3943	1.3943
11	52	1.1802	1.1802
11	53	5.0647	5.0647
11	54	0.3664	0.3664
11	55	6.7354	6.7354
11	56	1.8199	1.8199
11	57	1.8949	1.8949
11	58	1.1466	1.1466
11	59	2.2452	2.2452
11	60	0.8853	0.8853
12	13	0.0	0.0
12	14	0.0	0.0
12	15	0.0	0.0
12	16	0.1638	0.1638
12	20	0.0	0.0
12	21	418.4725	418.4725
12	22	0.0	0.0
12	23	344.765	344.765
12	24	25.628	25.628
12	25	244.7046	244.7046
12	26	69.0891	69.0891
12	27	4.6553	4.6553
12	28	0.6594	0.6594
12	29	0.0008	0.0008
12	30	0.152	0.152
12	31	0.1387	0.1387
12	32	0.0039	0.0039
12	33		
12	34		
12	35	0.0	0.0
12	36	0.0737	0.0737
12	37	0.0757	0.0757
12	38	0.1239	0.1239
12	40	0.1138	0.1138
12	41	2.5894	2.5894
12	42	46.2495	46.2495
12	43	0.0219	0.0219
12	44	0.0004	0.0004
12	45	0.0563	0.0563
12	46	0.0236	0.0236
12	47	0.0	0.0
12	48	0.0032	0.0032
12	49	0.0304	0.0304
12	50	0.3913	0.3913
12	51	0.0023	0.0023
12	52	0.0	0.0
12	53	9.5245	9.5245
12	54	0.0068	0.0068
12	55	0.0006	0.0006
12	56	0.0041	0.0041
12	61	0.0003	0.0003
12	62	0.1449	0.1449
13	17	0.0	0.0
13	18	0.0	0.0
13	19	45.0793	45.0793
13	20	1797.1982	1797.1982
13	21	0.0	0.0
13	22	126.413	126.413
13	23	0.0986	0.0986
13	24	0.0	0.0
13	25	0.0006	0.0006
13	26	58.7155	58.7155
13	27	110.3893	110.3893
13	28	65.41	65.41
13	29	0.0072	0.0072
13	30	0.0	0.0
13	31	0.0067	0.0067
13	32	7643.8725	7643.8725
13	33	0.0	0.0
13	34		
13	35	0.0	0.0
13	36	0.006	0.006
13	37	0.0186	0.0186
13	38	0.0031	0.0031
13	40	2.2312	2.2312
13	41	0.0	0.0
13	42	0.0	0.0
13	43	0.0024	0.0024
13	44	12.3016	12.3016
13	45	3.1363	3.1363
13	47	599.4457	599.4457
13	48	0.1523	0.1523
13	49	15.5021	15.5021
13	50	4.4739	4.4739
13	52	0.0	0.0
13	53	0.0	0.0
13	54	0.0	0.0
13	55	0.0203	0.0203
13	56	0.3081	0.3081
13	57	2864.393	2864.393
13	58	59.9141	59.9141
13	61	0.0742	0.0742
13	62	20.842	20.842
14	17	0.0	0.0
14	18	0.0	0.0
14	19	0.0	0.0
14	20	0.0	0.0
14	21	0.0	0.0
14	22	0.0015	0.0015
14	23	0.0006	0.0006
14	24	0.0	0.0
14	25	0.0	0.0
14	26	0.0004	0.0004
14	27	0.0001	0.0001
14	28	0.0486	0.0486
14	29	0.0	0.0
14	30	25.9537	25.9537
14	31	0.0034	0.0034
14	32	0.0	0.0
14	33	0.0	0.0
14	34		
14	35	0.0	0.0
14	36	0.0	0.0
14	37	0.0061	0.0061
14	38	0.0269	0.0269
14	40	0.0039	0.0039
14	41	155.1671	155.1671
14	42	253.3424	253.3424
14	43	479.8673	479.8673
14	44	5.9821	5.9821
14	45	1.4242	1.4242
14	47	123.0473	123.0473
14	48	4233.5816	4233.5816
14	49	0.0	0.0
14	50	0.0075	0.0075
14	52	0.0	0.0
14	53	56.5932	56.5932
14	54	475.6957	475.6957
14	55	1052.0385	1052.0385
14	56	456.1995	456.1995
14	57	0.3365	0.3365
14	58	0.2236	0.2236
14	61	0.0	0.0
14	62	0.8716	0.8716
15	17	0.0	0.0
15	18	0.0	0.0
15	19	0.0186	0.0186
15	20	0.1881	0.1881
15	21	0.0	0.0
15	22	0.1997	0.1997
15	23	0.0034	0.0034
15	24	0.0	0.0
15	25	0.0	0.0
15	26	0.0612	0.0612
15	27	0.4545	0.4545
15	28	0.1209	0.1209
15	29	0.2653	0.2653
15	30	0.0081	0.0081
15	31	0.0257	0.0257
15	32	0.9467	0.9467
15	33	0.0	0.0
15	34	0.0	0.0
15	35	0.0212	0.0212
15	36	0.0016	0.0016
15	37	0.002	0.002
15	38	0.0088	0.0088
15	40	0.1352	0.1352
15	41	0.1905	0.1905
15	42	4.0492	4.0492
15	43	0.0282	0.0282
15	44	0.1087	0.1087
15	45	0.5211	0.5211
15	47	1172.1509	1172.1509
15	48	1.3291	1.3291
15	49	0.3486	0.3486
15	50	0.3027	0.3027
15	52	0.29	0.29
15	53	0.5054	0.5054
15	54	2.0757	2.0757
15	55	1.6019	1.6019
15	56	0.2582	0.2582
15	57	1.5941	1.5941
15	58	0.0296	0.0296
15	61	0.1809	0.1809
15	62	0.3225	0.3225
16	17	0.0	0.0
16	18	0.0012	0.0012
16	19	0.0	0.0
16	20	0.001	0.001
16	21	0.0	0.0
16	22	3.0447	3.0447
16	23	1.3102	1.3102
16	24	0.0	0.0
16	25	0.0001	0.0001
16	26	0.0089	0.0089
16	27	0.1738	0.1738
16	28	0.0736	0.0736
16	29	0.6019	0.6019
16	30	0.0007	0.0007
16	31	14.2684	14.2684
16	32	0.8655	0.8655
16	33	0.0	0.0
16	34	0.0	0.0
16	35	0.0	0.0
16	36	0.0032	0.0032
16	37	0.3201	0.3201
16	38	0.6494	0.6494
16	40	4.1554	4.1554
16	41	0.0067	0.0067
16	42	0.2475	0.2475
16	43	6.7444	6.7444
16	44	2.0379	2.0379
16	47	32.6127	32.6127
16	48	0.0211	0.0211
16	49	12.8832	12.8832
16	50	3.141	3.141
16	52	0.015	0.015
16	53	0.0034	0.0034
16	54	0.1798	0.1798
16	55	0.1846	0.1846
16	56	0.0692	0.0692
16	57	0.3501	0.3501
16	58	4.3795	4.3795
16	61	1.1395	1.1395
16	62	6.4767	6.4767
17	20	0.0	0.0
17	21	0.0026	0.0026
17	22	0.0	0.0
17	23	0.0	0.0
17	24	0.0013	0.0013
17	25	0.003	0.003
17	26	0.0	0.0
17	27	0.0	0.0
17	28	0.0006	0.0006
17	29	0.0	0.0
17	30	0.0	0.0
17	31	0.0	0.0
17	32	0.0	0.0
17	33		
17	34		
17	35	0.0	0.0
17	36	0.0	0.0
17	37	0.0012	0.0012
17	38	0.001	0.001
17	40	0.0	0.0
17	41	0.0	0.0
17	42	0.0	0.0
17	43	0.0	0.0
17	44	0.0	0.0
17	45	0.0	0.0
17	46	0.0	0.0
17	47	0.0	0.0
17	48	0.0	0.0
17	49	0.0	0.0
17	50	0.0	0.0
17	51	0.0	0.0
17	52	0.0	0.0
17	53	0.0	0.0
17	54	0.0	0.0
17	55	0.0	0.0
17	56	0.0	0.0
17	61	0.0	0.0
17	62	0.0003	0.0003
18	20	1.0531	1.0531
18	21	247.2473	247.2473
18	22	0.1368	0.1368
18	23	7.7483	7.7483
18	24	15.7611	15.7611
18	25	96.7855	96.7855
18	26	22.1767	22.1767
18	27	1.0249	1.0249
18	28	1.4897	1.4897
18	29	0.0343	0.0343
18	30	0.0	0.0
18	31	0.0465	0.0465
18	32	0.7905	0.7905
18	33		
18	34		
18	35	0.0	0.0
18	36	0.0118	0.0118
18	37	0.0333	0.0333
18	38	0.0182	0.0182
18	40	0.0063	0.0063
18	41	0.0	0.0
18	42	0.0	0.0
18	43	0.6851	0.6851
18	44	0.0494	0.0494
18	45	0.4387	0.4387
18	46	0.0001	0.0001
18	47	0.0	0.0
18	48	0.0002	0.0002
18	49	0.0041	0.0041
18	50	0.0579	0.0579
18	51	0.038	0.038
18	52	0.1593	0.1593
18	53	0.0054	0.0054
18	54	0.0001	0.0001
18	55	0.0022	0.0022
18	56	0.0034	0.0034
18	61	0.0038	0.0038
18	62	0.2095	0.2095
19	20	0.0335	0.0335
19	21	12.6082	12.6082
19	22	0.0862	0.0862
19	23	2.4653	2.4653
19	24	7.0276	7.0276
19	25	2.7063	2.7063
19	26	13.6462	13.6462
19	27	3.4548	3.4548
19	28	0.9369	0.9369
19	29	0.059	0.059
19	30	0.0031	0.0031
19	31	0.0036	0.0036
19	32	0.0	0.0
19	33	inf	inf
19	34		
19	35	0.0027	0.0027
19	36	0.1409	0.1409
19	37	0.0259	0.0259
19	38	0.019	0.019
19	40	0.05	0.05
19	41	0.0002	0.0002
19	42	0.0038	0.0038
19	43	0.0	0.0
19	44	0.0125	0.0125
19	45	0.0193	0.0193
19	46	0.0034	0.0034
19	47	0.0001	0.0001
19	48	0.0007	0.0007
19	49	0.0011	0.0011
19	50	0.0628	0.0628
19	51	0.0467	0.0467
19	52	0.1058	0.1058
19	53	0.0863	0.0863
19	54	0.0012	0.0012
19	55	0.0035	0.0035
19	61	0.0009	0.0009
19	62	0.0314	0.0314
20	21	3044.2301	3044.2301
20	22	0.084	0.084
20	23	0.0031	0.0031
20	24	0.0	0.0
20	25	13.1254	13.1254
20	29	0.0211	0.0211
20	30	0.0035	0.0035
20	31	0.0049	0.0049
20	32	0.04	0.04
20	33		
20	34		
20	35	0.0016	0.0016
20	36	0.4854	0.4854
20	37	0.1617	0.1617
20	38	0.0241	0.0241
20	40	0.0001	0.0001
20	41	0.0	0.0
20	42	0.0001	0.0001
20	43	0.1803	0.1803
20	44	0.0028	0.0028
20	45	0.0136	0.0136
20	46	0.0554	0.0554
20	47	0.2103	0.2103
20	48	0.002	0.002
20	49	0.01	0.01
20	50	0.0128	0.0128
20	51	0.0032	0.0032
20	52	0.1021	0.1021
20	53	5.0222	5.0222
20	54	8.9028	8.9028
20	55	19.1693	19.1693
20	56	1.1654	1.1654
20	57	0.3295	0.3295
20	58	0.1054	0.1054
20	59	0.2401	0.2401
20	61	9.2701	9.2701
20	62	0.1957	0.1957
21	22	0.0	0.0
21	23	0.0003	0.0003
21	29	0.0	0.0
21	30	0.0	0.0
21	31	0.0	0.0
21	32	0.0087	0.0087
21	33		
21	34		
21	35		
21	36	0.0	0.0
21	37	0.0025	0.0025
21	38	0.0044	0.0044
21	40	0.0	0.0
21	41	0.0	0.0
21	42	0.0	0.0
21	43	0.0	0.0
21	44	0.0215	0.0215
21	45	0.0003	0.0003
21	46	0.0	0.0
21	47	0.0	0.0
21	48	0.0001	0.0001
21	49	0.0	0.0
21	50	0.004	0.004
21	51	0.0	0.0
21	52	0.0	0.0
21	53	0.0	0.0
21	54	0.0	0.0
21	55	0.0045	0.0045
21	56	0.163	0.163
21	57	0.1716	0.1716
21	58	0.0013	0.0013
21	59	0.0024	0.0024
21	61	2.7462	2.7462
21	62	0.0422	0.0422
22	23	0.0316	0.0316
22	24	6557.8366	6557.8366
22	29	3.7378	3.7378
22	30	0.0002	0.0002
22	31	2.5537	2.5537
22	32	0.0007	0.0007
22	33		
22	34		
22	35	0.2218	0.2218
22	36	1.9138	1.9138
22	37	0.4094	0.4094
22	38	0.882	0.882
22	40	1.2701	1.2701
22	41	0.0415	0.0415
22	42	0.2115	0.2115
22	43	0.0095	0.0095
22	44	0.8504	0.8504
22	45	0.9626	0.9626
22	46	0.7112	0.7112
22	47	0.0001	0.0001
22	48	0.0118	0.0118
22	49	5.8707	5.8707
22	50	0.7402	0.7402
22	51	0.3584	0.3584
22	52	3.9893	3.9893
22	53	5.3807	5.3807
22	54	1.3274	1.3274
22	55	12.5126	12.5126
22	56	1.0145	1.0145
22	57	0.3012	0.3012
22	58	0.087	0.087
22	59	3.7134	3.7134
22	61	0.0	0.0
22	62	0.8742	0.8742
23	24	298.3688	298.3688
23	25	1.525	1.525
23	26	0.8073	0.8073
23	29	0.4887	0.4887
23	30	0.4376	0.4376
23	31	1.5921	1.5921
23	32	1.3169	1.3169
23	33	0.0006	0.0006
23	34	0.0	0.0
23	35	1.0668	1.0668
23	36	1.2078	1.2078
23	37	1.2659	1.2659
23	38	0.8776	0.8776
23	40	0.6111	0.6111
23	41	0.0	0.0
23	42	0.0003	0.0003
23	43	2.5067	2.5067
23	44	0.916	0.916
23	45	2.9046	2.9046
23	46	0.7514	0.7514
23	47	0.054	0.054
23	48	0.0787	0.0787
23	49	3.238	3.238
23	50	0.4622	0.4622
23	51	1.9904	1.9904
23	52	0.6904	0.6904
23	53	0.95	0.95
23	54	15.4733	15.4733
23	55	0.48	0.48
23	56	0.1166	0.1166
23	57	0.867	0.867
23	58	2.382	2.382
23	59	1.4538	1.4538
23	61	1.1325	1.1325
23	62	3.4496	3.4496
24	29	0.1065	0.1065
24	30	0.0	0.0
24	31	5.3484	5.3484
24	32	2.921	2.921
24	33		
24	34		
24	35	0.0	0.0
24	36	3.357	3.357
24	37	0.3512	0.3512
24	38	0.4379	0.4379
24	40	14.8668	14.8668
24	41		
24	42	0.0	0.0
24	43	0.1187	0.1187
24	44	0.0	0.0
24	45	0.0023	0.0023
24	46	0.0491	0.0491
24	47	0.0	0.0
24	48	0.0001	0.0001
24	49	0.9128	0.9128
24	50	0.0625	0.0625
24	51	0.1368	0.1368
24	52	0.0	0.0
24	53	0.0	0.0
24	54	0.0	0.0
24	55	0.0002	0.0002
24	56	0.001	0.001
24	57	0.0495	0.0495
24	58	0.1292	0.1292
24	59	3.4791	3.4791
24	61	0.0	0.0
24	62	0.2544	0.2544
25	29	0.5794	0.5794
25	30	0.0	0.0
25	31	0.0029	0.0029
25	32	26.8217	26.8217
25	33	inf	inf
25	34	0.0	0.0
25	35	0.0082	0.0082
25	36	0.0005	0.0005
25	37	0.0088	0.0088
25	38	0.0259	0.0259
25	40	0.001	0.001
25	41	0.0	0.0
25	42	0.0	0.0
25	43	0.0366	0.0366
25	44	0.4876	0.4876
25	45	0.6739	0.6739
25	46	0.0037	0.0037
25	47	0.0	0.0
25	48	0.0	0.0
25	49	0.036	0.036
25	50	0.0395	0.0395
25	51	0.0142	0.0142
25	52	0.0251	0.0251
25	53	0.1119	0.1119
25	54	0.4499	0.4499
25	55	0.6765	0.6765
25	56	0.2508	0.2508
25	57	0.2994	0.2994
25	58	0.115	0.115
25	59	0.3049	0.3049
25	61	0.4597	0.4597
25	62	0.2434	0.2434
26	29	0.689	0.689
26	30	0.0112	0.0112
26	31	0.0716	0.0716
26	32	0.1957	0.1957
26	33		
26	34	0.0	0.0
26	35	0.0101	0.0101
26	36	1.4008	1.4008
26	37	0.374	0.374
26	38	0.341	0.341
26	40	0.1018	0.1018
26	41	0.0	0.0
26	42	0.0293	0.0293
26	43	0.0033	0.0033
26	44	0.0784	0.0784
26	45	0.0208	0.0208
26	46	0.016	0.016
26	47	0.0815	0.0815
26	48	0.0035	0.0035
26	49	0.0106	0.0106
26	50	0.0379	0.0379
26	51	0.0291	0.0291
26	52	0.0074	0.0074
26	53	0.1699	0.1699
26	54	0.7802	0.7802
26	55	7.588	7.588
26	56	0.8988	0.8988
26	57	1.8625	1.8625
26	58	0.1628	0.1628
26	59	0.1957	0.1957
26	61	2.6271	2.6271
26	62	0.1302	0.1302
27	29	22.7708	22.7708
27	30	0.0085	0.0085
27	31	3.6042	3.6042
27	32	0.2473	0.2473
27	33	36.1009	36.1009
27	34	0.0	0.0
27	35	0.002	0.002
27	36	0.6304	0.6304
27	37	2.9603	2.9603
27	38	1.5883	1.5883
27	40	0.1208	0.1208
27	41	0.0002	0.0002
27	42	2.786	2.786
27	43	0.0155	0.0155
27	44	0.2693	0.2693
27	45	1.4537	1.4537
27	46	5.7276	5.7276
27	47	1.3693	1.3693
27	48	0.0974	0.0974
27	49	2.1497	2.1497
27	50	3.6184	3.6184
27	51	0.8639	0.8639
27	52	1.0486	1.0486
27	53	0.3781	0.3781
27	54	0.0563	0.0563
27	55	0.9049	0.9049
27	56	0.6035	0.6035
27	57	1.3385	1.3385
27	58	0.4253	0.4253
27	59	1.2693	1.2693
27	61	1.3996	1.3996
27	62	0.3848	0.3848
28	29	6.0004	6.0004
28	30	0.847	0.847
28	31	3.9516	3.9516
28	32	1.3201	1.3201
28	33	0.1318	0.1318
28	34	0.0016	0.0016
28	35	0.1667	0.1667
28	36	1.3975	1.3975
28	37	1.0658	1.0658
28	38	0.9726	0.9726
28	40	1.6124	1.6124
28	41	0.0036	0.0036
28	42	0.8769	0.8769
28	43	0.1279	0.1279
28	44	3.2285	3.2285
28	45	4.8637	4.8637
28	46	0.9437	0.9437
28	47	1.9401	1.9401
28	48	0.2682	0.2682
28	49	1.3982	1.3982
28	50	1.1098	1.1098
28	51	1.5447	1.5447
28	52	3.9967	3.9967
28	53	3.3886	3.3886
28	54	1.323	1.323
28	55	2.9661	2.9661
28	56	0.9776	0.9776
28	57	2.2933	2.2933
28	58	1.2822	1.2822
28	61	0.6699	0.6699
28	62	0.954	0.954
29	30	1.4645	1.4645
29	31	3.2795	3.2795
29	32	0.0078	0.0078
29	33	0.0	0.0
29	34	0.0	0.0
29	35	0.0004	0.0004
29	36	0.002	0.002
29	37	0.1661	0.1661
29	38	0.8386	0.8386
29	40	10.3209	10.3209
29	41	0.0	0.0
29	42	0.0005	0.0005
29	47	0.0005	0.0005
29	48	0.0042	0.0042
29	49	3.6567	3.6567
29	50	1.5972	1.5972
29	52	3.7822	3.7822
29	53	0.3227	0.3227
29	54	0.0786	0.0786
29	55	0.0046	0.0046
29	56	0.0019	0.0019
29	57	0.0374	0.0374
29	58	0.0199	0.0199
29	61	0.2108	0.2108
29	62	0.6307	0.6307
30	31	0.2353	0.2353
30	32	0.0	0.0
30	33	0.0	0.0
30	34	0.0	0.0
30	35	0.463	0.463
30	36	0.0004	0.0004
30	37	0.1124	0.1124
30	38	1.4096	1.4096
30	40	29.5316	29.5316
30	41	0.0	0.0
30	42	0.0034	0.0034
30	43	0.0567	0.0567
30	44	0.0252	0.0252
30	45	0.0324	0.0324
30	46	0.0463	0.0463
30	49	0.0	0.0
30	50	1.5461	1.5461
30	51	0.1488	0.1488
30	52	0.0	0.0
30	53	0.0006	0.0006
30	54	0.016	0.016
30	55	20.4468	20.4468
30	56	24.7564	24.7564
30	57	41.1942	41.1942
30	61	0.1095	0.1095
30	62	2.9162	2.9162
31	32	0.0007	0.0007
31	33	0.0	0.0
31	34	0.0	0.0
31	35	6.4194	6.4194
31	40	0.7516	0.7516
31	41	0.0	0.0
31	42	0.0008	0.0008
31	43	50.6345	50.6345
31	44	0.7094	0.7094
31	45	1.5915	1.5915
31	46	2.318	2.318
31	47	0.0268	0.0268
31	48	2.8505	2.8505
31	49	0.0604	0.0604
31	50	3.5224	3.5224
31	51	1.3808	1.3808
31	52	0.0001	0.0001
31	53	0.0007	0.0007
31	54	0.0218	0.0218
31	55	0.3508	0.3508
31	56	0.0624	0.0624
31	57	0.0395	0.0395
31	58	0.499	0.499
31	59	0.3286	0.3286
31	60	0.5771	0.5771
31	61	0.6868	0.6868
31	62	0.6733	0.6733
32	33	0.0	0.0
32	34		
32	35	0.0	0.0
32	36	0.0113	0.0113
32	37	0.0733	0.0733
32	38	0.4505	0.4505
32	40	0.3975	0.3975
32	41	0.1732	0.1732
32	42	6.0133	6.0133
32	43	0.4479	0.4479
32	47	3.7286	3.7286
32	48	0.0119	0.0119
32	49	0.5856	0.5856
32	50	4.8313	4.8313
32	52	1.9492	1.9492
32	53	0.0387	0.0387
32	54	0.0487	0.0487
32	55	0.0058	0.0058
32	56	0.0128	0.0128
32	57	0.0479	0.0479
32	58	0.1306	0.1306
32	61	0.313	0.313
32	62	3.1748	3.1748
33	36	0.0	0.0
33	37	0.0153	0.0153
33	38	0.0739	0.0739
33	40	0.0	0.0
33	41		
33	42		
33	43	0.0	0.0
33	44	0.0	0.0
33	45	0.0	0.0
33	46	0.0	0.0
33	47	0.0	0.0
33	48	0.0	0.0
33	49	0.0	0.0
33	50	0.0	0.0
33	51	0.0007	0.0007
33	52	inf	inf
33	53	27.5885	27.5885
33	54	3.8381	3.8381
33	55	0.5006	0.5006
33	61	1.3099	1.3099
33	62	1.9032	1.9032
34	36	0.0	0.0
34	37	0.0046	0.0046
34	38	0.0064	0.0064
34	40		
34	41		
34	42	0.0	0.0
34	43	0.0	0.0
34	44	0.0	0.0
34	45	0.0	0.0
34	46	0.0	0.0
34	47	0.0	0.0
34	48	0.0	0.0
34	49		
34	50	0.0	0.0
34	51	0.0	0.0
34	52		
34	53	0.0	0.0
34	54	0.0	0.0
34	55	0.0	0.0
34	61	0.0	0.0
34	62	0.0004	0.0004
35	36	0.4841	0.4841
35	37	17.333	17.333
35	38	3.5664	3.5664
35	40	5.2996	5.2996
35	41	0.0003	0.0003
35	42	0.0163	0.0163
35	43	2.0756	2.0756
35	44	0.4306	0.4306
35	45	0.008	0.008
35	46	0.0093	0.0093
35	47	0.0001	0.0001
35	48	0.2282	0.2282
35	49	0.0002	0.0002
35	50	1.247	1.247
35	51	0.0341	0.0341
35	52	0.1086	0.1086
35	53	0.1069	0.1069
35	54	0.0816	0.0816
35	61	0.0622	0.0622
35	62	17.6091	17.6091
36	40	0.3757	0.3757
36	41	0.0113	0.0113
36	42	0.1105	0.1105
36	43	0.095	0.095
36	44	0.091	0.091
36	45	0.5124	0.5124
36	46	0.3511	0.3511
36	47	0.0092	0.0092
36	48	0.1248	0.1248
36	49	1.1171	1.1171
36	50	0.3222	0.3222
36	51	1.8484	1.8484
36	52	0.001	0.001
36	53	0.2359	0.2359
36	54	0.0133	0.0133
36	55	0.0652	0.0652
36	56	0.5505	0.5505
36	57	0.3505	0.3505
36	58	1.2681	1.2681
36	59	4.1009	4.1009
36	60	2.7329	2.7329
36	61	3.6702	3.6702
36	62	2.9295	2.9295
37	40	2.4621	2.4621
37	41	0.0048	0.0048
37	42	0.1431	0.1431
37	43	2.054	2.054
37	44	0.5474	0.5474
37	45	1.0996	1.0996
37	46	0.3342	0.3342
37	47	0.0043	0.0043
37	48	1.664	1.664
37	49	1.9081	1.9081
37	50	0.7198	0.7198
37	51	0.7497	0.7497
37	52	0.269	0.269
37	53	0.2348	0.2348
37	54	0.1921	0.1921
37	55	0.3865	0.3865
37	56	0.2785	0.2785
37	57	0.3684	0.3684
37	58	2.2203	2.2203
37	59	0.8131	0.8131
37	60	2.3001	2.3001
37	61	0.9686	0.9686
37	62	1.8417	1.8417
38	40	1.4105	1.4105
38	41	0.0058	0.0058
38	42	0.0758	0.0758
38	43	0.1712	0.1712
38	44	0.4523	0.4523
38	45	0.8924	0.8924
38	46	1.8121	1.8121
38	47	0.009	0.009
38	48	2.6011	2.6011
38	49	0.1878	0.1878
38	50	0.6089	0.6089
38	51	1.3163	1.3163
38	52	0.2003	0.2003
38	53	0.2639	0.2639
38	54	0.2582	0.2582
38	55	3.6651	3.6651
38	56	1.3201	1.3201
38	57	0.6257	0.6257
38	58	1.0898	1.0898
38	59	0.7345	0.7345
38	60	1.1516	1.1516
38	61	2.5999	2.5999
38	62	1.0157	1.0157
40	41	0.0	0.0
40	42	0.0	0.0
40	43	0.3428	0.3428
40	44	2.8816	2.8816
40	45	1.7463	1.7463
40	46	1.9114	1.9114
40	47	0.0238	0.0238
40	48	7.5708	7.5708
40	52	0.0048	0.0048
40	53	0.0035	0.0035
40	54	0.1484	0.1484
40	55	22.5469	22.5469
40	56	91.4402	91.4402
40	57	6.2269	6.2269
40	58	5.9313	5.9313
40	61	2.5427	2.5427
40	62	2.0715	2.0715
41	43	0.5329	0.5329
41	44	0.0187	0.0187
41	45	0.0022	0.0022
41	46	0.0295	0.0295
41	47	0.0001	0.0001
41	48	0.0	0.0
41	49	0.0	0.0
41	50	0.0032	0.0032
41	51	0.0008	0.0008
41	52	0.0012	0.0012
41	61	0.0	0.0
41	62	0.0029	0.0029
42	43	4.4994	4.4994
42	44	1.116	1.116
42	45	0.3346	0.3346
42	46	0.0735	0.0735
42	47	0.0014	0.0014
42	48	0.0406	0.0406
42	49	0.0001	0.0001
42	50	0.0029	0.0029
42	51	0.0237	0.0237
42	61	0.0095	0.0095
42	62	0.6236	0.6236
43	47	54.6616	54.6616
43	48	0.119	0.119
43	49	15.4233	15.4233
43	50	3.8579	3.8579
43	52	0.0317	0.0317
43	53	1.9375	1.9375
43	54	4.4189	4.4189
43	55	6.3853	6.3853
43	56	0.508	0.508
43	57	0.0255	0.0255
43	58	0.1526	0.1526
43	61	0.0215	0.0215
43	62	0.5921	0.5921
44	47	0.5305	0.5305
44	48	0.0244	0.0244
44	49	1.0988	1.0988
44	50	1.693	1.693
44	52	1.483	1.483
44	53	0.0749	0.0749
44	54	0.1848	0.1848
44	55	0.2028	0.2028
44	56	0.0169	0.0169
44	57	0.0073	0.0073
44	58	0.1147	0.1147
44	61	0.4651	0.4651
44	62	1.0884	1.0884
45	47	10.932	10.932
45	48	0.0338	0.0338
45	49	0.6769	0.6769
45	50	1.1782	1.1782
45	52	4.6773	4.6773
45	53	0.0126	0.0126
45	54	0.2945	0.2945
45	55	0.0574	0.0574
45	56	0.0501	0.0501
45	57	0.1385	0.1385
45	58	0.562	0.562
45	61	0.0573	0.0573
45	62	0.679	0.679
46	47	19.1886	19.1886
46	48	0.0461	0.0461
46	49	1.6575	1.6575
46	52	0.9056	0.9056
46	53	0.7489	0.7489
46	54	12.6814	12.6814
46	55	0.3708	0.3708
46	56	0.9198	0.9198
46	57	0.8701	0.8701
46	58	1.5086	1.5086
46	61	3.2843	3.2843
46	62	0.5546	0.5546
47	49	49.3554	49.3554
47	50	3.5307	3.5307
47	51	5.268	5.268
47	52	0.0002	0.0002
47	53	0.2676	0.2676
47	54	44.0854	44.0854
47	55	12.1311	12.1311
47	56	8.8573	8.8573
47	57	9.1423	9.1423
47	61	0.0272	0.0272
47	62	0.0713	0.0713
48	49	0.0936	0.0936
48	50	0.1538	0.1538
48	51	0.773	0.773
48	52	0.0016	0.0016
48	53	0.0522	0.0522
48	54	1.4154	1.4154
48	55	1.0018	1.0018
48	56	1.8324	1.8324
48	61	10.3258	10.3258
48	62	1.0672	1.0672
49	52	0.0	0.0
49	53	0.0002	0.0002
49	54	0.0141	0.0141
49	55	0.6775	0.6775
49	56	2.4545	2.4545
49	57	0.8447	0.8447
49	58	2.5557	2.5557
49	61	0.1596	0.1596
49	62	1.064	1.064
50	52	0.0272	0.0272
50	53	0.0487	0.0487
50	54	0.385	0.385
50	55	0.6461	0.6461
50	56	1.7729	1.7729
50	57	0.5227	0.5227
50	58	1.3173	1.3173
50	61	0.0874	0.0874
50	62	0.3973	0.3973
51	52	0.8797	0.8797
51	53	0.8463	0.8463
51	54	2.4399	2.4399
51	55	0.6421	0.6421
51	56	1.6286	1.6286
51	57	0.4388	0.4388
51	61	0.8548	0.8548
51	62	1.5917	1.5917
52	61	0.1257	0.1257
52	62	1.2436	1.2436
53	61	0.0189	0.0189
53	62	2.3076	2.3076
54	61	0.2843	0.2843
54	62	0.251	0.251
55	61	8.5595	8.5595
55	62	6.3978	6.3978
56	61	1.9259	1.9259
56	62	2.1245	2.1245
57	61	0.1654	0.1654
57	62	1.2047	1.2047
58	61	2.1528	2.1528
58	62	1.1768	1.1768
59	61	0.3923	0.3923
59	62	0.9689	0.9689
60	61	0.4821	0.4821
