scan_id	trait	target_class	scan_match	site	nonsyn_recode	from_state	to_state	from_state_ids	to_state_ids	observed_from_state_ids	observed_to_state_ids	from_state_distribution	to_state_distribution	state_change	candidate_event_pp_sum	scan_min_support_count	scan_min_event_pp	scan_rate_length_used	scan_rate_exposure	scan_rate_event_mode	scan_other_scope	scan_pvalue_calibration	scan_n_permutations	scan_permutation_seed	scan_permutation_backend	scan_permutation_n_jobs	scan_permutation_success_count	scan_permutation_failure_count	scan_permutation_failure_reasons	codon_site_alignment	site_rate	site_rate_quantile	state_all_conservation	state_all_entropy	state_all_major_state	state_all_valid_tip_count	state_bg_conservation	state_bg_entropy	state_bg_major_state	state_bg_valid_tip_count	aa_all_conservation	aa_all_entropy	aa_all_major_state	aa_all_valid_tip_count	aa_bg_conservation	aa_bg_entropy	aa_bg_major_state	aa_bg_valid_tip_count	unit_total	support_unit_count	support_fraction	support_pp_sum	support_pp_mean	support_unit_ids	support_branch_ids	target_event_count	target_event_branch_count	target_raw_branch_length	target_sn_rescaled_length	target_n_rescaled_length	target_exposure_branch_length	other_event_count	other_event_branch_count	other_raw_branch_length	other_sn_rescaled_length	other_n_rescaled_length	other_exposure_branch_length	target_event_rate	other_event_rate	rate_ratio	p_rate_enrichment	p_rate_enrichment_empirical	p_rate_enrichment_empirical_maxT	q_rate_enrichment	q_rate_enrichment_by_trait	q_rate_enrichment_by_trait_match
75	PLACEHOLDER	fg	any2spe	766	no	any	S	0,1,2,3,4,5,6,7,8,9,10,11,12,13,14,15,16,17,18,19	15	0	15	A:6.66043	S:6.66043	778S	6.66043000	2	0.50000000	n_rescaled	q_weighted	posterior_sum	all	none	1000	1	multiprocessing	1	0	0		778	1.04764000	0.80753138	0.82608696	0.15423171	A	69	1.00000000	-0.00000000	A	57	0.82608696	0.15423171	A	69	1.00000000	-0.00000000	A	57	12	7	0.58333333	6.66043000	0.95149000	1,2,4,5,6,7,11	1,5,26,33,35,40,103	6.67580000	12	1.78195607	1.75569249	0.76605441	0.09403331	2.31446755	31	15.81981453	18.60991729	3.74976303	0.66433196	70.99399398	3.48390216	20.37772322	0.00000979			0.00084224	0.00084224	0.00084224
34	PLACEHOLDER	fg	any2spe	528	no	any	T	0,1,2,3,4,5,6,7,8,9,10,11,12,13,14,15,16,17,18,19	16	12	16	P:3.9685	T:3.9685	538T	3.96850000	2	0.50000000	n_rescaled	q_weighted	posterior_sum	all	none	1000	1	multiprocessing	1	0	0		538	1.04764000	0.56485356	0.92307692	0.10337435	P	65	0.98113208	0.03124444	P	53	0.92307692	0.10337435	P	65	0.98113208	0.03124444	P	53	12	4	0.33333333	3.96850000	0.99212500	4,5,6,7	26,33,35,40	3.96870000	4	1.78195607	1.75569249	0.76605441	0.05658416	0.03112605	7	15.81981453	18.60991729	3.74976303	0.27100331	70.13800568	0.11485486	610.66640066	0.00011395			0.00417074	0.00417074	0.00417074
54	PLACEHOLDER	fg	any2spe	615	no	any	I	0,1,2,3,4,5,6,7,8,9,10,11,12,13,14,15,16,17,18,19	7	17	7	V:4.97586	I:4.97586	625I	4.97586000	2	0.50000000	n_rescaled	q_weighted	posterior_sum	all	none	1000	1	multiprocessing	1	0	0		625	1.04764000	0.65376569	0.89230769	0.11404997	V	65	1.00000000	-0.00000000	V	53	0.89230769	0.11404997	V	65	1.00000000	-0.00000000	V	53	12	5	0.41666667	4.97586000	0.99517200	1,4,5,6,7	1,26,33,35,40	4.98569000	7	1.78195607	1.75569249	0.76605441	0.23653903	1.02280252	34	15.81981453	18.60991729	3.74976303	1.20220483	21.07766307	0.85077225	24.77474195	0.00016542			0.00417074	0.00417074	0.00417074
72	PLACEHOLDER	fg	any2spe	748	no	any	A	0,1,2,3,4,5,6,7,8,9,10,11,12,13,14,15,16,17,18,19	0	15	0	S:4.9922	A:4.9922	759A	4.99220000	2	0.50000000	n_rescaled	q_weighted	posterior_sum	all	none	1000	1	multiprocessing	1	0	0		759	1.04764000	0.78870293	0.87142857	0.12806952	S	70	0.98275862	0.02907454	S	58	0.87142857	0.12806952	S	70	0.98275862	0.02907454	S	58	12	5	0.41666667	4.99220000	0.99844000	1,2,4,6,11	1,5,26,35,103	5.21372000	8	1.78195607	1.75569249	0.76605441	0.11302823	2.00831984	19	15.81981453	18.60991729	3.74976303	0.69599251	46.12759058	2.88554806	15.98572944	0.00019399			0.00417074	0.00417074	0.00417074
5	PLACEHOLDER	fg	any2spe	113	no	any	L	0,1,2,3,4,5,6,7,8,9,10,11,12,13,14,15,16,17,18,19	9	7	9	I:2.94473	L:2.94473	115L	2.94473000	2	0.50000000	n_rescaled	q_weighted	posterior_sum	all	none	1000	1	multiprocessing	1	0	0		115	1.04764000	0.14853556	0.85365854	0.18837482	I	41	0.90909091	0.12100581	I	33	0.85365854	0.18837482	I	41	0.90909091	0.12100581	I	33	12	3	0.25000000	2.94473000	0.98157667	2,8,9	5,90,95	2.94521000	3	1.78195607	1.75569249	0.76605441	0.14322349	0.06138870	16	15.81981453	18.60991729	3.74976303	0.85678960	20.56373635	0.07164968	287.00388030	0.00048949			0.00641248	0.00641248	0.00641248
71	PLACEHOLDER	fg	any2spe	741	no	any	L	0,1,2,3,4,5,6,7,8,9,10,11,12,13,14,15,16,17,18,19	9	10	9	M:2.99593	L:2.99593	752L	2.99593000	2	0.50000000	n_rescaled	q_weighted	posterior_sum	all	none	1000	1	multiprocessing	1	0	0		752	1.04764000	0.78138075	0.95714286	0.05905746	M	70	1.00000000	-0.00000000	M	58	0.95714286	0.05905746	M	70	1.00000000	-0.00000000	M	58	12	3	0.25000000	2.99593000	0.99864333	6,8,11	35,90,103	2.99593000	3	1.78195607	1.75569249	0.76605441	0.28531361	0.00407997	6	15.81981453	18.60991729	3.74976303	1.39715436	10.50048058	0.00292020	3595.80980374	0.00057418			0.00641248	0.00641248	0.00641248
70	PLACEHOLDER	fg	any2spe	738	no	any	F	0,1,2,3,4,5,6,7,8,9,10,11,12,13,14,15,16,17,18,19	4	19	4	Y:2.97686	F:2.97686	749F	2.97686000	2	0.50000000	n_rescaled	q_weighted	posterior_sum	all	none	1000	1	multiprocessing	1	0	0		749	1.04764000	0.77824268	0.94285714	0.08384126	Y	70	0.98275862	0.02907454	Y	58	0.94285714	0.08384126	Y	70	0.98275862	0.02907454	Y	58	12	3	0.25000000	2.97686000	0.99228667	5,6,7	33,35,40	2.97686000	3	1.78195607	1.75569249	0.76605441	0.23334161	0.02317961	8	15.81981453	18.60991729	3.74976303	1.14527458	12.75751869	0.02023934	630.33259371	0.00066057			0.00641248	0.00641248	0.00641248
80	PLACEHOLDER	fg	any2spe	822	no	any	K	0,1,2,3,4,5,6,7,8,9,10,11,12,13,14,15,16,17,18,19	8	5	8	G:2.97613	K:2.97613	837K	2.97613000	2	0.50000000	n_rescaled	q_weighted	posterior_sum	all	none	1000	1	multiprocessing	1	0	0		837	1.04764000	0.86401674	0.92753623	0.10976482	G	69	0.98245614	0.02948187	G	57	0.92753623	0.10976482	G	69	0.98245614	0.02948187	G	57	12	3	0.25000000	2.97613000	0.99204333	1,5,6	1,33,35	2.97619000	3	1.78195607	1.75569249	0.76605441	0.04131680	0.02365971	4	15.81981453	18.60991729	3.74976303	0.20279509	72.03341118	0.11666804	617.42197275	0.00066297			0.00641248	0.00641248	0.00641248
39	PLACEHOLDER	fg	any2spe	561	no	any	N	0,1,2,3,4,5,6,7,8,9,10,11,12,13,14,15,16,17,18,19	11	0,15	11	A:1.99999,S:1.76595	N:3.76594	571N	3.76594000	2	0.50000000	n_rescaled	q_weighted	posterior_sum	all	none	1000	1	multiprocessing	1	0	0		571	1.04764000	0.59937238	0.60000000	0.44277789	A	65	0.67924528	0.37132323	A	53	0.60000000	0.44277789	A	65	0.67924528	0.37132323	A	53	12	4	0.33333333	3.76594000	0.94148500	1,3,4,6	1,12,26,35	3.96193000	4	1.78195607	1.75569249	0.76605441	0.01887343	0.03828125	4	15.81981453	18.60991729	3.74976303	0.05388889	209.92102185	0.71037375	295.50785302	0.00067107			0.00641248	0.00641248	0.00641248
43	PLACEHOLDER	fg	any2spe	567	no	any	T	0,1,2,3,4,5,6,7,8,9,10,11,12,13,14,15,16,17,18,19	16	0	16	A:3.9796	T:3.9796	577T	3.97960000	2	0.50000000	n_rescaled	q_weighted	posterior_sum	all	none	1000	1	multiprocessing	1	0	0		577	1.04764000	0.60564854	0.53846154	0.38629595	A	65	0.66037736	0.33713970	A	53	0.53846154	0.38629595	A	65	0.66037736	0.33713970	A	53	12	4	0.33333333	3.97960000	0.99490000	4,5,6,7	26,33,35,40	3.97978000	5	1.78195607	1.75569249	0.76605441	0.03938386	2.37672951	24	15.81981453	18.60991729	3.74976303	0.29011485	101.05103106	8.19237441	12.33476718	0.00127136			0.01093367	0.01093367	0.01093367
9	PLACEHOLDER	fg	any2spe	312	no	any	T	0,1,2,3,4,5,6,7,8,9,10,11,12,13,14,15,16,17,18,19	16	15	16	S:1.99627	T:1.99627	319T	1.99627000	2	0.50000000	n_rescaled	q_weighted	posterior_sum	all	none	1000	1	multiprocessing	1	0	0		319	1.04764000	0.34832636	0.82608696	0.23091403	S	46	0.88888889	0.13729991	S	36	0.82608696	0.23091403	S	46	0.88888889	0.13729991	S	36	12	2	0.16666667	1.99627000	0.99813500	2,11	5,103	1.99631000	2	1.78195607	1.75569249	0.76605441	0.09478801	0.00606975	21	15.81981453	18.60991729	3.74976303	0.52702415	21.06078591	0.01151703	1828.66453965	0.00320800			0.02019645	0.02019645	0.02019645
47	PLACEHOLDER	fg	any2spe	577	no	any	K	0,1,2,3,4,5,6,7,8,9,10,11,12,13,14,15,16,17,18,19	8	11	8	N:1.99997	K:1.99997	587K	1.99997000	2	0.50000000	n_rescaled	q_weighted	posterior_sum	all	none	1000	1	multiprocessing	1	0	0		587	1.04764000	0.61610879	0.55384615	0.45120010	N	65	0.52830189	0.44492370	N	53	0.55384615	0.45120010	N	65	0.52830189	0.44492370	N	53	12	2	0.16666667	1.99997000	0.99998500	4,6	26,35	1.99997000	2	1.78195607	1.75569249	0.76605441	0.07127132	0.00114995	8	15.81981453	18.60991729	3.74976303	0.38154461	28.06135831	0.00301394	9310.52771681	0.00330355			0.02019645	0.02019645	0.02019645
68	PLACEHOLDER	fg	any2spe	731	no	any	R	0,1,2,3,4,5,6,7,8,9,10,11,12,13,14,15,16,17,18,19	14	9	14	L:1.99974	R:1.99974	742R	1.99974000	2	0.50000000	n_rescaled	q_weighted	posterior_sum	all	none	1000	1	multiprocessing	1	0	0		742	1.04764000	0.77092050	0.64285714	0.28319952	L	70	0.67241379	0.24791514	L	58	0.64285714	0.28319952	L	70	0.67241379	0.24791514	L	58	12	2	0.16666667	1.99974000	0.99987000	1,4	1,26	1.99974000	2	1.78195607	1.75569249	0.76605441	0.03489430	0.00030000	4	15.81981453	18.60991729	3.74976303	0.17620860	57.30849230	0.00170251	33661.23389633	0.00365866			0.02019645	0.02019645	0.02019645
44	PLACEHOLDER	fg	any2spe	572	no	any	M	0,1,2,3,4,5,6,7,8,9,10,11,12,13,14,15,16,17,18,19	10	7	10	I:1.99911	M:1.99911	582M	1.99911000	2	0.50000000	n_rescaled	q_weighted	posterior_sum	all	none	1000	1	multiprocessing	1	0	0		582	1.04764000	0.61087866	0.72307692	0.31444115	I	65	0.79245283	0.19157754	I	53	0.72307692	0.31444115	I	65	0.79245283	0.19157754	I	53	12	2	0.16666667	1.99911000	0.99955500	5,7	33,40	1.99916000	2	1.78195607	1.75569249	0.76605441	0.05720908	0.00176970	15	15.81981453	18.60991729	3.74976303	0.28894761	34.94480112	0.00612464	5705.61258127	0.00370683			0.02019645	0.02019645	0.02019645
50	PLACEHOLDER	fg	any2spe	608	no	any	C	0,1,2,3,4,5,6,7,8,9,10,11,12,13,14,15,16,17,18,19	1	15	1	S:1.99479	C:1.99479	618C	1.99479000	2	0.50000000	n_rescaled	q_weighted	posterior_sum	all	none	1000	1	multiprocessing	1	0	0		618	1.04764000	0.64644351	0.66153846	0.37451915	A	65	0.71698113	0.29907622	A	53	0.66153846	0.37451915	A	65	0.71698113	0.29907622	A	53	12	2	0.16666667	1.99479000	0.99739500	4,6	26,35	1.99505000	2	1.78195607	1.75569249	0.76605441	0.01043148	0.00717997	9	15.81981453	18.60991729	3.74976303	0.05348025	191.25285120	0.13425460	1424.55338789	0.00376890			0.02019645	0.02019645	0.02019645
19	PLACEHOLDER	fg	any2spe	491	no	any	K	0,1,2,3,4,5,6,7,8,9,10,11,12,13,14,15,16,17,18,19	8	6,12	8	P:0.99998,H:0.99993	K:1.99991	501K	1.99991000	2	0.50000000	n_rescaled	q_weighted	posterior_sum	all	none	1000	1	multiprocessing	1	0	0		501	1.04764000	0.52824268	0.47692308	0.54021718	P	65	0.50943396	0.50438020	P	53	0.47692308	0.54021718	P	65	0.50943396	0.50438020	P	53	12	2	0.16666667	1.99991000	0.99995500	6,8	35,90	1.99991000	2	1.78195607	1.75569249	0.76605441	0.04269764	0.00015000	4	15.81981453	18.60991729	3.74976303	0.20848982	46.83889181	0.00071946	65103.09723038	0.00388700			0.02019645	0.02019645	0.02019645
57	PLACEHOLDER	fg	any2spe	650	no	any	G	0,1,2,3,4,5,6,7,8,9,10,11,12,13,14,15,16,17,18,19	5	2	5	D:1.99916	G:1.99916	660G	1.99916000	2	0.50000000	n_rescaled	q_weighted	posterior_sum	all	none	1000	1	multiprocessing	1	0	0		660	1.04764000	0.68828452	0.73846154	0.27248090	D	65	0.75471698	0.23650056	D	53	0.73846154	0.27248090	D	65	0.75471698	0.23650056	D	53	12	2	0.16666667	1.99916000	0.99958000	1,6	1,35	1.99950000	2	1.78195607	1.75569249	0.76605441	0.04683058	0.00054999	5	15.81981453	18.60991729	3.74976303	0.22595432	42.69646473	0.00243409	17541.05877060	0.00399232			0.02019645	0.02019645	0.02019645
45	PLACEHOLDER	fg	any2spe	572	no	any	T	0,1,2,3,4,5,6,7,8,9,10,11,12,13,14,15,16,17,18,19	16	7,17	16	I:0.99997,V:0.9955	T:1.99547	582T	1.99547000	2	0.50000000	n_rescaled	q_weighted	posterior_sum	all	none	1000	1	multiprocessing	1	0	0		582	1.04764000	0.61087866	0.72307692	0.31444115	I	65	0.79245283	0.19157754	I	53	0.72307692	0.31444115	I	65	0.79245283	0.19157754	I	53	12	2	0.16666667	1.99547000	0.99773500	4,9	26,95	1.99639000	2	1.78195607	1.75569249	0.76605441	0.05119976	0.00504895	9	15.81981453	18.60991729	3.74976303	0.23381957	38.99217504	0.02159334	1805.75005327	0.00459275			0.02066112	0.02066112	0.02066112
41	PLACEHOLDER	fg	any2spe	563	no	any	A	0,1,2,3,4,5,6,7,8,9,10,11,12,13,14,15,16,17,18,19	0	12	0	P:1.99899	A:1.99899	573A	1.99899000	2	0.50000000	n_rescaled	q_weighted	posterior_sum	all	none	1000	1	multiprocessing	1	0	0		573	1.04764000	0.60146444	0.86153846	0.15872740	P	65	0.86792453	0.13028973	P	53	0.86153846	0.15872740	P	65	0.86792453	0.13028973	P	53	12	2	0.16666667	1.99899000	0.99949500	2,11	5,103	1.99905000	2	1.78195607	1.75569249	0.76605441	0.10921904	0.00104000	5	15.81981453	18.60991729	3.74976303	0.48249503	18.30312675	0.00215546	8491.50894828	0.00471881			0.02066112	0.02066112	0.02066112
33	PLACEHOLDER	fg	any2spe	514	no	any	N	0,1,2,3,4,5,6,7,8,9,10,11,12,13,14,15,16,17,18,19	11	15	11	S:1.99346	N:1.99346	524N	1.99346000	2	0.50000000	n_rescaled	q_weighted	posterior_sum	all	none	1000	1	multiprocessing	1	0	0		524	1.04764000	0.55125523	0.47692308	0.58932178	S	65	0.45283019	0.55496898	S	53	0.47692308	0.58932178	S	65	0.45283019	0.55496898	S	53	12	2	0.16666667	1.99346000	0.99673000	2,11	5,103	1.99430000	2	1.78195607	1.75569249	0.76605441	0.03746452	0.00583000	6	15.81981453	18.60991729	3.74976303	0.16360088	53.23169956	0.03563550	1493.78270916	0.00502933			0.02066112	0.02066112	0.02066112
12	PLACEHOLDER	fg	any2spe	353	no	any	L	0,1,2,3,4,5,6,7,8,9,10,11,12,13,14,15,16,17,18,19	9	7	9	I:1.99502	L:1.99502	363L	1.99502000	2	0.50000000	n_rescaled	q_weighted	posterior_sum	all	none	1000	1	multiprocessing	1	0	0		363	1.04764000	0.38912134	0.52173913	0.27969697	I	46	0.52777778	0.23086281	V	36	0.52173913	0.27969697	I	46	0.52777778	0.23086281	V	36	12	2	0.16666667	1.99502000	0.99751000	8,11	90,103	1.99515000	2	1.78195607	1.75569249	0.76605441	0.16253540	0.00539983	17	15.81981453	18.60991729	3.74976303	0.70685278	12.27517194	0.00763926	1606.85429148	0.00504516			0.02066112	0.02066112	0.02066112
17	PLACEHOLDER	fg	any2spe	468	no	any	S	0,1,2,3,4,5,6,7,8,9,10,11,12,13,14,15,16,17,18,19	15	3	15	E:2.91535	S:2.91535	478S	2.91535000	2	0.50000000	n_rescaled	q_weighted	posterior_sum	all	none	1000	1	multiprocessing	1	0	0		478	1.04764000	0.50418410	0.73333333	0.33138675	E	60	0.75510204	0.30627502	E	49	0.73333333	0.33138675	E	60	0.75510204	0.30627502	E	49	12	3	0.25000000	2.91535000	0.97178333	2,9,11	5,95,103	2.97700000	3	1.78195607	1.75569249	0.76605441	0.04097764	1.03071279	19	15.81981453	18.60991729	3.74976303	0.18294913	72.64937766	5.63387652	12.89509584	0.00732215			0.02862295	0.02862295	0.02862295
7	PLACEHOLDER	fg	any2spe	242	no	any	I	0,1,2,3,4,5,6,7,8,9,10,11,12,13,14,15,16,17,18,19	7	4	7	F:1.99778	I:1.99778	246I	1.99778000	2	0.50000000	n_rescaled	q_weighted	posterior_sum	all	none	1000	1	multiprocessing	1	0	0		246	1.04764000	0.28138075	0.90697674	0.10330606	F	43	1.00000000	-0.00000000	F	33	0.90697674	0.10330606	F	43	1.00000000	-0.00000000	F	33	12	2	0.16666667	1.99778000	0.99889000	1,10	1,101	2.00287000	4	1.78195607	1.75569249	0.76605441	0.03249925	1.00017484	7	15.81981453	18.60991729	3.74976303	0.22378055	61.62819266	4.46944496	13.78877987	0.01489366			0.05568935	0.05568935	0.05568935
63	PLACEHOLDER	fg	any2spe	709	no	any	A	0,1,2,3,4,5,6,7,8,9,10,11,12,13,14,15,16,17,18,19	0	17	0	V:2.99675	A:2.99675	720A	2.99675000	2	0.50000000	n_rescaled	q_weighted	posterior_sum	all	none	1000	1	multiprocessing	1	0	0		720	1.04764000	0.74790795	0.67142857	0.33967926	V	70	0.67241379	0.34105646	V	58	0.67142857	0.33967926	V	70	0.67241379	0.34105646	V	58	12	3	0.25000000	2.99675000	0.99891667	1,8,10	1,90,101	2.99680000	3	1.78195607	1.75569249	0.76605441	0.08017326	3.00357837	18	15.81981453	18.60991729	3.74976303	0.51467689	37.37904575	5.83585240	6.40507045	0.01633237			0.05683013	0.05683013	0.05683013
35	PLACEHOLDER	fg	any2spe	542	no	any	G	0,1,2,3,4,5,6,7,8,9,10,11,12,13,14,15,16,17,18,19	5	6,14	5	H:1.79255,R:0.9965	G:2.78905	552G	2.78905000	2	0.50000000	n_rescaled	q_weighted	posterior_sum	all	none	1000	1	multiprocessing	1	0	0		552	1.04764000	0.57949791	0.63076923	0.33873498	H	65	0.64150943	0.34085382	H	53	0.63076923	0.33873498	H	65	0.64150943	0.34085382	H	53	12	3	0.25000000	2.78905000	0.92968333	1,2,11	1,5,103	2.98192000	5	1.78195607	1.75569249	0.76605441	0.01532484	2.02403343	12	15.81981453	18.60991729	3.74976303	0.07441862	194.58077844	27.19794388	7.15424590	0.01652039			0.05683013	0.05683013	0.05683013
21	PLACEHOLDER	fg	any2spe	495	no	any	M	0,1,2,3,4,5,6,7,8,9,10,11,12,13,14,15,16,17,18,19	10	8,13	10	K:1.98948,Q:0.99754	M:2.98702	505M	2.98702000	2	0.50000000	n_rescaled	q_weighted	posterior_sum	all	none	1000	1	multiprocessing	1	0	0		505	1.04764000	0.53242678	0.43076923	0.40173084	K	65	0.45283019	0.39043191	K	53	0.43076923	0.40173084	K	65	0.45283019	0.39043191	K	53	12	3	0.25000000	2.98702000	0.99567333	2,9,11	5,95,103	2.99036000	3	1.78195607	1.75569249	0.76605441	0.01815799	2.00968980	17	15.81981453	18.60991729	3.74976303	0.08359545	164.68560917	24.04066008	6.85029482	0.01840113			0.05958208	0.05958208	0.05958208
58	PLACEHOLDER	fg	any2spe	653	no	any	N	0,1,2,3,4,5,6,7,8,9,10,11,12,13,14,15,16,17,18,19	11	6	11	H:4.95661	N:4.95661	663N	4.95661000	2	0.50000000	n_rescaled	q_weighted	posterior_sum	all	none	1000	1	multiprocessing	1	0	0		663	1.04764000	0.69142259	0.58461538	0.28475027	H	65	0.67924528	0.24822571	H	53	0.58461538	0.28475027	H	65	0.67924528	0.24822571	H	53	12	5	0.41666667	4.95661000	0.99132200	1,4,5,6,7	1,26,33,35,40	5.09125000	9	1.78195607	1.75569249	0.76605441	0.04152368	7.93690129	40	15.81981453	18.60991729	3.74976303	0.23039680	122.61075594	34.44883525	3.55921340	0.01870600			0.05958208	0.05958208	0.05958208
46	PLACEHOLDER	fg	any2spe	576	no	any	I	0,1,2,3,4,5,6,7,8,9,10,11,12,13,14,15,16,17,18,19	7	10,14	7	R:1,M:0.99965	I:1.99965	586I	1.99965000	2	0.50000000	n_rescaled	q_weighted	posterior_sum	all	none	1000	1	multiprocessing	1	0	0		586	1.04764000	0.61506276	0.41538462	0.45960553	R	65	0.41509434	0.44012145	R	53	0.41538462	0.45960553	R	65	0.41509434	0.44012145	R	53	12	2	0.16666667	1.99965000	0.99982500	4,9	26,95	1.99965000	2	1.78195607	1.75569249	0.76605441	0.02948396	1.01399521	13	15.81981453	18.60991729	3.74976303	0.17466551	67.82162867	5.80535464	11.68259872	0.02014564			0.06187589	0.06187589	0.06187589
15	PLACEHOLDER	fg	any2spe	417	no	any	Q	0,1,2,3,4,5,6,7,8,9,10,11,12,13,14,15,16,17,18,19	13	14	13	R:1.99051	Q:1.99051	427Q	1.99051000	2	0.50000000	n_rescaled	q_weighted	posterior_sum	all	none	1000	1	multiprocessing	1	0	0		427	1.04764000	0.45397490	0.60869565	0.36066569	R	46	0.66666667	0.30560483	R	36	0.60869565	0.36066569	R	46	0.66666667	0.30560483	R	36	12	2	0.16666667	1.99051000	0.99525500	2,11	5,103	1.99057000	2	1.78195607	1.75569249	0.76605441	0.06974428	1.01102950	19	15.81981453	18.60991729	3.74976303	0.35337136	28.54097936	2.86109636	9.97553937	0.02710928			0.07237245	0.07237245	0.07237245
55	PLACEHOLDER	fg	any2spe	617	no	any	Q	0,1,2,3,4,5,6,7,8,9,10,11,12,13,14,15,16,17,18,19	13	8	13	K:1.99411	Q:1.99411	627Q	1.99411000	2	0.50000000	n_rescaled	q_weighted	posterior_sum	all	none	1000	1	multiprocessing	1	0	0		627	1.04764000	0.65585774	0.80000000	0.22436938	K	65	0.79245283	0.22309423	K	53	0.80000000	0.22436938	K	65	0.79245283	0.22309423	K	53	12	2	0.16666667	1.99411000	0.99705500	6,11	35,103	1.99436000	2	1.78195607	1.75569249	0.76605441	0.08318364	1.00764810	14	15.81981453	18.60991729	3.74976303	0.41650530	23.97538795	2.41929239	9.91008283	0.02741528			0.07237245	0.07237245	0.07237245
31	PLACEHOLDER	fg	any2spe	509	no	any	L	0,1,2,3,4,5,6,7,8,9,10,11,12,13,14,15,16,17,18,19	9	7	9	I:2.99428	L:2.99428	519L	2.99428000	2	0.50000000	n_rescaled	q_weighted	posterior_sum	all	none	1000	1	multiprocessing	1	0	0		519	1.04764000	0.54707113	0.64615385	0.26264320	I	65	0.69811321	0.25307278	I	53	0.64615385	0.26264320	I	65	0.69811321	0.25307278	I	53	12	3	0.25000000	2.99428000	0.99809333	2,4,11	5,26,103	2.99457000	5	1.78195607	1.75569249	0.76605441	0.17415675	3.05743514	40	15.81981453	18.60991729	3.74976303	0.91863556	17.19468239	3.32823512	5.16630640	0.02767326			0.07237245	0.07237245	0.07237245
61	PLACEHOLDER	fg	any2spe	702	no	any	T	0,1,2,3,4,5,6,7,8,9,10,11,12,13,14,15,16,17,18,19	16	0	16	A:1.99865	T:1.99865	713T	1.99865000	2	0.50000000	n_rescaled	q_weighted	posterior_sum	all	none	1000	1	multiprocessing	1	0	0		713	1.04764000	0.74058577	0.62318841	0.44475928	A	69	0.63157895	0.43530773	A	57	0.62318841	0.44475928	A	69	0.63157895	0.43530773	A	57	12	2	0.16666667	1.99865000	0.99932500	3,11	12,103	1.99865000	2	1.78195607	1.75569249	0.76605441	0.06617673	1.00375965	11	15.81981453	18.60991729	3.74976303	0.31926099	30.20170174	3.14400967	9.60610969	0.02897045			0.07237245	0.07237245	0.07237245
56	PLACEHOLDER	fg	any2spe	618	no	any	K	0,1,2,3,4,5,6,7,8,9,10,11,12,13,14,15,16,17,18,19	8	3,13,14	8	Q:1.99968,R:0.99965,E:0.99508	K:3.99441	628K	3.99441000	2	0.50000000	n_rescaled	q_weighted	posterior_sum	all	none	1000	1	multiprocessing	1	0	0		628	1.04764000	0.65690377	0.27692308	0.56481045	E	65	0.30188679	0.57078391	Q	53	0.27692308	0.56481045	E	65	0.30188679	0.57078391	Q	53	12	4	0.33333333	3.99441000	0.99860250	4,6,9,11	26,35,95,103	3.99443000	4	1.78195607	1.75569249	0.76605441	0.13604137	4.11100564	37	15.81981453	18.60991729	3.74976303	0.55536152	29.36187706	7.40239556	3.96653716	0.02968984			0.07237245	0.07237245	0.07237245
51	PLACEHOLDER	fg	any2spe	611	no	any	Q	0,1,2,3,4,5,6,7,8,9,10,11,12,13,14,15,16,17,18,19	13	3	13	E:1.9971	Q:1.9971	621Q	1.99710000	2	0.50000000	n_rescaled	q_weighted	posterior_sum	all	none	1000	1	multiprocessing	1	0	0		621	1.04764000	0.64958159	0.87692308	0.16454298	E	65	0.92452830	0.10348331	E	53	0.87692308	0.16454298	E	65	0.92452830	0.10348331	E	53	12	2	0.16666667	1.99710000	0.99855000	2,7	5,40	1.99719000	2	1.78195607	1.75569249	0.76605441	0.12296935	1.00484202	26	15.81981453	18.60991729	3.74976303	0.58407951	16.24136373	1.72038568	9.44053646	0.02989168			0.07237245	0.07237245	0.07237245
37	PLACEHOLDER	fg	any2spe	560	no	any	K	0,1,2,3,4,5,6,7,8,9,10,11,12,13,14,15,16,17,18,19	8	3	8	E:1.99226	K:1.99226	570K	1.99226000	2	0.50000000	n_rescaled	q_weighted	posterior_sum	all	none	1000	1	multiprocessing	1	0	0		570	1.04764000	0.59832636	0.69230769	0.24945691	E	65	0.77358491	0.20023560	E	53	0.69230769	0.24945691	E	65	0.77358491	0.20023560	E	53	12	2	0.16666667	1.99226000	0.99613000	5,11	33,103	1.99621000	2	1.78195607	1.75569249	0.76605441	0.09817802	1.00490954	22	15.81981453	18.60991729	3.74976303	0.46617224	20.33255452	2.15566146	9.43216497	0.02995882			0.07237245	0.07237245	0.07237245
60	PLACEHOLDER	fg	any2spe	678	no	any	S	0,1,2,3,4,5,6,7,8,9,10,11,12,13,14,15,16,17,18,19	15	16	15	T:1.96845	S:1.96845	688S	1.96845000	2	0.50000000	n_rescaled	q_weighted	posterior_sum	all	none	1000	1	multiprocessing	1	0	0		688	1.04764000	0.71757322	0.95652174	0.05969990	T	69	0.98245614	0.02948187	T	57	0.95652174	0.05969990	T	69	0.98245614	0.02948187	T	57	12	2	0.16666667	1.96845000	0.98422500	6,9	35,95	1.96859000	2	1.78195607	1.75569249	0.76605441	0.17217513	1.03159865	14	15.81981453	18.60991729	3.74976303	0.83942442	11.43364890	1.22893571	9.30369975	0.03077277			0.07237245	0.07237245	0.07237245
66	PLACEHOLDER	fg	any2spe	718	no	any	V	0,1,2,3,4,5,6,7,8,9,10,11,12,13,14,15,16,17,18,19	17	7	17	I:2.99453	V:2.99453	729V	2.99453000	2	0.50000000	n_rescaled	q_weighted	posterior_sum	all	none	1000	1	multiprocessing	1	0	0		729	1.04764000	0.75732218	0.73239437	0.27669644	I	71	0.84745763	0.19362574	I	59	0.73239437	0.27669644	I	71	0.84745763	0.19362574	I	59	12	3	0.25000000	2.99453000	0.99817667	4,6,7	26,35,40	3.17137000	7	1.78195607	1.75569249	0.76605441	0.15347083	6.10132629	55	15.81981453	18.60991729	3.74976303	1.21340573	20.66431769	5.02826562	4.10963129	0.03238941			0.07237245	0.07237245	0.07237245
16	PLACEHOLDER	fg	any2spe	452	no	any	E	0,1,2,3,4,5,6,7,8,9,10,11,12,13,14,15,16,17,18,19	3	2	3	D:1.9864	E:1.9864	462E	1.98640000	2	0.50000000	n_rescaled	q_weighted	posterior_sum	all	none	1000	1	multiprocessing	1	0	0		462	1.04764000	0.48849372	0.93333333	0.09427379	D	60	0.95918367	0.06636827	D	49	0.93333333	0.09427379	D	60	0.95918367	0.06636827	D	49	12	2	0.16666667	1.98640000	0.99320000	2,7	5,40	1.98642000	2	1.78195607	1.75569249	0.76605441	0.33584525	1.01523944	17	15.81981453	18.60991729	3.74976303	1.54603312	5.91468844	0.65667380	9.00704193	0.03250730			0.07237245	0.07237245	0.07237245
42	PLACEHOLDER	fg	any2spe	566	no	any	I	0,1,2,3,4,5,6,7,8,9,10,11,12,13,14,15,16,17,18,19	7	17	7	V:1.99894	I:1.99894	576I	1.99894000	2	0.50000000	n_rescaled	q_weighted	posterior_sum	all	none	1000	1	multiprocessing	1	0	0		576	1.04764000	0.60460251	0.46153846	0.39168484	V	65	0.43396226	0.37994678	V	53	0.46153846	0.39168484	V	65	0.43396226	0.37994678	V	53	12	2	0.16666667	1.99894000	0.99947000	3,8	12,90	1.99894000	2	1.78195607	1.75569249	0.76605441	0.23006065	1.02327337	24	15.81981453	18.60991729	3.74976303	1.04665197	8.68875243	0.97766345	8.88726327	0.03282006			0.07237245	0.07237245	0.07237245
1	PLACEHOLDER	fg	any2spe	7	no	any	V	0,1,2,3,4,5,6,7,8,9,10,11,12,13,14,15,16,17,18,19	17	9	17	L:2.99274	V:2.99274	8V	2.99274000	2	0.50000000	n_rescaled	q_weighted	posterior_sum	all	none	1000	1	multiprocessing	1	0	0		8	1.04764000	0.04079498	0.40540541	0.57598989	L	37	0.48275862	0.54911310	L	29	0.40540541	0.57598989	L	37	0.48275862	0.54911310	L	29	12	3	0.25000000	2.99274000	0.99758000	1,2,7	1,5,40	3.17852000	4	1.78195607	1.75569249	0.76605441	0.03777736	3.66214014	34	15.81981453	18.60991729	3.74976303	0.18198978	84.13822234	20.12277915	4.18124265	0.03851707			0.08281171	0.08281171	0.08281171
84	PLACEHOLDER	fg	any2spe	863	no	any	I	0,1,2,3,4,5,6,7,8,9,10,11,12,13,14,15,16,17,18,19	7	9	7	L:2.9968	I:2.9968	878I	2.99680000	2	0.50000000	n_rescaled	q_weighted	posterior_sum	all	none	1000	1	multiprocessing	1	0	0		878	1.04764000	0.90690377	0.67164179	0.28899811	L	67	0.78181818	0.22458106	L	55	0.67164179	0.28899811	L	67	0.78181818	0.22458106	L	55	12	3	0.25000000	2.99680000	0.99893333	1,4,6	1,26,35	2.99882000	7	1.78195607	1.75569249	0.76605441	0.11447494	5.22353394	49	15.81981453	18.60991729	3.74976303	0.79410802	26.19630011	6.57786324	3.98249388	0.04056623			0.08509014	0.08509014	0.08509014
38	PLACEHOLDER	fg	any2spe	560	no	any	Q	0,1,2,3,4,5,6,7,8,9,10,11,12,13,14,15,16,17,18,19	13	3	13	E:2.98771	Q:2.98771	570Q	2.98771000	2	0.50000000	n_rescaled	q_weighted	posterior_sum	all	none	1000	1	multiprocessing	1	0	0		570	1.04764000	0.59832636	0.69230769	0.24945691	E	65	0.77358491	0.20023560	E	53	0.69230769	0.24945691	E	65	0.77358491	0.20023560	E	53	12	3	0.25000000	2.98771000	0.99590333	2,4,6	5,26,35	3.03296000	6	1.78195607	1.75569249	0.76605441	0.09367512	4.05905951	44	15.81981453	18.60991729	3.74976303	0.51176360	32.37743328	7.93151281	4.08212582	0.04158928			0.08515899	0.08515899	0.08515899
23	PLACEHOLDER	fg	any2spe	497	no	any	Y	0,1,2,3,4,5,6,7,8,9,10,11,12,13,14,15,16,17,18,19	19	3	19	E:1.81026	Y:1.81026	507Y	1.81026000	2	0.50000000	n_rescaled	q_weighted	posterior_sum	all	none	1000	1	multiprocessing	1	0	0		507	1.04764000	0.53451883	0.72307692	0.25747189	E	65	0.75471698	0.22984550	E	53	0.72307692	0.25747189	E	65	0.75471698	0.22984550	E	53	12	2	0.16666667	1.81026000	0.90513000	2,11	5,103	1.81079000	2	1.78195607	1.75569249	0.76605441	0.00615197	1.15356035	6	15.81981453	18.60991729	3.74976303	0.02973558	294.34322229	38.79394525	7.58734953	0.04544892			0.08841449	0.08841449	0.08841449
8	PLACEHOLDER	fg	any2spe	300	no	any	V	0,1,2,3,4,5,6,7,8,9,10,11,12,13,14,15,16,17,18,19	17	1	17	C:1.69609	V:1.69609	306V	1.69609000	2	0.50000000	n_rescaled	q_weighted	posterior_sum	all	none	1000	1	multiprocessing	1	0	0		306	1.04764000	0.33786611	0.91111111	0.10012896	C	45	1.00000000	-0.00000000	C	35	0.91111111	0.10012896	C	45	1.00000000	-0.00000000	C	35	12	2	0.16666667	1.69609000	0.84804500	2,11	5,103	1.69774000	4	1.78195607	1.75569249	0.76605441	0.05990891	1.21141710	7	15.81981453	18.60991729	3.74976303	0.33420661	28.33868944	3.62475503	7.81809782	0.04583812			0.08841449	0.08841449	0.08841449
86	PLACEHOLDER	fg	any2spe	899	no	any	N	0,1,2,3,4,5,6,7,8,9,10,11,12,13,14,15,16,17,18,19	11	15	11	S:1.45915	N:1.45915	914N	1.45915000	2	0.50000000	n_rescaled	q_weighted	posterior_sum	all	none	1000	1	multiprocessing	1	0	0		914	1.04764000	0.94246862	0.43396226	0.52411058	N	53	0.34883721	0.56209497	N	43	0.43396226	0.52411058	N	53	0.34883721	0.56209497	N	43	12	2	0.16666667	1.45915000	0.72957500	8,12	90,122	1.45954000	3	1.78195607	1.75569249	0.76605441	0.00789728	2.95865308	42	15.81981453	18.60991729	3.74976303	0.11649857	184.81557707	25.39647562	7.27721357	0.04626340			0.08841449	0.08841449	0.08841449
30	PLACEHOLDER	fg	any2spe	507	no	any	R	0,1,2,3,4,5,6,7,8,9,10,11,12,13,14,15,16,17,18,19	14	6	14	H:1.99826	R:1.99826	517R	1.99826000	2	0.50000000	n_rescaled	q_weighted	posterior_sum	all	none	1000	1	multiprocessing	1	0	0		517	1.04764000	0.54497908	0.56923077	0.40740111	H	65	0.54716981	0.41921934	H	53	0.56923077	0.40740111	H	65	0.54716981	0.41921934	H	53	12	2	0.16666667	1.99826000	0.99913000	2,11	5,103	2.33721000	3	1.78195607	1.75569249	0.76605441	0.08746506	2.25802476	28	15.81981453	18.60991729	3.74976303	0.40240720	26.72164306	5.61129309	4.76211858	0.05435700			0.09966545	0.09966545	0.09966545
36	PLACEHOLDER	fg	any2spe	543	no	any	I	0,1,2,3,4,5,6,7,8,9,10,11,12,13,14,15,16,17,18,19	7	17	7	V:2.99315	I:2.99315	553I	2.99315000	2	0.50000000	n_rescaled	q_weighted	posterior_sum	all	none	1000	1	multiprocessing	1	0	0		553	1.04764000	0.58054393	0.78461538	0.17391542	V	65	0.86792453	0.13028973	V	53	0.78461538	0.17391542	V	65	0.86792453	0.13028973	V	53	12	3	0.25000000	2.99315000	0.99771667	4,7,9	26,40,95	3.13833000	5	1.78195607	1.75569249	0.76605441	0.19048084	5.30341537	40	15.81981453	18.60991729	3.74976303	1.10238436	16.47583066	4.81085870	3.42471723	0.05446833			0.09966545	0.09966545	0.09966545
29	PLACEHOLDER	fg	any2spe	507	no	any	H	0,1,2,3,4,5,6,7,8,9,10,11,12,13,14,15,16,17,18,19	6	14	6	R:1.32695	H:1.32695	517H	1.32695000	2	0.50000000	n_rescaled	q_weighted	posterior_sum	all	none	1000	1	multiprocessing	1	0	0		517	1.04764000	0.54497908	0.56923077	0.40740111	H	65	0.54716981	0.41921934	H	53	0.56923077	0.40740111	H	65	0.54716981	0.41921934	H	53	12	2	0.16666667	1.32695000	0.66347500	8,12	90,122	1.32707000	2	1.78195607	1.75569249	0.76605441	0.01038845	0.60509109	30	15.81981453	18.60991729	3.74976303	0.04817483	127.74476471	12.56031513	10.17050634	0.05973293			0.10570994	0.10570994	0.10570994
28	PLACEHOLDER	fg	any2spe	505	no	any	A	0,1,2,3,4,5,6,7,8,9,10,11,12,13,14,15,16,17,18,19	0	16	0	T:2.98348	A:2.98348	515A	2.98348000	2	0.50000000	n_rescaled	q_weighted	posterior_sum	all	none	1000	1	multiprocessing	1	0	0		515	1.04764000	0.54288703	0.84615385	0.16000622	T	65	0.92452830	0.08931636	T	53	0.84615385	0.16000622	T	65	0.92452830	0.08931636	T	53	12	3	0.25000000	2.98348000	0.99449333	1,5,6	1,33,35	3.01152000	5	1.78195607	1.75569249	0.76605441	0.07732863	5.00647275	21	15.81981453	18.60991729	3.74976303	0.43472365	38.94443823	11.51644910	3.38163594	0.06023008			0.10570994	0.10570994	0.10570994
3	PLACEHOLDER	fg	any2spe	53	no	any	G	0,1,2,3,4,5,6,7,8,9,10,11,12,13,14,15,16,17,18,19	5	2	5	D:1.99871	G:1.99871	54G	1.99871000	2	0.50000000	n_rescaled	q_weighted	posterior_sum	all	none	1000	1	multiprocessing	1	0	0		54	1.04764000	0.08786611	0.60000000	0.44235752	D	40	0.68750000	0.34911259	D	32	0.60000000	0.44235752	D	40	0.68750000	0.34911259	D	32	12	2	0.16666667	1.99871000	0.99935500	1,2	1,5	1.99896000	2	1.78195607	1.75569249	0.76605441	0.02796033	2.00131831	14	15.81981453	18.60991729	3.74976303	0.13816520	71.49272907	14.48496644	4.93565031	0.06401539			0.10954746	0.10954746	0.10954746
73	PLACEHOLDER	fg	any2spe	753	no	any	G	0,1,2,3,4,5,6,7,8,9,10,11,12,13,14,15,16,17,18,19	5	15	5	S:1.99969	G:1.99969	764G	1.99969000	2	0.50000000	n_rescaled	q_weighted	posterior_sum	all	none	1000	1	multiprocessing	1	0	0		764	1.04764000	0.79393305	0.70000000	0.29937294	S	70	0.75862069	0.27533441	S	58	0.70000000	0.29937294	S	70	0.75862069	0.27533441	S	58	12	2	0.16666667	1.99969000	0.99984500	2,4	5,26	2.00393000	6	1.78195607	1.75569249	0.76605441	0.03757554	2.38417423	16	15.81981453	18.60991729	3.74976303	0.21018805	53.33070014	11.34305334	4.70161768	0.06496419			0.10954746	0.10954746	0.10954746
4	PLACEHOLDER	fg	any2spe	83	no	any	L	0,1,2,3,4,5,6,7,8,9,10,11,12,13,14,15,16,17,18,19	9	10,17	9	V:0.99982,M:0.998	L:1.99782	84L	1.99782000	2	0.50000000	n_rescaled	q_weighted	posterior_sum	all	none	1000	1	multiprocessing	1	0	0		84	1.04764000	0.11820084	0.35897436	0.49593502	V	39	0.41935484	0.47104007	V	31	0.35897436	0.49593502	V	39	0.41935484	0.47104007	V	31	12	2	0.16666667	1.99782000	0.99891000	2,7	5,40	1.99787000	2	1.78195607	1.75569249	0.76605441	0.09309318	2.04292576	23	15.81981453	18.60991729	3.74976303	0.44416795	21.46097088	4.59944428	4.66599214	0.06989370			0.11464183	0.11464183	0.11464183
48	PLACEHOLDER	fg	any2spe	577	no	any	N	0,1,2,3,4,5,6,7,8,9,10,11,12,13,14,15,16,17,18,19	11	2	11	D:1.45669	N:1.45669	587N	1.45669000	2	0.50000000	n_rescaled	q_weighted	posterior_sum	all	none	1000	1	multiprocessing	1	0	0		587	1.04764000	0.61610879	0.55384615	0.45120010	N	65	0.52830189	0.44492370	N	53	0.55384615	0.45120010	N	65	0.52830189	0.44492370	N	53	12	2	0.16666667	1.45669000	0.72834500	8,9	90,95	1.45669000	2	1.78195607	1.75569249	0.76605441	0.01472128	0.52955604	37	15.81981453	18.60991729	3.74976303	0.04706613	98.95131937	11.25131966	8.79464119	0.07065136			0.11464183	0.11464183	0.11464183
85	PLACEHOLDER	fg	any2spe	887	no	any	F	0,1,2,3,4,5,6,7,8,9,10,11,12,13,14,15,16,17,18,19	4	1	4	C:1.9996	F:1.9996	902F	1.99960000	2	0.50000000	n_rescaled	q_weighted	posterior_sum	all	none	1000	1	multiprocessing	1	0	0		902	1.04764000	0.93096234	0.81818182	0.21552567	C	55	0.93181818	0.09757513	C	44	0.81818182	0.21552567	C	55	0.93181818	0.09757513	C	44	12	2	0.16666667	1.99960000	0.99980000	1,2	1,5	2.00128000	4	1.78195607	1.75569249	0.76605441	0.03901396	2.10075859	13	15.81981453	18.60991729	3.74976303	0.18325996	51.29651530	11.46327127	4.47485836	0.07407914			0.11797789	0.11797789	0.11797789
18	PLACEHOLDER	fg	any2spe	479	no	any	V	0,1,2,3,4,5,6,7,8,9,10,11,12,13,14,15,16,17,18,19	17	9	17	L:1.99299	V:1.99299	489V	1.99299000	2	0.50000000	n_rescaled	q_weighted	posterior_sum	all	none	1000	1	multiprocessing	1	0	0		489	1.04764000	0.51569038	0.76923077	0.21057333	L	65	0.77358491	0.20023560	L	53	0.76923077	0.21057333	L	65	0.77358491	0.20023560	L	53	12	2	0.16666667	1.99299000	0.99649500	4,9	26,95	1.99317000	2	1.78195607	1.75569249	0.76605441	0.10019502	2.02167195	23	15.81981453	18.60991729	3.74976303	0.42620233	19.89290566	4.74345585	4.19375794	0.08396865			0.13129644	0.13129644	0.13129644
10	PLACEHOLDER	fg	any2spe	330	no	any	A	0,1,2,3,4,5,6,7,8,9,10,11,12,13,14,15,16,17,18,19	0	17	0	V:1.76594	A:1.76594	339A	1.76594000	2	0.50000000	n_rescaled	q_weighted	posterior_sum	all	none	1000	1	multiprocessing	1	0	0		339	1.04764000	0.36506276	0.34782609	0.54935138	V	46	0.38888889	0.57397580	V	36	0.34782609	0.54935138	V	46	0.38888889	0.57397580	V	36	12	2	0.16666667	1.76594000	0.88297000	8,9	90,95	1.76616000	3	1.78195607	1.75569249	0.76605441	0.03424879	3.44041727	38	15.81981453	18.60991729	3.74976303	0.26513368	51.56854205	12.97616100	3.97409851	0.08839064			0.13574276	0.13574276	0.13574276
26	PLACEHOLDER	fg	any2spe	503	no	any	I	0,1,2,3,4,5,6,7,8,9,10,11,12,13,14,15,16,17,18,19	7	9	7	L:1.98356	I:1.98356	513I	1.98356000	2	0.50000000	n_rescaled	q_weighted	posterior_sum	all	none	1000	1	multiprocessing	1	0	0		513	1.04764000	0.54079498	0.87692308	0.15473650	L	65	0.92452830	0.11551012	L	53	0.87692308	0.15473650	L	65	0.92452830	0.11551012	L	53	12	2	0.16666667	1.98356000	0.99178000	2,11	5,103	2.00150000	4	1.78195607	1.75569249	0.76605441	0.15838400	3.01258126	25	15.81981453	18.60991729	3.74976303	0.87018081	12.63700845	3.46201756	3.65018612	0.09287450			0.14012643	0.14012643	0.14012643
24	PLACEHOLDER	fg	any2spe	499	no	any	V	0,1,2,3,4,5,6,7,8,9,10,11,12,13,14,15,16,17,18,19	17	7	17	I:2.99119	V:2.99119	509V	2.99119000	2	0.50000000	n_rescaled	q_weighted	posterior_sum	all	none	1000	1	multiprocessing	1	0	0		509	1.04764000	0.53661088	0.61538462	0.27885744	I	65	0.60377358	0.28853700	I	53	0.61538462	0.27885744	I	65	0.60377358	0.28853700	I	53	12	3	0.25000000	2.99119000	0.99706333	2,5,11	5,33,103	2.99122000	4	1.78195607	1.75569249	0.76605441	0.24465404	4.05460227	51	15.81981453	18.60991729	3.74976303	0.94562093	12.22632574	4.28776707	2.85144355	0.09457558			0.14018893	0.14018893	0.14018893
6	PLACEHOLDER	fg	any2spe	157	no	any	I	0,1,2,3,4,5,6,7,8,9,10,11,12,13,14,15,16,17,18,19	7	17	7	V:1.90487	I:1.90487	159I	1.90487000	2	0.50000000	n_rescaled	q_weighted	posterior_sum	all	none	1000	1	multiprocessing	1	0	0		159	1.04764000	0.19456067	0.79069767	0.17125390	V	43	0.90909091	0.10169003	V	33	0.79069767	0.17125390	V	43	0.90909091	0.10169003	V	33	12	2	0.16666667	1.90487000	0.95243500	1,2	1,5	1.91881000	5	1.78195607	1.75569249	0.76605441	0.12524436	3.52747070	39	15.81981453	18.60991729	3.74976303	0.81728133	15.32053019	4.31610336	3.54962079	0.09722945			0.14018893	0.14018893	0.14018893
65	PLACEHOLDER	fg	any2spe	710	no	any	I	0,1,2,3,4,5,6,7,8,9,10,11,12,13,14,15,16,17,18,19	7	17	7	V:2.9701	I:2.9701	721I	2.97010000	2	0.50000000	n_rescaled	q_weighted	posterior_sum	all	none	1000	1	multiprocessing	1	0	0		721	1.04764000	0.74895397	0.80633803	0.22829344	V	71	0.85169492	0.19059611	V	59	0.80633803	0.22829344	V	71	0.85169492	0.19059611	V	59	12	3	0.25000000	2.97010000	0.99003333	2,4,5	5,26,33	2.97011000	3	1.78195607	1.75569249	0.76605441	0.22140385	6.06518484	43	15.81981453	18.60991729	3.74976303	1.20735228	13.41489768	5.02354196	2.67040621	0.09780623			0.14018893	0.14018893	0.14018893
83	PLACEHOLDER	fg	any2spe	862	no	any	E	0,1,2,3,4,5,6,7,8,9,10,11,12,13,14,15,16,17,18,19	3	2	3	D:2.97771	E:2.97771	877E	2.97771000	2	0.50000000	n_rescaled	q_weighted	posterior_sum	all	none	1000	1	multiprocessing	1	0	0		877	1.04764000	0.90585774	0.76119403	0.23147687	D	67	0.81818182	0.20693588	D	55	0.76119403	0.23147687	D	67	0.81818182	0.20693588	D	55	12	3	0.25000000	2.97771000	0.99257000	4,6,8	26,35,90	2.98758000	4	1.78195607	1.75569249	0.76605441	0.29163691	6.04999470	49	15.81981453	18.60991729	3.74976303	1.53781030	10.24417670	3.93416191	2.60390318	0.10274192			0.14484927	0.14484927	0.14484927
64	PLACEHOLDER	fg	any2spe	709	no	any	V	0,1,2,3,4,5,6,7,8,9,10,11,12,13,14,15,16,17,18,19	17	7	17	I:1.99951	V:1.99951	720V	1.99951000	2	0.50000000	n_rescaled	q_weighted	posterior_sum	all	none	1000	1	multiprocessing	1	0	0		720	1.04764000	0.74790795	0.67142857	0.33967926	V	70	0.67241379	0.34105646	V	58	0.67142857	0.33967926	V	70	0.67241379	0.34105646	V	58	12	2	0.16666667	1.99951000	0.99975500	4,6	26,35	2.00040000	4	1.78195607	1.75569249	0.76605441	0.09641326	0.25316667	53	15.81981453	18.60991729	3.74976303	0.09643445	20.74818266	2.62527202	7.90325058	0.10725156			0.14876830	0.14876830	0.14876830
25	PLACEHOLDER	fg	any2spe	502	no	any	A	0,1,2,3,4,5,6,7,8,9,10,11,12,13,14,15,16,17,18,19	0	17	0	V:1.70142	A:1.70142	512A	1.70142000	2	0.50000000	n_rescaled	q_weighted	posterior_sum	all	none	1000	1	multiprocessing	1	0	0		512	1.04764000	0.53974895	0.92307692	0.10337435	V	65	0.96226415	0.05363649	V	53	0.92307692	0.10337435	V	65	0.96226415	0.05363649	V	53	12	2	0.16666667	1.70142000	0.85071000	2,11	5,103	1.70149000	2	1.78195607	1.75569249	0.76605441	0.11102063	2.21123100	13	15.81981453	18.60991729	3.74976303	0.53785414	15.32589047	4.11120938	3.72783019	0.11186057			0.15269856	0.15269856	0.15269856
82	PLACEHOLDER	fg	any2spe	851	no	any	Q	0,1,2,3,4,5,6,7,8,9,10,11,12,13,14,15,16,17,18,19	13	8	13	K:1.99822	Q:1.99822	866Q	1.99822000	2	0.50000000	n_rescaled	q_weighted	posterior_sum	all	none	1000	1	multiprocessing	1	0	0		866	1.04764000	0.89435146	0.68656716	0.27232614	K	67	0.70909091	0.25972575	K	55	0.68656716	0.27232614	K	67	0.70909091	0.25972575	K	55	12	2	0.16666667	1.99822000	0.99911000	1,2	1,5	1.99846000	4	1.78195607	1.75569249	0.76605441	0.06321084	3.15119826	33	15.81981453	18.60991729	3.74976303	0.31360994	31.61578102	10.04814531	3.14642952	0.11717890			0.15745914	0.15745914	0.15745914
20	PLACEHOLDER	fg	any2spe	493	no	any	L	0,1,2,3,4,5,6,7,8,9,10,11,12,13,14,15,16,17,18,19	9	4	9	F:1.99603	L:1.99603	503L	1.99603000	2	0.50000000	n_rescaled	q_weighted	posterior_sum	all	none	1000	1	multiprocessing	1	0	0		503	1.04764000	0.53033473	0.87692308	0.13999340	L	65	0.88679245	0.11789084	L	53	0.87692308	0.13999340	L	65	0.88679245	0.11789084	L	53	12	2	0.16666667	1.99603000	0.99801500	4,6	26,35	1.99647000	4	1.78195607	1.75569249	0.76605441	0.09290368	0.08846970	28	15.81981453	18.60991729	3.74976303	0.05497660	21.48967592	1.60922450	13.35405717	0.12720460			0.16830147	0.16830147	0.16830147
32	PLACEHOLDER	fg	any2spe	510	no	any	A	0,1,2,3,4,5,6,7,8,9,10,11,12,13,14,15,16,17,18,19	0	15	0	S:2.89164	A:2.89164	520A	2.89164000	2	0.50000000	n_rescaled	q_weighted	posterior_sum	all	none	1000	1	multiprocessing	1	0	0		520	1.04764000	0.54811715	0.84615385	0.14331155	A	65	0.86792453	0.13028973	A	53	0.84615385	0.14331155	A	65	0.86792453	0.13028973	A	53	12	3	0.25000000	2.89164000	0.96388000	1,2,11	1,5,103	2.89169000	4	1.78195607	1.75569249	0.76605441	0.04593685	1.20795832	50	15.81981453	18.60991729	3.74976303	0.05961247	62.94924333	20.26351735	3.10653093	0.13462365			0.17541869	0.17541869	0.17541869
27	PLACEHOLDER	fg	any2spe	504	no	any	G	0,1,2,3,4,5,6,7,8,9,10,11,12,13,14,15,16,17,18,19	5	2	5	D:2.50129	G:2.50129	514G	2.50129000	2	0.50000000	n_rescaled	q_weighted	posterior_sum	all	none	1000	1	multiprocessing	1	0	0		514	1.04764000	0.54184100	0.52307692	0.30379362	D	65	0.52830189	0.31423909	D	53	0.52307692	0.30379362	D	65	0.52830189	0.31423909	D	53	12	3	0.25000000	2.50129000	0.83376333	1,2,11	1,5,103	2.50193000	3	1.78195607	1.75569249	0.76605441	0.03385003	4.26614698	27	15.81981453	18.60991729	3.74976303	0.13932743	73.91218604	30.61957671	2.41388660	0.14641586			0.18793677	0.18793677	0.18793677
69	PLACEHOLDER	fg	any2spe	736	no	any	T	0,1,2,3,4,5,6,7,8,9,10,11,12,13,14,15,16,17,18,19	16	9	16	L:1.99987	T:1.99987	747T	1.99987000	2	0.50000000	n_rescaled	q_weighted	posterior_sum	all	none	1000	1	multiprocessing	1	0	0		747	1.04764000	0.77615063	0.48571429	0.32217809	L	70	0.48275862	0.32498087	L	58	0.48571429	0.32217809	L	70	0.48275862	0.32498087	L	58	12	2	0.16666667	1.99987000	0.99993500	6,11	35,103	1.99994000	2	1.78195607	1.75569249	0.76605441	0.02022100	3.98640063	19	15.81981453	18.60991729	3.74976303	0.10410482	98.90413152	38.29218157	2.58288056	0.15243670			0.19278759	0.19278759	0.19278759
22	PLACEHOLDER	fg	any2spe	497	no	any	D	0,1,2,3,4,5,6,7,8,9,10,11,12,13,14,15,16,17,18,19	2	3	2	E:2.95912	D:2.95912	507D	2.95912000	2	0.50000000	n_rescaled	q_weighted	posterior_sum	all	none	1000	1	multiprocessing	1	0	0		507	1.04764000	0.53451883	0.72307692	0.25747189	E	65	0.75471698	0.22984550	E	53	0.72307692	0.25747189	E	65	0.75471698	0.22984550	E	53	12	3	0.25000000	2.95912000	0.98637333	4,6,12	26,35,122	2.95921000	3	1.78195607	1.75569249	0.76605441	0.20872313	6.24665479	49	15.81981453	18.60991729	3.74976303	0.92404147	14.17768094	6.76014553	2.09724493	0.15949531			0.19780254	0.19780254	0.19780254
40	PLACEHOLDER	fg	any2spe	561	no	any	S	0,1,2,3,4,5,6,7,8,9,10,11,12,13,14,15,16,17,18,19	15	0	15	A:2.02121	S:2.02121	571S	2.02121000	2	0.50000000	n_rescaled	q_weighted	posterior_sum	all	none	1000	1	multiprocessing	1	0	0		571	1.04764000	0.59937238	0.60000000	0.44277789	A	65	0.67924528	0.37132323	A	53	0.60000000	0.44277789	A	65	0.67924528	0.37132323	A	53	12	3	0.25000000	2.02121000	0.67373667	2,8,12	5,90,122	2.03290000	5	1.78195607	1.75569249	0.76605441	0.09771799	5.04866322	32	15.81981453	18.60991729	3.74976303	0.58730920	20.80374406	8.59626113	2.42009215	0.16100207			0.19780254	0.19780254	0.19780254
53	PLACEHOLDER	fg	any2spe	614	no	any	K	0,1,2,3,4,5,6,7,8,9,10,11,12,13,14,15,16,17,18,19	8	13	8	Q:1.77574	K:1.77574	624K	1.77574000	2	0.50000000	n_rescaled	q_weighted	posterior_sum	all	none	1000	1	multiprocessing	1	0	0		624	1.04764000	0.65271967	0.63076923	0.42956205	K	65	0.58490566	0.46873955	K	53	0.63076923	0.42956205	K	65	0.58490566	0.46873955	K	53	12	2	0.16666667	1.77574000	0.88787000	8,9	90,95	1.77574000	2	1.78195607	1.75569249	0.76605441	0.02180459	2.33675946	43	15.81981453	18.60991729	3.74976303	0.07726243	81.43883226	30.24444704	2.69268710	0.16963172			0.20546941	0.20546941	0.20546941
74	PLACEHOLDER	fg	any2spe	758	no	any	T	0,1,2,3,4,5,6,7,8,9,10,11,12,13,14,15,16,17,18,19	16	15	16	S:1.99821	T:1.99821	769T	1.99821000	2	0.50000000	n_rescaled	q_weighted	posterior_sum	all	none	1000	1	multiprocessing	1	0	0		769	1.04764000	0.79916318	0.85714286	0.15240238	S	70	0.89655172	0.12658140	S	58	0.85714286	0.15240238	S	70	0.89655172	0.12658140	S	58	12	2	0.16666667	1.99821000	0.99910500	2,4	5,26	2.00517000	4	1.78195607	1.75569249	0.76605441	0.13045980	4.99881361	25	15.81981453	18.60991729	3.74976303	0.72973104	15.37002245	6.85021373	2.24372889	0.18254143			0.21803560	0.21803560	0.21803560
14	PLACEHOLDER	fg	any2spe	383	no	any	S	0,1,2,3,4,5,6,7,8,9,10,11,12,13,14,15,16,17,18,19	15	16	15	T:1.91997	S:1.91997	393S	1.91997000	2	0.50000000	n_rescaled	q_weighted	posterior_sum	all	none	1000	1	multiprocessing	1	0	0		393	1.04764000	0.41945607	0.30434783	0.54810151	N	46	0.27777778	0.52850466	S	36	0.30434783	0.54810151	N	46	0.27777778	0.52850466	S	36	12	2	0.16666667	1.91997000	0.95998500	8,12	90,122	1.92011000	2	1.78195607	1.75569249	0.76605441	0.07577289	2.83105236	38	15.81981453	18.60991729	3.74976303	0.23855895	25.34033024	11.86730739	2.13530579	0.21654169			0.25510391	0.25510391	0.25510391
59	PLACEHOLDER	fg	any2spe	660	no	any	I	0,1,2,3,4,5,6,7,8,9,10,11,12,13,14,15,16,17,18,19	7	17	7	V:1.9901	I:1.9901	670I	1.99010000	2	0.50000000	n_rescaled	q_weighted	posterior_sum	all	none	1000	1	multiprocessing	1	0	0		670	1.04764000	0.69874477	0.86153846	0.15036748	V	65	0.88679245	0.11789084	V	53	0.86153846	0.15036748	V	65	0.88679245	0.11789084	V	53	12	2	0.16666667	1.99010000	0.99505000	2,5	5,33	1.99013000	2	1.78195607	1.75569249	0.76605441	0.25174986	5.08566134	50	15.81981453	18.60991729	3.74976303	1.18871266	7.90518812	4.27829322	1.84774341	0.24228837			0.27849872	0.27849872	0.27849872
11	PLACEHOLDER	fg	any2spe	352	no	any	Q	0,1,2,3,4,5,6,7,8,9,10,11,12,13,14,15,16,17,18,19	13	14	13	R:1.4224	Q:1.4224	362Q	1.42240000	2	0.50000000	n_rescaled	q_weighted	posterior_sum	all	none	1000	1	multiprocessing	1	0	0		362	1.04764000	0.38807531	0.58695652	0.40070073	Q	46	0.61111111	0.35998468	Q	36	0.58695652	0.40070073	Q	46	0.61111111	0.35998468	Q	36	12	2	0.16666667	1.42240000	0.71120000	2,11	5,103	1.42279000	2	1.78195607	1.75569249	0.76605441	0.03124843	1.19096295	36	15.81981453	18.60991729	3.74976303	0.06231462	45.53156583	19.11209523	2.38234298	0.24287679			0.27849872	0.27849872	0.27849872
81	PLACEHOLDER	fg	any2spe	835	no	any	D	0,1,2,3,4,5,6,7,8,9,10,11,12,13,14,15,16,17,18,19	2	3	2	E:1.98653	D:1.98653	850D	1.98653000	2	0.50000000	n_rescaled	q_weighted	posterior_sum	all	none	1000	1	multiprocessing	1	0	0		850	1.04764000	0.87761506	0.60869565	0.25791780	D	69	0.68421053	0.24495258	D	57	0.60869565	0.25791780	D	69	0.68421053	0.24495258	D	57	12	2	0.16666667	1.98653000	0.99326500	1,4	1,26	1.98653000	2	1.78195607	1.75569249	0.76605441	0.18868484	1.24812775	62	15.81981453	18.60991729	3.74976303	0.23483218	10.52829707	5.31497760	1.98087327	0.27143456			0.30714964	0.30714964	0.30714964
79	PLACEHOLDER	fg	any2spe	795	no	any	Q	0,1,2,3,4,5,6,7,8,9,10,11,12,13,14,15,16,17,18,19	13	6	13	H:1.99945	Q:1.99945	808Q	1.99945000	2	0.50000000	n_rescaled	q_weighted	posterior_sum	all	none	1000	1	multiprocessing	1	0	0		808	1.04764000	0.83682008	0.36231884	0.51729709	H	69	0.42105263	0.48575035	H	57	0.36231884	0.51729709	H	69	0.42105263	0.48575035	H	57	12	2	0.16666667	1.99945000	0.99972500	5,6	33,35	1.99965000	4	1.78195607	1.75569249	0.76605441	0.05465437	8.07261378	46	15.81981453	18.60991729	3.74976303	0.35796468	36.58719235	22.55142527	1.62238936	0.28007121			0.31280681	0.31280681	0.31280681
49	PLACEHOLDER	fg	any2spe	608	no	any	A	0,1,2,3,4,5,6,7,8,9,10,11,12,13,14,15,16,17,18,19	0	17	0	V:1.9985	A:1.9985	618A	1.99850000	2	0.50000000	n_rescaled	q_weighted	posterior_sum	all	none	1000	1	multiprocessing	1	0	0		618	1.04764000	0.64644351	0.66153846	0.37451915	A	65	0.71698113	0.29907622	A	53	0.66153846	0.37451915	A	65	0.71698113	0.29907622	A	53	12	2	0.16666667	1.99850000	0.99925000	1,3	1,12	1.99851000	2	1.78195607	1.75569249	0.76605441	0.09004418	1.11356728	46	15.81981453	18.60991729	3.74976303	0.09520461	22.19477222	11.69656889	1.89754555	0.28980114			0.31952434	0.31952434	0.31952434
52	PLACEHOLDER	fg	any2spe	613	no	any	V	0,1,2,3,4,5,6,7,8,9,10,11,12,13,14,15,16,17,18,19	17	7	17	I:1.9983	V:1.9983	623V	1.99830000	2	0.50000000	n_rescaled	q_weighted	posterior_sum	all	none	1000	1	multiprocessing	1	0	0		623	1.04764000	0.65167364	0.49230769	0.31626899	I	65	0.52830189	0.25728710	I	53	0.49230769	0.31626899	I	65	0.52830189	0.25728710	I	53	12	2	0.16666667	1.99830000	0.99915000	7,10	40,101	2.00085000	4	1.78195607	1.75569249	0.76605441	0.12668217	9.27182027	63	15.81981453	18.60991729	3.74976303	0.86061778	15.79425091	10.77344728	1.46603501	0.31894749			0.34720866	0.34720866	0.34720866
67	PLACEHOLDER	fg	any2spe	721	no	any	K	0,1,2,3,4,5,6,7,8,9,10,11,12,13,14,15,16,17,18,19	8	13	8	Q:1.99257	K:1.99257	732K	1.99257000	2	0.50000000	n_rescaled	q_weighted	posterior_sum	all	none	1000	1	multiprocessing	1	0	0		732	1.04764000	0.76046025	0.46478873	0.37819364	K	71	0.44067797	0.37949204	Q	59	0.46478873	0.37819364	K	71	0.44067797	0.37949204	Q	59	12	2	0.16666667	1.99257000	0.99628500	3,11	12,103	1.99522000	4	1.78195607	1.75569249	0.76605441	0.05680406	11.08717203	47	15.81981453	18.60991729	3.74976303	0.44315435	35.12460460	25.01875942	1.40393071	0.33577130			0.35909163	0.35909163	0.35909163
76	PLACEHOLDER	fg	any2spe	786	no	any	A	0,1,2,3,4,5,6,7,8,9,10,11,12,13,14,15,16,17,18,19	0	17	0	V:1.19749	A:1.19749	799A	1.19749000	2	0.50000000	n_rescaled	q_weighted	posterior_sum	all	none	1000	1	multiprocessing	1	0	0		799	1.04764000	0.82740586	0.50724638	0.38366668	V	69	0.50877193	0.40196832	V	57	0.50724638	0.38366668	V	69	0.50877193	0.40196832	V	57	12	2	0.16666667	1.19749000	0.59874500	6,11	35,103	1.65228000	3	1.78195607	1.75569249	0.76605441	0.07024139	5.57224458	36	15.81981453	18.60991729	3.74976303	0.34752214	23.52288417	16.03421448	1.46704313	0.33821421			0.35909163	0.35909163	0.35909163
62	PLACEHOLDER	fg	any2spe	704	no	any	L	0,1,2,3,4,5,6,7,8,9,10,11,12,13,14,15,16,17,18,19	9	10	9	M:1.95829	L:1.95829	715L	1.95829000	2	0.50000000	n_rescaled	q_weighted	posterior_sum	all	none	1000	1	multiprocessing	1	0	0		715	1.04764000	0.74267782	0.68115942	0.20896141	M	69	0.66666667	0.21247365	M	57	0.68115942	0.20896141	M	69	0.66666667	0.21247365	M	57	12	2	0.16666667	1.95829000	0.97914500	3,11	12,103	1.95847000	3	1.78195607	1.75569249	0.76605441	0.26505495	7.07273157	38	15.81981453	18.60991729	3.74976303	1.14943216	7.38892063	6.15323970	1.20081794	0.41188760			0.43197967	0.43197967	0.43197967
78	PLACEHOLDER	fg	any2spe	792	no	any	K	0,1,2,3,4,5,6,7,8,9,10,11,12,13,14,15,16,17,18,19	8	14	8	R:1.68198	K:1.68198	805K	1.68198000	2	0.50000000	n_rescaled	q_weighted	posterior_sum	all	none	1000	1	multiprocessing	1	0	0		805	1.04764000	0.83368201	0.52173913	0.35437855	R	69	0.56140351	0.33247956	R	57	0.52173913	0.35437855	R	69	0.56140351	0.33247956	R	57	12	2	0.16666667	1.68198000	0.84099000	8,9	90,95	2.01137000	5	1.78195607	1.75569249	0.76605441	0.17168115	8.41529207	60	15.81981453	18.60991729	3.74976303	0.81824414	11.71572986	10.28457353	1.13915563	0.43495165			0.44517231	0.44517231	0.44517231
2	PLACEHOLDER	fg	any2spe	10	no	any	M	0,1,2,3,4,5,6,7,8,9,10,11,12,13,14,15,16,17,18,19	10	9	10	L:1.20452	M:1.20452	11M	1.20452000	2	0.50000000	n_rescaled	q_weighted	posterior_sum	all	none	1000	1	multiprocessing	1	0	0		11	1.04764000	0.04393305	0.44736842	0.44275497	L	38	0.50000000	0.44225812	L	30	0.44736842	0.44275497	L	38	0.50000000	0.44225812	L	30	12	2	0.16666667	1.20452000	0.60226000	1,2	1,5	1.20454000	2	1.78195607	1.75569249	0.76605441	0.02604462	6.13838665	39	15.81981453	18.60991729	3.74976303	0.15555625	46.24909250	39.46088049	1.17202384	0.43783610			0.44517231	0.44517231	0.44517231
77	PLACEHOLDER	fg	any2spe	788	no	any	Q	0,1,2,3,4,5,6,7,8,9,10,11,12,13,14,15,16,17,18,19	13	3,8	13	E:1.97638,K:0.90051	Q:2.87689	801Q	2.87689000	2	0.50000000	n_rescaled	q_weighted	posterior_sum	all	none	1000	1	multiprocessing	1	0	0		801	1.04764000	0.82949791	0.36231884	0.56143566	Q	69	0.38596491	0.56744373	Q	57	0.36231884	0.56143566	Q	69	0.38596491	0.56744373	Q	57	12	3	0.25000000	2.87689000	0.95896333	6,7,11	35,40,103	2.87734000	3	1.78195607	1.75569249	0.76605441	0.09268902	5.44076087	62	15.81981453	18.60991729	3.74976303	0.19578310	31.04294418	27.78973767	1.11706503	0.43999589			0.44517231	0.44517231	0.44517231
13	PLACEHOLDER	fg	any2spe	356	no	any	N	0,1,2,3,4,5,6,7,8,9,10,11,12,13,14,15,16,17,18,19	11	15,16	11	T:0.99984,S:0.76797	N:1.76781	366N	1.76781000	2	0.50000000	n_rescaled	q_weighted	posterior_sum	all	none	1000	1	multiprocessing	1	0	0		366	1.04764000	0.39225941	0.52173913	0.37841407	N	46	0.52777778	0.39442001	N	36	0.52173913	0.37841407	N	46	0.52777778	0.39442001	N	36	12	2	0.16666667	1.76781000	0.88390500	5,7	33,40	1.76977000	2	1.78195607	1.75569249	0.76605441	0.01697145	9.41254249	50	15.81981453	18.60991729	3.74976303	0.08981148	104.27922853	104.80333009	0.99499919	1.00000000			1.00000000	1.00000000	1.00000000
