branch_name	branch_id	S_sub	N_sub	N_sitewise	branch_length	is_fg	is_mg
a	0	7.9996	30.0948	Q3K,N6S,Y7A,N16A,N18A,F19A,G20R,Y22C,A27T,K30T,W31R,A37S,V41A,R42H,R44Y,R50G,T60K,P73T,P74S,N82D,G86A,F88L,P89A,V96L	0.5696	Y	N
b	1	5.7669	17.4716	S2Y,V10I,I15N,H17P,Q23L,W31S,A36G,L49R,Y52H,G59E,V78F,P91S,S92C	0.2513	N	N
Node1	2	6.6333	13.4621	L12M,G70V,A81E,S90R	0.1881	N	N
c	3	6.9335	13.4767	Y1C,N6S,L8P,F10C,Y22D,D26A,A36T,C39N,V41D,A45G,R50K,E76D,S98P	0.2319	N	N
d	4	8.6724	17.9903	Q3P,R11L,S32T,V46G,L48I,L54I,P57A,C58S,T60M,Y69F,P73R,M75K,A79D,R86Q,P91L,L97R	0.3311	N	N
Node3	5	5.1345	16.3530	V5A,V10F,H17L,R21T,K30E,A37T,L46V,R66G,G70R,I75M,S85A,G86R,P89A,L95F,V96L	0.2178	N	N
Node2	6	0.0000	0.0000		0.1520	N	N
e	7	7.1105	20.9640	L7A,H16A,Y18A,C19A,A27T,A33V,L34F,C39D,T61S,R66G,T67S,R71T,V75G,D76H,D83N,T84K,V96L,L100A	0.4317	Y	N
f	8	3.4172	18.6763	I9T,V10G,G13R,C19W,S21R,P29R,P38T,V41I,R42S,P43R,L46M,M47I,L48H,L54P,G59V,L65H,G70D	0.2451	N	N
Node5	9	4.5122	14.8383	R11L,T14A,G20D,R50L,R51P,C58S,I67T,L95M,T99A	0.1820	N	N
g	10	8.2997	13.7835	I9K,V10C,R11C,Y25S,D26G,Q30K,L47F,P73Q,A79V,F88C,S98T,T99I	0.2453	N	N
h	11	9.2072	21.1656	Y1F,R11P,I15T,G20C,K23Q,A27T,L34R,A36T,A37S,Y40S,V41F,C44F,L46W,C58F,I60V,G70C,C77F,S93G,L97Q	0.3411	N	N
Node6	12	5.8699	17.2938	K35E,C39F,R44C,M47L,L48F,R51S,T60I,W64R,R66W,D76G,S90R,R93S,L95F	0.2252	N	N
Node4	13	0.0000	0.0000		0.1520	N	N
Root	14	0.0000	0.0000		0.0000	N	N
