scan_id	trait	target_class	scan_match	site	nonsyn_recode	from_state	to_state	from_state_ids	to_state_ids	observed_from_state_ids	observed_to_state_ids	from_state_distribution	to_state_distribution	state_change	candidate_event_pp_sum	scan_unit_mode	scan_min_support_count	scan_min_event_pp	scan_rate_length_used	scan_rate_exposure	scan_rate_event_mode	scan_other_scope	scan_pvalue_calibration	scan_n_permutations	scan_permutation_seed	scan_permutation_backend	scan_permutation_n_jobs	scan_permutation_success_count	scan_permutation_failure_count	scan_permutation_failure_reasons	codon_site_alignment	site_rate	site_rate_categorized	site_rate_quantile	state_all_conservation	state_all_entropy	state_all_major_state	state_all_valid_tip_count	state_bg_conservation	state_bg_entropy	state_bg_major_state	state_bg_valid_tip_count	aa_all_conservation	aa_all_entropy	aa_all_major_state	aa_all_valid_tip_count	aa_bg_conservation	aa_bg_entropy	aa_bg_major_state	aa_bg_valid_tip_count	unit_total	support_unit_count	support_fraction	support_pp_sum	support_pp_mean	support_unit_ids	support_branch_ids	target_event_count	target_event_branch_count	target_raw_branch_length	target_sn_rescaled_length	target_n_rescaled_length	target_exposure_branch_length	other_event_count	other_event_branch_count	other_raw_branch_length	other_sn_rescaled_length	other_n_rescaled_length	other_exposure_branch_length	target_event_rate	other_event_rate	rate_ratio	score_rate_enrichment	scan_score_method	scan_event_measure	scan_inference_status	scan_bh_scope	scan_bh_family_id	scan_bh_family_size	scan_bh_valid_asymptotic_count	scan_bh_valid_empirical_count	scan_maxT_scope	scan_bootstrap_success_count	scan_bootstrap_failure_count	scan_bootstrap_directory	p_rate_enrichment_bootstrap_maxT	p_rate_enrichment_asymptotic	p_rate_enrichment_empirical	q_rate_enrichment_empirical_by_trait_match	p_rate_enrichment_empirical_maxT	q_rate_enrichment_asymptotic_by_trait_match
1	PLACEHOLDER	fg	any2spe	5	kgbauto6	any	APST	0,1,2,3,4,5	0	2,5	0	DHNY:0.89997,ILMV:0.87785	APST:1.77782	7APST	1.7778	clade	2	0.5000	n_rescaled	q_weighted	called	all	parametric_bootstrap	3	1	not_used	0	0	0		7	1.0000	1.0000	0.5052	0.3750	0.6040	DHNY	8	0.5000	0.3869	DHNY	6	0.3750	0.3612	L	8	0.5000	0.2314	L	6	2	2	1.0000	1.7778	0.8889	1,2	0,7	1.7778	2	1.1122	0.4815	0.3168	0.0875	0.0000	0	2.4378	1.6637	1.0089	0.3349	20.3092	0.0000	inf	2.04591848915834218e+00	negative_log10_one_sided_poisson_asymptotic_tail	posterior_mass	model_conditional_parametric_bootstrap	selected_candidates_within_trait_match	"[""PLACEHOLDER"", ""any2spe""]"	5	5	0	all_selected_candidates_all_traits_matches_in_this_run	3	0	${RUN_ROOT}/filtered_called/csubst_scan_bootstrap_zgjf0bdu	2.500000e-01	8.996664e-03				1.450711e-02
3	PLACEHOLDER	fg	any2spe	16	kgbauto6	any	APST	0,1,2,3,4,5	0	2	0	DHNY:1.97156	APST:1.97156	18APST	1.9716	clade	2	0.5000	n_rescaled	q_weighted	called	all	parametric_bootstrap	3	1	not_used	0	0	0		18	1.0000	1.0000	0.5052	0.7500	0.3138	DHNY	8	1.0000	-0.0000	DHNY	6	0.3750	0.3612	N	8	0.5000	0.2314	N	6	2	2	1.0000	1.9716	0.9858	1,2	0,7	1.9716	2	1.1122	0.4815	0.3168	0.1321	0.0000	0	2.4378	1.6637	1.0089	0.3967	14.9220	0.0000	inf	2.01415126358441654e+00	negative_log10_one_sided_poisson_asymptotic_tail	posterior_mass	model_conditional_parametric_bootstrap	selected_candidates_within_trait_match	"[""PLACEHOLDER"", ""any2spe""]"	5	5	0	all_selected_candidates_all_traits_matches_in_this_run	3	0	${RUN_ROOT}/filtered_called/csubst_scan_bootstrap_zgjf0bdu	2.500000e-01	9.679407e-03				1.450711e-02
2	PLACEHOLDER	fg	any2spe	14	kgbauto6	any	APST	0,1,2,3,4,5	0	2	0	DHNY:1.98127	APST:1.98127	16APST	1.9813	clade	2	0.5000	n_rescaled	q_weighted	called	all	parametric_bootstrap	3	1	not_used	0	0	0		16	1.0000	1.0000	0.5052	0.7500	0.3138	DHNY	8	1.0000	-0.0000	DHNY	6	0.3750	0.3612	H	8	0.5000	0.2314	H	6	2	2	1.0000	1.9813	0.9906	1,2	0,7	1.9813	2	1.1122	0.4815	0.3168	0.1257	0.0000	0	2.4378	1.6637	1.0089	0.3729	15.7678	0.0000	inf	2.01218462447827839e+00	negative_log10_one_sided_poisson_asymptotic_tail	posterior_mass	model_conditional_parametric_bootstrap	selected_candidates_within_trait_match	"[""PLACEHOLDER"", ""any2spe""]"	5	5	0	all_selected_candidates_all_traits_matches_in_this_run	3	0	${RUN_ROOT}/filtered_called/csubst_scan_bootstrap_zgjf0bdu	2.500000e-01	9.723338e-03				1.450711e-02
4	PLACEHOLDER	fg	any2spe	17	kgbauto6	any	APST	0,1,2,3,4,5	0	1	0	CF:1.62643	APST:1.62643	19APST	1.6264	clade	2	0.5000	n_rescaled	q_weighted	called	all	parametric_bootstrap	3	1	not_used	0	0	0		19	1.0000	1.0000	0.5052	0.5714	0.5334	CF	7	0.8000	0.2793	CF	5	0.2857	0.4512	A	7	0.4000	0.3521	C	5	2	2	1.0000	1.6264	0.8132	1,2	0,7	1.6264	2	1.1122	0.4815	0.3168	0.0616	0.0000	0	2.4378	1.6637	1.0089	0.2084	26.4081	0.0000	inf	1.84866629061063237e+00	negative_log10_one_sided_poisson_asymptotic_tail	posterior_mass	model_conditional_parametric_bootstrap	selected_candidates_within_trait_match	"[""PLACEHOLDER"", ""any2spe""]"	5	5	0	all_selected_candidates_all_traits_matches_in_this_run	3	0	${RUN_ROOT}/filtered_called/csubst_scan_bootstrap_zgjf0bdu	2.500000e-01	1.416882e-02				1.450711e-02
5	PLACEHOLDER	fg	any2spe	96	kgbauto6	any	APST	0,1,2,3,4,5	0	5	0	ILMV:1.59846	APST:1.59846	100APST	1.5985	clade	2	0.5000	n_rescaled	q_weighted	called	all	parametric_bootstrap	3	1	not_used	0	0	0		100	1.0000	1.0000	0.5052	0.6250	0.5024	ILMV	8	0.8333	0.2515	ILMV	6	0.6250	0.3005	L	8	0.8333	0.1504	L	6	2	2	1.0000	1.5985	0.7992	1,2	0,7	1.5985	2	1.1122	0.4815	0.3168	0.1391	0.0000	0	2.4378	1.6637	1.0089	0.4789	11.4884	0.0000	inf	1.83841919198892279e+00	negative_log10_one_sided_poisson_asymptotic_tail	posterior_mass	model_conditional_parametric_bootstrap	selected_candidates_within_trait_match	"[""PLACEHOLDER"", ""any2spe""]"	5	5	0	all_selected_candidates_all_traits_matches_in_this_run	3	0	${RUN_ROOT}/filtered_called/csubst_scan_bootstrap_zgjf0bdu	2.500000e-01	1.450711e-02				1.450711e-02
7	PLACEHOLDER	fg	spe2spe	16	kgbauto6	DHNY	APST	2	0	2	0	DHNY:1.97156	APST:1.97156	DHNY18APST	1.9716	clade	2	0.5000	n_rescaled	q_weighted	called	all	parametric_bootstrap	3	1	not_used	0	0	0		18	1.0000	1.0000	0.5052	0.7500	0.3138	DHNY	8	1.0000	-0.0000	DHNY	6	0.3750	0.3612	N	8	0.5000	0.2314	N	6	2	2	1.0000	1.9716	0.9858	1,2	0,7	1.9716	2	1.1122	0.4815	0.3168	0.1320	0.0000	0	2.4378	1.6637	1.0089	0.3966	14.9327	0.0000	inf	2.01449460706298744e+00	negative_log10_one_sided_poisson_asymptotic_tail	posterior_mass	model_conditional_parametric_bootstrap	selected_candidates_within_trait_match	"[""PLACEHOLDER"", ""spe2spe""]"	4	4	0	all_selected_candidates_all_traits_matches_in_this_run	3	0	${RUN_ROOT}/filtered_called/csubst_scan_bootstrap_zgjf0bdu	2.500000e-01	9.671757e-03				1.322035e-02
6	PLACEHOLDER	fg	spe2spe	14	kgbauto6	DHNY	APST	2	0	2	0	DHNY:1.98127	APST:1.98127	DHNY16APST	1.9813	clade	2	0.5000	n_rescaled	q_weighted	called	all	parametric_bootstrap	3	1	not_used	0	0	0		16	1.0000	1.0000	0.5052	0.7500	0.3138	DHNY	8	1.0000	-0.0000	DHNY	6	0.3750	0.3612	H	8	0.5000	0.2314	H	6	2	2	1.0000	1.9813	0.9906	1,2	0,7	1.9813	2	1.1122	0.4815	0.3168	0.1256	0.0000	0	2.4378	1.6637	1.0089	0.3728	15.7799	0.0000	inf	2.01258256334246211e+00	negative_log10_one_sided_poisson_asymptotic_tail	posterior_mass	model_conditional_parametric_bootstrap	selected_candidates_within_trait_match	"[""PLACEHOLDER"", ""spe2spe""]"	4	4	0	all_selected_candidates_all_traits_matches_in_this_run	3	0	${RUN_ROOT}/filtered_called/csubst_scan_bootstrap_zgjf0bdu	2.500000e-01	9.714433e-03				1.322035e-02
8	PLACEHOLDER	fg	spe2spe	17	kgbauto6	CF	APST	1	0	1	0	CF:1.62643	APST:1.62643	CF19APST	1.6264	clade	2	0.5000	n_rescaled	q_weighted	called	all	parametric_bootstrap	3	1	not_used	0	0	0		19	1.0000	1.0000	0.5052	0.5714	0.5334	CF	7	0.8000	0.2793	CF	5	0.2857	0.4512	A	7	0.4000	0.3521	C	5	2	2	1.0000	1.6264	0.8132	1,2	0,7	1.6264	2	1.1122	0.4815	0.3168	0.0528	0.0000	0	2.4378	1.6637	1.0089	0.1983	30.8186	0.0000	inf	1.91540105789263859e+00	negative_log10_one_sided_poisson_asymptotic_tail	posterior_mass	model_conditional_parametric_bootstrap	selected_candidates_within_trait_match	"[""PLACEHOLDER"", ""spe2spe""]"	4	4	0	all_selected_candidates_all_traits_matches_in_this_run	3	0	${RUN_ROOT}/filtered_called/csubst_scan_bootstrap_zgjf0bdu	2.500000e-01	1.215063e-02				1.322035e-02
9	PLACEHOLDER	fg	spe2spe	96	kgbauto6	ILMV	APST	5	0	5	0	ILMV:1.59846	APST:1.59846	ILMV100APST	1.5985	clade	2	0.5000	n_rescaled	q_weighted	called	all	parametric_bootstrap	3	1	not_used	0	0	0		100	1.0000	1.0000	0.5052	0.6250	0.5024	ILMV	8	0.8333	0.2515	ILMV	6	0.6250	0.3005	L	8	0.8333	0.1504	L	6	2	2	1.0000	1.5985	0.7992	1,2	0,7	1.5985	2	1.1122	0.4815	0.3168	0.1283	0.0000	0	2.4378	1.6637	1.0089	0.4710	12.4560	0.0000	inf	1.87875698419203196e+00	negative_log10_one_sided_poisson_asymptotic_tail	posterior_mass	model_conditional_parametric_bootstrap	selected_candidates_within_trait_match	"[""PLACEHOLDER"", ""spe2spe""]"	4	4	0	all_selected_candidates_all_traits_matches_in_this_run	3	0	${RUN_ROOT}/filtered_called/csubst_scan_bootstrap_zgjf0bdu	2.500000e-01	1.322035e-02				1.322035e-02
