branch_id_1	branch_id_2	QCNany2spe_auto0	QCSany2spe_auto0	QCNany2spe_niter1000	QCSany2spe_niter1000
0	1	0.957	1.0	0.943	1.0
0	2	1.0	0.98	1.0	0.982
0	3	0.9977	1.0	0.999	1.0
0	4	0.974	0.995	0.977	0.994
0	5	0.97	0.9992	0.983	0.999
0	6	0.93	1.0	0.966	1.0
0	7	0.9998	1.0	0.999	1.0
0	8	0.94	1.0	0.954	1.0
0	9	0.9967	1.0	0.996	1.0
0	12	1.0	0.96	1.0	0.947
0	13	0.983	0.88	0.979	0.905
0	14	0.994	0.96	0.99	0.936
0	15	0.9998	0.95	1.0	0.976
0	16	0.9995	0.9999	0.999	1.0
0	17	0.96	0.995	0.961	1.0
0	18	1.0	0.978	1.0	0.966
0	19	0.996	0.9976	0.994	0.998
0	20	0.9975	0.995	0.998	0.999
0	21	0.5	0.987	0.5	0.991
0	22	0.969	0.986	0.962	0.985
0	23	0.9998	1.0	1.0	1.0
0	24	1.0	0.96	1.0	0.969
0	25	0.993	0.9976	0.995	1.0
0	26	1.0	0.97	1.0	0.987
0	27	0.97	1.0	0.959	1.0
0	28	0.96	1.0	0.954	1.0
0	29	0.96	1.0	0.941	1.0
0	30	1.0	0.9999	1.0	1.0
0	31	0.92	0.9999	0.963	1.0
0	32	0.97	0.9998	0.946	1.0
0	33	1.0	0.5	1.0	0.5
0	34	0.485	0.9993	0.4855	0.999
0	35	0.96	1.0	0.984	1.0
0	36	0.997	1.0	0.999	1.0
0	37	0.9993	1.0	0.999	1.0
0	38	0.96	1.0	0.938	1.0
0	40	0.9991	1.0	1.0	1.0
0	41	0.995	0.9987	0.994	1.0
0	42	0.93	0.85	0.984	0.902
0	43	0.9992	0.9999	0.997	1.0
0	44	0.83	1.0	0.891	1.0
0	45	0.987	0.997	0.985	0.998
0	46	0.981	0.93	0.98	0.874
0	47	0.97	1.0	0.991	1.0
0	48	0.97	1.0	0.977	1.0
0	49	0.89	1.0	0.94	1.0
0	50	0.974	0.9997	0.986	1.0
0	51	0.95	0.9997	0.915	1.0
0	52	0.986	0.9999	0.98	1.0
0	53	0.986	0.95	0.989	0.978
0	54	0.996	1.0	0.997	1.0
0	55	0.996	0.985	0.994	0.986
0	56	1.0	0.976	1.0	0.976
0	57	0.9978	0.9998	0.996	1.0
0	58	0.984	0.9999	0.987	1.0
0	59	0.95	0.995	0.964	0.994
0	60	0.9981	0.996	0.999	0.999
0	61	0.9943	1.0	0.997	1.0
1	2	1.0	0.987	1.0	0.986
1	3	0.9961	0.9986	0.994	0.998
1	4	0.97	0.91	0.975	0.925
1	5	0.96	0.994	0.966	0.995
1	6	0.976	0.9999	0.965	0.998
1	9	0.9985	0.996	0.999	0.998
1	10	0.97	1.0	0.938	1.0
1	11	0.96	1.0	0.959	1.0
1	12	1.0	0.983	1.0	0.985
1	13	0.96	0.95	0.977	0.975
1	14	0.993	0.9996	0.994	0.999
1	15	0.993	0.96	0.994	0.986
1	16	0.984	0.92	0.982	0.923
1	17	0.996	0.997	0.988	1.0
1	18	1.0	0.993	1.0	0.987
1	19	0.991	0.9	0.995	0.956
1	20	0.994	0.93	0.999	0.966
1	21	0.5	0.995	0.5	0.996
1	22	0.9982	0.96	0.999	0.987
1	23	0.96	1.0	0.985	1.0
1	24	1.0	0.997	1.0	0.993
1	25	0.989	0.96	0.981	0.967
1	26	1.0	0.97	1.0	0.993
1	27	0.9994	1.0	0.999	1.0
1	28	0.94	0.96	0.949	0.973
1	29	0.9	0.988	0.927	0.991
1	30	1.0	0.95	1.0	0.945
1	31	0.9998	0.9999	1.0	1.0
1	32	0.93	0.96	0.936	0.982
1	33	0.5	1.0	0.5	1.0
1	34	0.475	0.97	0.481	0.987
1	35	1.0	0.9999	1.0	1.0
1	36	0.91	0.986	0.946	0.981
1	37	0.95	0.9999	0.961	0.999
1	38	0.964	0.9999	0.977	1.0
1	40	0.97	0.9998	0.968	1.0
1	41	0.997	0.95	0.997	0.977
1	42	0.96	0.94	0.98	0.924
1	43	0.97	0.996	0.969	0.992
1	44	0.82	1.0	0.89	1.0
1	45	0.979	0.97	0.98	0.944
1	46	0.988	0.995	0.976	0.992
1	47	0.989	0.996	0.995	0.999
1	48	0.96	0.83	0.982	0.821
1	49	0.965	0.987	0.965	0.991
1	50	0.95	0.88	0.974	0.902
1	51	0.9	0.9996	0.902	1.0
1	52	0.97	0.996	0.957	0.994
1	53	0.991	0.96	0.997	0.98
1	54	0.997	0.9972	0.995	0.997
1	55	0.97	0.995	0.988	0.997
1	56	1.0	0.984	1.0	0.989
1	57	0.994	0.9	0.997	0.949
1	58	0.97	0.986	0.974	0.991
1	59	0.93	0.95	0.943	0.976
1	60	0.94	0.9997	0.933	1.0
1	61	0.89	1.0	0.897	1.0
1	62	0.96	1.0	0.954	1.0
2	3	0.5	0.99	0.5	0.988
2	4	0.5	0.996	0.5	0.994
2	5	1.0	0.99	1.0	0.991
2	6	1.0	0.991	1.0	0.989
2	7	1.0	0.97	1.0	0.959
2	8	1.0	0.97	1.0	0.975
2	9	1.0	0.972	1.0	0.981
2	10	1.0	0.97	1.0	0.973
2	11	1.0	0.97	1.0	0.98
2	12	1.0	0.9983	1.0	0.996
2	13	0.5	1.0	0.5	1.0
2	14	1.0	0.991	1.0	0.991
2	15	1.0	0.988	1.0	0.988
2	16	1.0	1.0	1.0	1.0
2	17	0.5	0.994	0.5	0.992
2	18	0.5	0.993	0.5	0.995
2	19	1.0	0.997	1.0	0.993
2	20	0.5	1.0	0.5	1.0
2	21	0.5	1.0	0.5	1.0
2	22	1.0	0.997	1.0	0.997
2	23	1.0	0.986	1.0	0.975
2	24	0.5	1.0	0.5	1.0
2	25	0.5	0.9967	0.5	0.997
2	26	1.0	1.0	1.0	1.0
2	27	1.0	0.985	1.0	0.986
2	28	1.0	0.991	1.0	0.98
2	29	0.5	0.993	0.5	0.998
2	30	1.0	0.9976	1.0	0.999
2	31	1.0	0.991	1.0	0.991
2	32	1.0	0.95	1.0	0.976
2	33	0.5	0.5	0.5	0.5
2	34	0.5	0.5	0.5	0.5
2	35	1.0	0.994	1.0	0.991
2	36	1.0	0.994	1.0	0.993
2	37	1.0	0.96	1.0	0.981
2	38	1.0	0.97	1.0	0.979
2	40	1.0	0.97	1.0	0.972
2	43	1.0	0.9942	1.0	0.992
2	44	1.0	0.97	1.0	0.986
2	45	1.0	1.0	1.0	1.0
2	46	1.0	0.993	1.0	0.995
2	47	1.0	0.993	1.0	0.995
2	48	1.0	0.988	1.0	0.987
2	49	1.0	0.993	1.0	0.989
2	50	1.0	0.99	1.0	0.987
2	51	1.0	0.985	1.0	0.98
2	52	1.0	0.9954	1.0	0.995
2	61	1.0	0.95	1.0	0.98
2	62	1.0	0.96	1.0	0.972
3	4	0.5	0.984	0.499	0.978
3	5	0.5	0.9998	0.498	0.999
3	6	0.5	0.984	0.4995	0.979
3	7	0.996	1.0	0.998	1.0
3	8	1.0	0.997	1.0	0.999
3	9	0.9975	0.9983	0.997	0.998
3	10	1.0	1.0	1.0	1.0
3	11	0.995	0.9984	0.998	0.997
3	12	1.0	0.998	1.0	0.998
3	13	0.5	0.989	0.5	0.988
3	14	0.5	0.987	0.5	0.986
3	15	0.5	0.996	0.5	1.0
3	16	0.5	0.97	0.498	0.991
3	17	1.0	0.95	1.0	0.968
3	20	1.0	0.986	1.0	0.989
3	21	1.0	1.0	1.0	1.0
3	22	0.992	0.96	0.99	0.986
3	23	0.986	1.0	0.983	0.999
3	24	1.0	1.0	1.0	1.0
3	25	0.997	0.99	1.0	0.99
3	26	1.0	0.9976	1.0	0.998
3	27	0.994	0.96	0.994	0.969
3	28	0.995	0.9988	0.997	1.0
3	29	0.989	0.9993	0.989	0.997
3	30	0.5	0.984	0.5	0.981
3	31	0.993	1.0	0.997	1.0
3	32	0.5	0.93	0.496	0.954
3	33	0.5	0.5	0.5	0.5
3	34	0.5	0.5	0.4985	0.4965
3	35	0.5	0.92	0.5	0.95
3	36	0.995	0.97	0.996	0.964
3	37	1.0	0.999	1.0	0.999
3	38	1.0	0.997	1.0	0.996
3	40	0.49	0.9996	0.497	0.999
3	41	0.5	0.9981	0.5	0.999
3	42	0.5	0.92	0.4965	0.967
3	43	0.5	0.97	0.4945	0.972
3	44	0.988	1.0	0.992	1.0
3	45	0.995	0.989	0.998	0.984
3	46	0.9981	0.986	1.0	0.982
3	47	0.5	0.982	0.5	0.982
3	48	0.9968	0.92	0.999	0.955
3	49	0.5	0.984	0.499	0.98
3	50	1.0	0.92	1.0	0.971
3	51	0.993	1.0	0.994	1.0
3	52	0.5	0.95	0.496	0.966
3	53	0.5	1.0	0.5	1.0
3	54	0.5	0.98	0.5	0.981
3	55	1.0	1.0	1.0	1.0
3	56	1.0	0.9973	1.0	0.999
3	61	0.992	0.997	0.995	0.997
3	62	0.9981	0.91	0.998	0.927
4	5	0.987	0.9996	0.986	1.0
4	6	0.978	0.999	0.987	1.0
4	7	0.99	1.0	0.98	0.998
4	8	0.985	0.996	0.991	0.996
4	9	0.978	0.996	0.973	0.998
4	10	0.97	0.91	0.984	0.905
4	11	0.984	0.91	0.983	0.915
4	12	1.0	1.0	1.0	1.0
4	13	0.991	0.994	0.988	0.993
4	14	1.0	0.993	1.0	0.994
4	17	0.996	0.984	0.991	0.979
4	18	0.5	1.0	0.5	1.0
4	19	0.5	0.97	0.4955	0.977
4	20	1.0	0.993	1.0	0.989
4	21	0.5	0.9979	0.5	0.999
4	22	0.975	0.94	0.963	0.968
4	23	0.93	0.997	0.931	0.993
4	24	0.5	1.0	0.5	1.0
4	25	0.9944	0.991	0.991	0.992
4	26	1.0	0.9967	1.0	0.997
4	27	0.989	0.9991	0.986	0.999
4	28	0.985	0.9982	0.987	0.998
4	29	0.97	0.96	0.939	0.95
4	30	1.0	0.987	1.0	0.986
4	31	0.969	0.95	0.97	0.93
4	32	0.96	1.0	0.977	1.0
4	33	0.5	1.0	0.5	1.0
4	34	0.495	0.989	0.496	0.989
4	35	0.495	0.979	0.498	0.984
4	36	0.97	0.92	0.986	0.937
4	37	0.97	0.995	0.989	0.999
4	38	0.97	0.9997	0.985	1.0
4	40	0.95	0.963	0.981	0.958
4	41	0.5	0.993	0.499	0.993
4	42	0.99	0.981	0.987	0.98
4	43	0.97	0.978	0.975	0.981
4	44	0.97	0.9973	0.963	1.0
4	45	0.995	0.981	0.992	0.974
4	47	0.9974	0.96	0.998	0.984
4	48	0.983	0.9996	0.981	0.998
4	49	0.991	0.997	0.984	0.999
4	50	0.988	0.94	0.992	0.987
4	52	0.977	0.9997	0.978	1.0
4	53	0.9976	0.997	1.0	0.997
4	54	0.9978	0.988	0.998	0.984
4	55	0.993	0.997	0.992	0.993
4	56	1.0	0.994	1.0	0.988
4	57	0.9979	0.985	0.998	0.982
4	58	0.991	0.94	0.997	0.959
4	61	0.95	0.83	0.952	0.854
4	62	0.983	0.91	0.976	0.928
5	6	0.97	1.0	0.973	1.0
5	7	0.978	0.9995	0.975	0.997
5	8	0.98	0.995	0.984	0.991
5	9	0.978	1.0	0.967	1.0
5	10	0.9994	1.0	0.998	1.0
5	11	0.989	0.992	0.982	0.991
5	12	1.0	0.991	1.0	0.996
5	13	0.495	0.993	0.492	0.986
5	14	0.49	0.987	0.497	0.987
5	15	0.994	0.988	0.996	0.995
5	16	0.989	0.9994	0.987	1.0
5	17	0.993	0.9999	0.991	0.999
5	18	0.5	0.992	0.5	0.99
5	19	0.995	0.95	0.998	0.974
5	20	0.9972	0.983	0.998	0.977
5	21	0.5	0.995	0.5	0.996
5	22	0.92	0.93	0.944	0.958
5	23	0.997	1.0	0.998	1.0
5	24	0.5	0.9982	0.5	0.999
5	25	0.99	0.97	0.989	0.981
5	26	1.0	0.997	1.0	0.996
5	27	0.981	0.92	0.984	0.91
5	28	0.98	0.84	0.984	0.91
5	29	0.96	1.0	0.966	1.0
5	30	0.9971	0.94	0.996	0.965
5	31	0.96	0.9998	0.976	1.0
5	32	0.94	0.9999	0.943	1.0
5	33	0.5	1.0	0.5	1.0
5	34	0.495	0.994	0.48	0.99
5	35	0.992	1.0	0.99	1.0
5	36	0.969	0.97	0.973	0.991
5	37	0.97	0.994	0.981	0.993
5	38	0.978	1.0	0.982	1.0
5	40	0.985	0.88	0.991	0.911
5	41	1.0	0.994	1.0	0.997
5	42	0.987	0.9996	0.979	0.998
5	43	0.92	0.9996	0.969	1.0
5	44	0.93	0.9994	0.945	1.0
5	45	0.989	0.9998	0.979	1.0
5	46	0.98	0.973	0.976	0.973
5	47	0.994	0.95	0.986	0.951
5	48	0.984	1.0	0.993	1.0
5	49	0.99	0.91	0.989	0.918
5	50	0.993	0.9	0.989	0.934
5	51	0.977	1.0	0.965	1.0
5	52	0.974	0.9998	0.972	0.999
5	61	0.9985	0.999	1.0	0.999
5	62	0.97	0.995	0.986	0.996
6	7	0.96	0.9994	0.958	0.998
6	8	0.96	0.9994	0.982	1.0
6	9	0.962	1.0	0.936	1.0
6	10	0.96	0.998	0.965	0.996
6	11	0.96	1.0	0.969	1.0
6	12	1.0	0.983	1.0	0.994
6	13	0.96	0.9996	0.981	1.0
6	14	0.995	0.92	0.989	0.978
6	15	0.996	0.992	0.996	0.996
6	16	0.975	0.9988	0.972	0.999
6	17	0.495	0.985	0.4915	0.984
6	18	0.5	0.993	0.5	0.993
6	19	0.988	0.9997	0.997	1.0
6	20	0.996	0.96	0.996	0.972
6	21	0.5	0.99	0.5	0.989
6	22	0.96	0.88	0.973	0.923
6	23	0.88	1.0	0.916	1.0
6	24	0.5	1.0	0.5	1.0
6	25	0.992	0.985	0.992	0.985
6	26	1.0	1.0	1.0	1.0
6	27	0.97	0.9999	0.974	1.0
6	28	0.977	1.0	0.975	1.0
6	29	0.953	1.0	0.955	1.0
6	30	0.9972	0.983	0.998	0.967
6	31	0.985	0.987	0.986	0.992
6	32	0.96	0.9995	0.962	1.0
6	33	0.5	0.5	0.5	0.5
6	34	0.5	0.485	0.49	0.492
6	35	0.987	0.94	0.992	0.926
6	36	0.97	0.9997	0.944	1.0
6	37	0.97	0.9994	0.957	0.999
6	38	0.95	0.9999	0.964	0.999
6	40	0.96	0.999	0.963	0.998
6	41	0.997	0.988	0.994	0.991
6	42	0.991	0.92	0.989	0.944
6	43	0.93	0.94	0.974	0.95
6	44	0.96	0.981	0.944	0.991
6	45	0.987	0.963	0.977	0.963
6	46	0.99	0.998	0.992	0.995
6	47	0.994	0.9992	0.992	1.0
6	48	0.97	1.0	0.989	1.0
6	49	0.97	1.0	0.959	1.0
6	50	0.986	0.9982	0.985	0.998
6	51	1.0	1.0	1.0	1.0
6	52	0.979	0.94	0.986	0.955
6	53	0.996	0.993	1.0	0.987
6	61	0.93	1.0	0.926	1.0
6	62	0.94	0.9991	0.966	0.999
7	9	0.9961	1.0	0.994	1.0
7	10	0.96	1.0	0.95	1.0
7	11	0.96	1.0	0.959	1.0
7	12	1.0	0.94	1.0	0.976
7	13	0.97	0.964	0.99	0.959
7	14	0.97	0.95	0.994	0.952
7	15	0.97	0.97	0.991	0.979
7	16	0.956	0.94	0.957	0.936
7	17	0.977	0.9999	0.979	1.0
7	18	1.0	0.985	1.0	0.99
7	19	0.995	0.996	0.99	0.998
7	20	0.996	0.91	0.997	0.95
7	21	0.5	0.982	0.5	0.984
7	22	0.96	0.9992	0.966	0.998
7	23	0.88	1.0	0.885	1.0
7	24	1.0	0.992	1.0	0.996
7	25	0.97	0.94	0.989	0.941
7	26	1.0	0.96	1.0	0.988
7	27	0.95	0.97	0.947	0.967
7	28	0.97	0.9999	0.961	1.0
7	29	0.9988	1.0	0.998	1.0
7	30	1.0	0.9	1.0	0.919
7	31	0.982	1.0	0.976	1.0
7	32	0.96	1.0	0.962	1.0
7	33	1.0	0.5	1.0	0.5
7	34	0.495	0.968	0.4855	0.963
7	35	0.987	0.9991	0.984	0.999
7	36	0.9979	0.9997	1.0	0.999
7	37	0.93	1.0	0.966	1.0
7	38	0.96	1.0	0.964	1.0
7	40	0.96	0.9993	0.971	1.0
7	41	0.9982	0.95	0.997	0.969
7	42	0.985	0.9	0.994	0.923
7	43	0.95	0.79	0.964	0.891
7	44	0.94	1.0	0.917	1.0
7	45	0.989	0.997	0.985	0.999
7	46	0.983	0.99	0.98	0.995
7	47	0.993	0.9997	0.997	1.0
7	48	0.96	1.0	0.971	1.0
7	49	0.9987	1.0	1.0	1.0
7	50	0.978	0.992	0.988	0.989
7	51	0.92	1.0	0.948	1.0
7	52	0.985	1.0	0.98	1.0
7	53	0.9972	0.96	0.998	0.98
7	54	0.997	0.94	0.998	0.93
7	55	1.0	0.9956	1.0	0.997
7	56	1.0	0.983	1.0	0.981
7	57	0.997	0.941	0.999	0.939
7	58	0.991	1.0	0.992	1.0
7	59	0.97	1.0	0.976	1.0
7	60	0.996	1.0	1.0	1.0
7	61	0.95	1.0	0.898	1.0
7	62	0.96	0.9999	0.949	1.0
8	9	0.999	1.0	0.999	1.0
8	10	0.97	1.0	0.963	1.0
8	11	0.95	1.0	0.964	1.0
8	12	1.0	0.966	1.0	0.969
8	13	0.987	0.963	0.991	0.959
8	14	0.996	0.95	0.996	0.961
8	15	0.99	0.978	0.992	0.989
8	16	0.987	0.88	0.985	0.911
8	17	0.95	0.9981	0.987	0.998
8	18	1.0	0.989	1.0	0.985
8	19	1.0	0.91	1.0	0.918
8	20	1.0	0.96	1.0	0.933
8	21	1.0	0.974	1.0	0.987
8	22	0.97	0.979	0.972	0.987
8	23	0.95	1.0	0.94	1.0
8	24	1.0	0.995	1.0	0.995
8	25	0.99	0.93	0.988	0.943
8	26	1.0	0.987	1.0	0.982
8	27	0.984	0.9976	0.983	0.999
8	28	0.981	0.9998	0.989	1.0
8	29	0.96	0.988	0.967	0.985
8	30	1.0	0.92	1.0	0.918
8	31	0.96	1.0	0.973	1.0
8	32	0.92	1.0	0.964	1.0
8	33	1.0	1.0	1.0	1.0
8	34	0.96	0.96	0.982	0.966
8	35	1.0	0.991	1.0	0.989
8	36	0.96	0.9997	0.962	1.0
8	37	0.97	1.0	0.979	1.0
8	40	0.983	0.9995	0.984	1.0
8	41	0.997	0.97	0.999	0.972
8	42	0.97	0.92	0.988	0.937
8	43	0.96	0.997	0.972	0.991
8	44	0.9977	1.0	1.0	1.0
8	45	0.992	0.997	0.99	0.998
8	46	0.986	0.993	0.99	0.993
8	47	0.991	0.993	0.992	0.992
8	48	0.983	0.96	0.99	0.986
8	49	0.93	0.9992	0.961	0.999
8	50	0.988	0.989	0.993	0.99
8	51	0.95	0.9999	0.94	1.0
8	52	0.986	0.997	0.982	0.993
8	53	0.993	0.97	0.991	0.976
8	54	0.994	0.91	0.993	0.927
8	55	0.996	0.991	0.989	0.995
8	56	1.0	0.97	1.0	0.974
8	57	0.9974	0.88	0.997	0.931
8	58	0.993	0.9995	0.99	1.0
8	59	0.981	0.997	0.968	0.999
8	60	0.95	1.0	0.957	1.0
8	61	0.97	1.0	0.939	1.0
8	62	0.97	1.0	0.964	1.0
9	10	0.94	1.0	0.943	1.0
9	11	0.94	1.0	0.95	1.0
9	12	1.0	0.968	1.0	0.963
9	13	0.981	0.93	0.979	0.94
9	14	0.986	0.958	0.979	0.955
9	15	0.97	0.97	0.983	0.982
9	16	0.97	0.9999	0.959	1.0
9	17	0.96	0.9973	0.966	0.998
9	18	1.0	0.978	1.0	0.961
9	19	0.989	0.96	0.993	0.952
9	20	0.995	0.9978	0.998	1.0
9	21	0.5	0.989	0.5	0.989
9	22	0.963	1.0	0.946	1.0
9	23	0.989	1.0	0.987	1.0
9	24	1.0	0.987	1.0	0.989
9	25	0.981	0.94	0.976	0.938
9	26	1.0	0.993	1.0	0.996
9	27	0.93	0.9999	0.94	0.999
9	28	0.96	0.9999	0.951	1.0
9	29	0.91	0.9992	0.92	0.999
9	30	0.996	0.997	0.996	0.998
9	31	0.95	1.0	0.979	1.0
9	32	0.9991	0.996	0.999	0.997
9	33	0.5	0.5	0.5	0.5
9	34	0.48	0.94	0.479	0.958
9	35	0.988	0.9993	0.99	0.998
9	36	0.92	1.0	0.919	1.0
9	40	0.92	0.97	0.953	0.982
9	41	0.997	0.965	0.999	0.97
9	42	0.977	0.95	0.983	0.94
9	43	0.97	0.9997	0.937	0.996
9	44	0.92	1.0	0.868	1.0
9	45	0.95	0.9973	0.989	0.997
9	46	0.9997	0.993	1.0	0.996
9	47	0.97	0.991	0.993	0.995
9	48	0.92	0.97	0.955	0.974
9	49	0.997	0.994	1.0	0.999
9	50	0.9996	0.981	1.0	0.981
9	51	0.997	0.9998	0.992	0.999
9	52	0.985	0.9997	0.983	0.998
9	53	0.982	0.964	0.991	0.975
9	54	0.991	0.9	0.99	0.929
9	55	0.9967	0.984	0.998	0.985
9	56	1.0	0.978	1.0	0.977
9	57	0.9975	0.9976	0.998	0.997
9	58	0.97	0.9988	0.982	0.998
9	59	0.96	0.996	0.955	0.999
9	60	0.9964	0.9996	0.995	1.0
9	61	1.0	1.0	1.0	1.0
9	62	0.997	1.0	0.997	1.0
10	12	1.0	0.976	1.0	0.975
10	13	0.97	0.95	0.974	0.93
10	14	0.99	0.9985	0.995	1.0
10	15	0.981	0.93	0.983	0.975
10	16	0.973	0.997	0.968	0.995
10	17	0.969	0.996	0.968	0.998
10	18	1.0	0.96	1.0	0.964
10	19	1.0	0.9999	1.0	1.0
10	20	0.997	0.91	0.997	0.947
10	21	0.5	0.97	0.5	0.969
10	22	0.997	0.9998	0.995	1.0
10	23	1.0	1.0	1.0	1.0
10	24	1.0	0.96	1.0	0.985
10	25	0.989	0.9982	0.981	0.999
10	26	1.0	0.99	1.0	0.991
10	27	0.98	1.0	0.976	1.0
10	28	0.9993	1.0	0.999	1.0
10	29	0.95	1.0	0.956	1.0
10	30	1.0	0.9	1.0	0.871
10	31	0.95	1.0	0.961	1.0
10	32	0.96	1.0	0.943	1.0
10	33	0.5	1.0	0.5	1.0
10	34	0.485	0.95	0.4765	0.972
10	35	0.981	0.9999	0.98	1.0
10	36	0.94	1.0	0.933	1.0
10	37	0.97	1.0	0.95	1.0
10	38	0.967	1.0	0.959	1.0
10	40	0.978	0.981	0.979	0.984
10	41	0.992	0.969	0.996	0.971
10	42	0.974	0.9991	0.985	1.0
10	43	0.96	0.996	0.97	0.989
10	44	0.996	0.9993	0.992	0.999
10	45	0.98	0.9983	0.984	0.996
10	46	0.97	0.9992	0.983	1.0
10	47	0.989	0.91	0.988	0.899
10	48	0.983	1.0	0.981	1.0
10	49	0.964	0.74	0.969	0.793
10	50	0.97	0.981	0.968	0.989
10	51	0.9985	1.0	0.996	1.0
10	52	0.97	0.83	0.978	0.898
10	53	0.984	0.979	0.989	0.976
10	54	0.97	0.997	0.995	0.998
10	55	0.989	0.989	0.984	0.992
10	56	1.0	0.97	1.0	0.964
10	57	0.9971	0.89	0.99	0.919
10	58	0.96	0.95	0.982	0.981
10	59	0.95	1.0	0.966	0.999
10	60	0.94	1.0	0.931	1.0
10	61	0.9999	1.0	1.0	1.0
11	12	1.0	0.97	1.0	0.972
11	13	0.989	0.95	0.992	0.95
11	14	0.994	0.96	0.994	0.967
11	15	0.993	0.975	0.987	0.981
11	16	0.985	0.996	0.98	0.995
11	17	0.992	0.9	0.993	0.947
11	18	1.0	0.97	1.0	0.98
11	19	0.994	0.997	0.996	0.997
11	20	0.997	0.87	0.999	0.958
11	21	1.0	0.983	1.0	0.983
11	22	0.971	0.96	0.964	0.986
11	23	0.996	1.0	0.998	1.0
11	24	1.0	0.991	1.0	0.992
11	25	0.996	0.91	0.994	0.963
11	26	1.0	0.96	1.0	0.987
11	27	0.976	1.0	0.977	1.0
11	28	0.969	1.0	0.983	1.0
11	29	0.947	0.9995	0.932	0.999
11	30	1.0	0.92	1.0	0.896
11	31	0.982	1.0	0.967	1.0
11	32	0.97	1.0	0.965	1.0
11	33	1.0	1.0	1.0	1.0
11	34	0.97	0.96	0.983	0.96
11	35	0.9973	0.75	0.998	0.837
11	36	0.9995	0.9994	0.999	1.0
11	37	0.977	1.0	0.986	1.0
11	38	0.97	1.0	0.978	1.0
11	40	0.97	0.9997	0.98	1.0
11	41	0.9965	0.97	0.998	0.956
11	42	0.97	0.9966	0.987	0.996
11	43	0.9	0.988	0.958	0.991
11	44	0.95	1.0	0.931	1.0
11	45	0.994	0.9982	0.983	0.999
11	46	0.97	0.996	0.979	0.994
11	47	0.992	0.997	0.996	0.996
11	48	0.97	0.9999	0.987	1.0
11	49	0.96	0.9987	0.975	0.998
11	50	0.991	0.9996	0.981	1.0
11	51	0.9	0.9995	0.929	1.0
11	52	0.95	0.9	0.983	0.906
11	53	0.97	0.97	0.993	0.978
11	54	0.996	0.9982	0.996	0.999
11	55	0.992	0.994	0.999	0.987
11	56	1.0	0.973	1.0	0.98
11	57	0.9983	0.94	0.999	0.938
11	58	0.97	0.9995	0.991	1.0
11	59	0.97	1.0	0.971	1.0
11	60	0.96	1.0	0.968	1.0
12	13	0.5	0.997	0.5	0.998
12	14	0.5	1.0	0.5	1.0
12	15	1.0	1.0	1.0	1.0
12	16	1.0	0.994	1.0	0.994
12	20	1.0	1.0	1.0	1.0
12	21	1.0	0.996	1.0	0.998
12	22	0.5	0.989	0.5	0.983
12	23	1.0	0.975	1.0	0.975
12	24	1.0	1.0	1.0	1.0
12	25	1.0	0.997	1.0	0.998
12	26	1.0	1.0	1.0	1.0
12	27	1.0	0.97	1.0	0.97
12	28	1.0	0.97	1.0	0.975
12	29	1.0	0.96	1.0	0.992
12	30	1.0	0.996	1.0	0.997
12	31	1.0	0.94	1.0	0.965
12	32	1.0	0.96	1.0	0.974
12	33	0.5	0.5	0.5	0.5
12	34	0.5	0.5	0.5	0.497
12	35	0.5	0.97	0.5	0.987
12	36	1.0	0.974	1.0	0.973
12	37	1.0	0.968	1.0	0.978
12	38	1.0	0.97	1.0	0.964
12	40	1.0	0.995	1.0	0.986
12	41	1.0	0.994	1.0	0.999
12	42	1.0	1.0	1.0	1.0
12	43	1.0	0.987	1.0	0.991
12	44	1.0	0.985	1.0	0.977
12	45	1.0	0.9959	1.0	0.996
12	46	1.0	0.994	1.0	0.991
12	47	1.0	0.981	1.0	0.987
12	48	1.0	0.982	1.0	0.99
12	49	1.0	0.984	1.0	0.989
12	50	1.0	0.97	1.0	0.979
12	51	1.0	0.96	1.0	0.957
12	52	0.5	0.994	0.5	0.994
12	53	1.0	0.9978	1.0	0.996
12	54	1.0	0.997	1.0	0.996
12	55	1.0	1.0	1.0	1.0
12	56	1.0	1.0	1.0	1.0
12	61	1.0	0.92	1.0	0.948
12	62	1.0	0.972	1.0	0.969
13	17	0.5	0.95	0.4975	0.994
13	18	0.5	0.9965	0.5	0.996
13	19	1.0	0.993	1.0	0.998
13	20	1.0	0.988	1.0	0.994
13	21	0.5	0.997	0.5	0.996
13	22	0.989	0.99	0.985	0.984
13	23	0.96	0.9993	0.966	1.0
13	24	0.5	0.994	0.5	0.996
13	25	0.997	0.994	0.994	0.995
13	26	1.0	0.997	1.0	0.999
13	27	0.9981	0.96	0.996	0.972
13	28	0.988	0.981	0.991	0.975
13	29	0.975	0.96	0.97	0.984
13	30	0.495	0.994	0.499	0.986
13	31	0.986	0.96	0.986	0.971
13	32	0.9996	0.95	1.0	0.98
13	33	0.5	1.0	0.5	1.0
13	34	0.5	0.5	0.496	0.499
13	35	0.5	0.971	0.4965	0.983
13	36	0.98	0.96	0.981	0.956
13	37	0.983	0.97	0.995	0.975
13	38	0.96	0.9984	0.986	0.997
13	40	0.96	0.991	0.974	0.982
13	41	0.5	0.996	0.497	0.993
13	42	0.5	0.987	0.4985	0.984
13	43	0.994	0.9999	0.986	1.0
13	44	0.978	0.978	0.972	0.981
13	45	0.991	0.996	0.996	0.998
13	47	0.997	0.986	0.991	0.986
13	48	0.995	0.976	0.996	0.986
13	49	0.98	0.979	0.972	0.969
13	50	0.994	0.97	0.99	0.986
13	52	0.49	0.96	0.4975	0.987
13	53	0.5	1.0	0.498	1.0
13	54	0.996	0.996	0.997	0.996
13	55	0.997	1.0	0.996	1.0
13	56	1.0	0.9978	1.0	0.997
13	57	0.997	0.995	0.999	0.995
13	58	0.989	0.992	0.982	0.993
13	61	0.96	0.9996	0.962	1.0
13	62	0.978	0.97	0.968	0.977
14	17	0.5	0.99	0.498	0.986
14	18	0.5	0.994	0.5	0.995
14	19	0.5	0.96	0.5	0.984
14	20	0.5	0.987	0.5	0.99
14	21	0.5	1.0	0.5	1.0
14	22	0.997	0.985	0.996	0.985
14	23	0.983	0.93	0.982	0.958
14	24	0.5	0.997	0.5	0.996
14	25	0.5	1.0	0.4985	1.0
14	26	1.0	1.0	1.0	1.0
14	27	0.995	0.985	0.998	0.98
14	28	0.993	0.974	0.992	0.98
14	29	0.985	0.9998	0.99	0.998
14	30	0.9977	0.997	0.998	0.998
14	31	0.9984	0.978	0.999	0.982
14	32	0.994	0.93	0.994	0.976
14	33	0.5	1.0	0.5	1.0
14	34	0.5	0.5	0.5	0.4995
14	35	0.5	0.94	0.4985	0.976
14	36	0.991	0.9999	0.998	1.0
14	37	0.997	0.97	0.997	0.975
14	38	0.997	0.96	0.996	0.951
14	40	0.99	0.93	0.989	0.975
14	41	1.0	0.995	1.0	0.988
14	42	0.9975	0.984	0.999	0.993
14	43	0.997	0.97	0.993	0.971
14	44	0.985	0.93	0.986	0.969
14	45	1.0	0.995	1.0	0.994
14	47	1.0	0.97	1.0	0.988
14	48	0.996	0.982	0.999	0.976
14	49	0.995	0.9999	0.997	1.0
14	50	0.997	0.988	0.999	0.985
14	52	0.5	0.988	0.4995	0.991
14	53	1.0	0.998	1.0	0.999
14	54	0.9982	0.996	0.998	0.994
14	55	1.0	1.0	1.0	1.0
14	56	1.0	1.0	1.0	1.0
14	57	1.0	0.997	1.0	0.999
14	58	0.9943	0.94	0.991	0.975
14	61	0.993	0.9992	0.987	0.998
14	62	0.988	0.97	0.994	0.968
15	17	0.983	0.998	0.975	0.998
15	18	0.5	0.9974	0.5	0.998
15	19	1.0	0.9973	1.0	0.997
15	20	1.0	1.0	1.0	1.0
15	21	0.5	1.0	0.5	1.0
15	22	0.997	0.987	0.997	0.983
15	23	0.93	0.975	0.97	0.976
15	24	0.5	1.0	0.5	1.0
15	25	1.0	1.0	1.0	1.0
15	26	1.0	1.0	1.0	1.0
15	27	0.995	0.987	0.995	0.986
15	28	0.996	0.95	0.999	0.98
15	29	0.994	0.995	0.989	0.996
15	30	1.0	0.996	1.0	0.999
15	31	0.96	0.993	0.988	0.992
15	32	0.992	0.97	0.99	0.989
15	33	0.5	1.0	0.5	1.0
15	34	0.5	0.9978	0.4955	0.997
15	35	0.994	0.994	0.992	0.997
15	36	0.985	0.989	0.988	0.985
15	37	0.97	0.977	0.989	0.979
15	38	0.99	0.9997	0.987	1.0
15	40	0.9983	0.986	1.0	0.983
15	41	1.0	1.0	1.0	1.0
15	42	0.993	0.997	0.996	0.995
15	43	0.99	0.992	0.991	0.993
15	44	0.97	0.973	0.986	0.979
15	45	0.996	0.9979	0.997	0.998
15	47	0.996	0.9977	0.998	0.997
15	48	0.997	0.99	0.999	0.986
15	49	0.95	0.986	0.961	0.988
15	50	1.0	0.994	1.0	0.994
15	52	1.0	0.989	1.0	0.988
15	53	0.9978	1.0	1.0	1.0
15	54	1.0	0.984	1.0	0.991
15	55	1.0	0.996	1.0	0.997
15	56	1.0	0.9979	1.0	0.998
15	57	1.0	0.994	1.0	0.994
15	58	1.0	0.97	1.0	0.992
15	61	0.979	0.95	0.978	0.977
15	62	0.991	0.976	0.987	0.968
16	17	0.97	0.995	0.988	0.996
16	18	1.0	0.998	1.0	0.998
16	19	0.997	0.982	0.998	0.983
16	20	1.0	0.9944	1.0	0.997
16	21	0.5	0.998	0.5	0.997
16	22	0.95	0.97	0.986	0.945
16	23	0.997	1.0	0.999	1.0
16	24	0.495	1.0	0.499	1.0
16	25	0.9976	0.992	0.998	0.99
16	26	0.997	0.994	0.994	0.994
16	27	0.969	0.92	0.973	0.95
16	28	0.985	0.9983	0.989	1.0
16	29	0.93	0.9991	0.964	1.0
16	30	1.0	0.9997	1.0	1.0
16	31	0.96	0.91	0.977	0.904
16	32	0.95	0.94	0.975	0.927
16	33	0.5	1.0	0.5	1.0
16	34	0.5	0.97	0.4965	0.996
16	35	0.994	0.9991	0.993	1.0
16	36	0.96	0.93	0.96	0.952
16	37	0.96	0.93	0.976	0.933
16	38	0.94	0.993	0.982	0.999
16	40	0.94	0.96	0.977	0.968
16	41	0.995	0.988	0.998	0.986
16	42	0.97	0.96	0.986	0.99
16	43	0.92	0.96	0.975	0.977
16	44	0.93	0.996	0.966	1.0
16	47	0.992	0.99	0.998	0.981
16	48	0.986	0.93	0.992	0.95
16	49	0.96	0.93	0.953	0.949
16	50	0.985	0.971	0.984	0.974
16	52	0.9978	0.97	0.997	0.989
16	53	1.0	0.991	1.0	0.991
16	54	0.995	0.981	0.998	0.978
16	55	1.0	0.997	1.0	0.996
16	56	1.0	0.994	1.0	0.991
16	57	0.995	0.95	0.997	0.982
16	58	0.991	0.95	0.991	0.954
16	61	0.92	0.97	0.959	0.992
16	62	0.9997	0.997	1.0	0.997
17	20	0.5	0.986	0.5	0.989
17	21	1.0	0.9981	1.0	0.997
17	22	0.495	0.94	0.4955	0.976
17	23	0.95	1.0	0.934	1.0
17	24	1.0	0.9978	1.0	0.995
17	25	0.997	0.994	0.999	0.997
17	26	1.0	1.0	1.0	1.0
17	27	0.997	0.981	0.995	0.975
17	28	0.997	0.95	0.992	0.954
17	29	0.97	0.94	0.976	0.966
17	30	1.0	0.995	1.0	0.986
17	31	0.99	0.957	0.991	0.949
17	32	0.986	0.9991	0.981	0.998
17	33	0.5	0.5	0.5	0.5
17	34	0.49	0.5	0.4935	0.499
17	35	0.495	0.997	0.4955	1.0
17	36	0.979	0.94	0.98	0.965
17	37	0.984	0.96	0.986	0.955
17	38	0.96	0.95	0.994	0.937
17	40	0.99	0.96	0.994	0.973
17	41	0.5	1.0	0.4995	1.0
17	42	0.991	0.978	0.995	0.981
17	43	0.991	0.96	0.984	0.979
17	44	0.977	0.997	0.98	0.996
17	45	0.997	0.99	1.0	0.992
17	46	0.9926	0.986	0.991	0.98
17	47	0.997	0.986	1.0	0.984
17	48	0.996	0.972	1.0	0.971
17	49	0.97	0.984	0.962	0.986
17	50	0.997	0.95	0.998	0.977
17	51	0.968	0.9991	0.971	1.0
17	52	0.5	0.95	0.5	0.982
17	53	0.996	1.0	0.997	1.0
17	54	0.5	0.989	0.499	0.993
17	55	1.0	1.0	1.0	1.0
17	56	1.0	0.9979	1.0	1.0
17	61	0.94	0.9968	0.957	0.998
17	62	0.976	0.97	0.98	0.945
18	20	1.0	0.996	1.0	0.998
18	21	1.0	1.0	1.0	1.0
18	22	1.0	0.9947	1.0	0.998
18	23	1.0	0.979	1.0	0.986
18	24	1.0	1.0	1.0	1.0
18	25	1.0	0.9961	1.0	0.993
18	26	1.0	1.0	1.0	1.0
18	27	1.0	0.997	1.0	0.992
18	28	1.0	0.983	1.0	0.994
18	29	1.0	0.9976	1.0	0.999
18	30	1.0	0.991	1.0	0.994
18	31	1.0	0.985	1.0	0.984
18	32	1.0	0.991	1.0	0.997
18	33	0.5	0.5	0.5	0.5
18	34	0.5	0.5	0.5	0.5
18	35	1.0	0.982	1.0	0.996
18	36	1.0	0.987	1.0	0.985
18	37	1.0	0.98	1.0	0.99
18	38	1.0	0.97	1.0	0.986
18	40	1.0	0.97	1.0	0.972
18	41	0.5	1.0	0.5	1.0
18	42	0.5	0.991	0.5	0.992
18	43	1.0	1.0	1.0	1.0
18	44	1.0	0.987	1.0	0.996
18	45	1.0	1.0	1.0	1.0
18	46	1.0	0.99	1.0	0.99
18	47	1.0	0.997	1.0	0.998
18	48	1.0	0.981	1.0	0.987
18	49	1.0	0.984	1.0	0.991
18	50	1.0	0.993	1.0	0.993
18	51	1.0	0.987	1.0	0.983
18	52	1.0	0.995	1.0	0.996
18	53	1.0	0.9977	1.0	0.995
18	54	1.0	0.994	1.0	0.993
18	55	1.0	1.0	1.0	1.0
18	56	1.0	0.9974	1.0	0.998
18	61	1.0	0.97	1.0	0.971
18	62	1.0	0.985	1.0	0.983
19	20	1.0	0.94	1.0	0.993
19	21	1.0	1.0	1.0	1.0
19	22	0.993	0.9	0.99	0.951
19	23	0.971	1.0	0.974	0.999
19	24	1.0	1.0	1.0	1.0
19	25	0.997	0.97	0.999	0.993
19	26	1.0	0.993	1.0	0.993
19	27	0.993	0.95	0.99	0.959
19	28	0.994	0.9	0.996	0.957
19	29	0.982	0.95	0.984	0.959
19	30	1.0	0.97	1.0	0.981
19	31	0.9967	1.0	0.999	1.0
19	32	0.992	0.96	0.995	0.949
19	33	1.0	1.0	1.0	1.0
19	34	0.495	0.995	0.4985	0.988
19	35	0.9978	0.92	0.996	0.976
19	36	0.995	0.89	0.994	0.933
19	37	1.0	0.96	1.0	0.946
19	38	0.994	0.97	0.996	0.93
19	40	0.993	0.96	0.991	0.971
19	41	1.0	0.989	1.0	0.996
19	42	0.9975	0.9997	0.995	1.0
19	43	0.991	0.986	0.984	0.984
19	44	0.981	0.92	0.986	0.936
19	45	0.996	0.979	0.999	0.979
19	46	0.9973	0.968	0.998	0.959
19	47	1.0	0.9998	1.0	1.0
19	48	0.995	0.9998	0.995	0.998
19	49	0.996	0.94	0.998	0.953
19	50	0.9981	0.96	0.997	0.976
19	51	0.993	1.0	0.992	1.0
19	52	0.993	0.971	0.993	0.973
19	53	1.0	0.989	1.0	0.986
19	54	1.0	0.992	1.0	0.982
19	55	1.0	0.9973	1.0	0.999
19	61	0.986	0.9996	0.985	0.999
19	62	0.9976	0.9983	0.998	1.0
20	21	1.0	0.9976	1.0	0.998
20	22	0.996	0.976	0.995	0.981
20	23	0.981	1.0	0.99	1.0
20	24	0.5	0.996	0.5	1.0
20	25	1.0	0.991	1.0	0.991
20	29	0.9972	0.94	0.999	0.977
20	30	1.0	0.99	1.0	0.988
20	31	1.0	0.95	1.0	0.955
20	32	0.996	0.95	0.996	0.96
20	33	1.0	0.5	1.0	0.5
20	34	0.5	0.5	0.5	0.4995
20	35	1.0	0.96	1.0	0.974
20	36	0.989	0.94	0.994	0.952
20	37	0.993	0.961	0.993	0.956
20	38	0.9982	1.0	0.995	1.0
20	40	1.0	0.9997	1.0	0.999
20	41	0.5	0.994	0.5	0.998
20	42	1.0	0.997	1.0	0.994
20	43	0.9976	0.95	0.995	0.976
20	44	0.996	0.9993	0.994	1.0
20	45	0.997	0.995	0.998	0.996
20	46	1.0	0.988	1.0	0.978
20	47	1.0	0.985	1.0	0.977
20	48	1.0	0.96	1.0	0.972
20	49	1.0	0.986	1.0	0.985
20	50	0.993	0.94	0.993	0.982
20	51	0.997	0.9998	0.999	1.0
20	52	1.0	0.977	1.0	0.986
20	53	1.0	1.0	1.0	1.0
20	54	1.0	0.99	1.0	0.997
20	55	1.0	1.0	1.0	1.0
20	56	1.0	0.9959	1.0	0.995
20	57	1.0	0.993	1.0	0.99
20	58	1.0	0.988	1.0	0.982
20	59	0.994	0.97	0.995	0.973
20	61	1.0	0.9998	1.0	1.0
20	62	1.0	0.95	1.0	0.946
21	22	0.5	0.993	0.5	0.995
21	23	1.0	0.979	1.0	0.973
21	29	0.5	0.996	0.5	0.999
21	30	0.5	0.995	0.5	0.999
21	31	0.5	0.993	0.5	0.993
21	32	1.0	0.994	1.0	0.994
21	33	0.5	0.5	0.5	0.5
21	34	0.5	0.5	0.5	0.5
21	35	0.5	0.5	0.5	0.4985
21	36	0.5	0.988	0.5	0.988
21	37	1.0	0.984	1.0	0.981
21	38	1.0	0.97	1.0	0.98
21	40	0.5	0.996	0.5	0.998
21	41	0.5	1.0	0.5	1.0
21	42	0.5	0.9977	0.5	0.997
21	43	0.5	1.0	0.5	1.0
21	44	1.0	0.996	1.0	0.991
21	45	1.0	0.996	1.0	0.997
21	46	1.0	0.994	1.0	0.988
21	47	0.5	0.996	0.5	0.996
21	48	1.0	0.9938	1.0	0.995
21	49	0.5	1.0	0.5	1.0
21	50	1.0	0.9958	1.0	0.994
21	51	1.0	0.981	1.0	0.986
21	52	0.5	0.995	0.5	0.998
21	53	0.5	1.0	0.5	1.0
21	54	0.5	1.0	0.5	1.0
21	55	1.0	1.0	1.0	1.0
21	56	1.0	0.9975	1.0	0.999
21	57	1.0	0.9982	1.0	0.998
21	58	1.0	0.994	1.0	0.998
21	59	1.0	0.99	1.0	0.99
21	61	1.0	0.96	1.0	0.966
21	62	1.0	0.985	1.0	0.982
22	23	0.87	1.0	0.854	1.0
22	24	0.9971	0.9972	0.999	0.999
22	29	0.95	0.9	0.932	0.939
22	30	1.0	0.96	1.0	0.963
22	31	0.95	0.9995	0.963	0.999
22	32	0.95	0.84	0.906	0.876
22	33	0.5	0.5	0.5	0.5
22	34	0.46	0.495	0.466	0.491
22	35	0.9977	0.991	0.996	0.996
22	36	0.94	0.9998	0.952	0.998
22	37	0.965	0.9998	0.965	0.999
22	38	0.96	0.9996	0.973	0.998
22	40	0.96	1.0	0.973	1.0
22	41	0.997	0.96	0.998	0.984
22	42	0.97	0.91	0.96	0.946
22	43	0.96	0.95	0.965	0.952
22	44	0.996	1.0	0.993	1.0
22	45	0.975	0.9995	0.971	0.999
22	46	0.973	0.9989	0.974	1.0
22	47	0.993	0.9992	0.99	1.0
22	48	0.97	0.9998	0.972	1.0
22	49	0.97	0.91	0.977	0.907
22	50	0.96	0.9985	0.957	0.999
22	51	0.93	1.0	0.926	1.0
22	52	0.91	0.9988	0.947	0.999
22	53	0.989	0.988	0.98	0.986
22	54	0.96	0.96	0.984	0.987
22	55	0.989	0.9951	0.987	0.992
22	56	1.0	0.981	1.0	0.98
22	57	0.997	0.95	0.999	0.97
22	58	0.975	1.0	0.978	1.0
22	59	0.96	0.992	0.969	0.997
22	61	0.89	1.0	0.911	1.0
22	62	0.965	0.9992	0.961	0.997
23	24	0.991	0.99	0.992	0.994
23	25	0.96	1.0	0.974	1.0
23	26	0.992	0.97	0.986	0.983
23	29	0.78	1.0	0.81	1.0
23	30	1.0	0.997	1.0	0.997
23	31	0.9972	1.0	0.996	1.0
23	32	0.9997	1.0	1.0	1.0
23	33	1.0	1.0	1.0	1.0
23	34	0.465	0.96	0.4615	0.966
23	35	0.986	1.0	0.987	1.0
23	36	0.994	1.0	0.988	1.0
23	37	0.9973	1.0	0.995	1.0
23	38	0.97	1.0	0.928	1.0
23	40	0.91	1.0	0.934	1.0
23	41	0.986	0.96	0.984	0.974
23	42	0.94	1.0	0.948	1.0
23	43	0.9998	0.9997	1.0	1.0
23	44	0.986	1.0	0.977	1.0
23	45	0.9991	0.9998	0.998	1.0
23	46	0.95	0.9995	0.952	0.999
23	47	0.987	0.9958	0.994	0.995
23	48	0.94	1.0	0.967	1.0
23	49	0.84	0.87	0.871	0.767
23	50	0.91	0.9999	0.892	1.0
23	51	1.0	1.0	1.0	1.0
23	52	0.92	1.0	0.933	1.0
23	53	0.994	0.9995	0.987	1.0
23	54	0.987	0.91	0.979	0.92
23	55	0.98	0.97	0.983	0.988
23	56	1.0	0.96	1.0	0.968
23	57	0.985	0.994	0.994	0.997
23	58	0.9987	0.9993	1.0	0.999
23	59	0.9975	1.0	0.995	1.0
23	61	0.995	1.0	0.994	1.0
23	62	1.0	1.0	1.0	1.0
24	29	0.997	0.9967	0.998	0.994
24	30	0.5	0.996	0.5	0.998
24	31	0.996	0.994	0.999	0.995
24	32	0.995	0.997	0.993	0.995
24	33	0.5	0.5	0.5	0.5
24	34	0.495	0.5	0.4985	0.499
24	35	0.5	0.994	0.5	0.993
24	36	1.0	0.987	1.0	0.987
24	37	1.0	0.996	1.0	0.995
24	38	1.0	0.97	1.0	0.99
24	40	1.0	0.993	1.0	0.995
24	41	0.5	1.0	0.5	1.0
24	42	0.5	0.996	0.5	0.995
24	43	0.997	0.988	0.998	0.99
24	44	1.0	0.994	1.0	0.99
24	45	1.0	1.0	1.0	1.0
24	46	0.9975	1.0	0.999	1.0
24	47	0.5	0.9925	0.5	0.987
24	48	1.0	0.994	1.0	0.991
24	49	0.996	0.9975	0.999	1.0
24	50	0.9928	0.995	0.99	0.994
24	51	0.996	0.996	0.993	0.999
24	52	0.5	0.9981	0.5	0.996
24	53	0.5	1.0	0.5	1.0
24	54	0.5	1.0	0.5	1.0
24	55	1.0	1.0	1.0	1.0
24	56	1.0	1.0	1.0	1.0
24	57	1.0	0.996	1.0	0.998
24	58	0.997	0.991	1.0	0.994
24	59	1.0	0.991	1.0	0.994
24	61	0.5	1.0	0.4965	1.0
24	62	1.0	0.992	1.0	0.993
25	29	0.989	0.96	0.986	0.98
25	30	0.9985	0.987	0.997	0.983
25	31	0.986	0.97	0.992	0.963
25	32	0.97	0.957	0.982	0.952
25	33	1.0	0.5	1.0	0.5
25	34	0.485	1.0	0.4845	1.0
25	35	0.9981	0.95	0.997	0.974
25	36	0.989	0.93	0.991	0.956
25	37	0.9951	0.94	0.995	0.971
25	38	0.993	0.9989	0.991	0.996
25	40	0.994	0.975	0.993	0.983
25	41	0.5	0.9976	0.5	0.998
25	42	0.996	0.992	0.993	0.993
25	43	0.992	0.995	0.988	0.984
25	44	0.965	0.963	0.959	0.97
25	45	0.997	0.995	0.991	0.997
25	46	0.995	1.0	0.994	1.0
25	47	0.9972	0.991	0.998	0.994
25	48	0.994	0.9993	0.997	1.0
25	49	0.9955	0.95	0.994	0.956
25	50	0.995	0.978	0.992	0.977
25	51	0.95	1.0	0.973	1.0
25	52	0.96	0.993	0.982	0.993
25	53	0.9973	0.9976	0.998	0.998
25	54	0.9972	0.9952	0.996	0.994
25	55	0.9975	1.0	0.997	1.0
25	56	1.0	0.996	1.0	0.997
25	57	1.0	0.994	1.0	0.989
25	58	0.992	0.989	0.988	0.988
25	59	0.993	0.91	0.995	0.974
25	61	0.97	0.9999	0.969	1.0
25	62	0.985	0.95	0.986	0.959
26	29	0.9981	0.992	0.996	0.998
26	30	1.0	1.0	1.0	1.0
26	31	0.995	0.99	0.998	0.996
26	32	0.996	0.994	0.994	0.991
26	33	1.0	1.0	1.0	1.0
26	34	0.5	1.0	0.499	1.0
26	35	1.0	0.99	1.0	0.986
26	36	1.0	0.996	1.0	0.995
26	37	1.0	0.993	1.0	0.994
26	38	1.0	0.989	1.0	0.988
26	40	1.0	0.991	1.0	0.996
26	41	1.0	0.996	1.0	0.993
26	42	1.0	0.995	1.0	0.998
26	43	0.997	0.989	0.998	0.995
26	44	1.0	0.993	1.0	0.989
26	45	1.0	1.0	1.0	1.0
26	46	0.996	0.9973	0.995	0.998
26	47	1.0	0.995	1.0	0.995
26	48	1.0	0.992	1.0	0.995
26	49	0.994	0.9967	0.998	0.997
26	50	0.995	1.0	0.995	1.0
26	51	0.993	0.995	0.996	0.995
26	52	1.0	0.997	1.0	0.994
26	53	1.0	0.997	1.0	0.997
26	54	1.0	1.0	1.0	1.0
26	55	1.0	1.0	1.0	1.0
26	56	1.0	1.0	1.0	1.0
26	57	1.0	1.0	1.0	1.0
26	58	0.994	1.0	0.998	1.0
26	59	1.0	0.995	1.0	0.992
26	61	0.991	0.982	0.994	0.989
26	62	1.0	0.9932	1.0	0.985
27	29	1.0	0.84	1.0	0.911
27	30	1.0	0.97	1.0	0.974
27	31	0.9999	0.9986	0.999	0.998
27	32	0.96	1.0	0.961	1.0
27	33	1.0	1.0	1.0	1.0
27	34	0.475	0.97	0.491	0.976
27	35	0.997	0.87	0.998	0.902
27	36	0.958	0.984	0.966	0.98
27	37	0.9998	0.9989	0.999	0.999
27	38	0.978	0.9999	0.98	1.0
27	40	0.983	0.992	0.977	0.995
27	41	1.0	0.984	1.0	0.985
27	42	0.986	0.9	0.997	0.968
27	43	0.94	0.991	0.953	0.997
27	44	0.96	1.0	0.94	1.0
27	45	0.988	0.96	0.985	0.963
27	46	0.975	0.9991	0.969	0.999
27	47	0.9982	0.87	0.998	0.942
27	48	0.992	0.85	0.981	0.854
27	49	0.9997	0.9999	1.0	1.0
27	50	0.93	0.991	0.97	0.998
27	51	0.95	1.0	0.945	1.0
27	52	0.96	0.9999	0.98	1.0
27	53	0.9977	0.992	0.998	0.992
27	54	0.995	0.9998	0.994	1.0
27	55	1.0	0.997	1.0	0.992
27	56	1.0	0.989	1.0	0.991
27	57	1.0	0.93	1.0	0.972
27	58	0.995	0.995	0.985	0.996
27	59	0.979	0.9991	0.977	0.999
27	61	0.86	0.9999	0.909	1.0
27	62	0.97	0.9999	0.979	0.999
28	29	0.9996	0.995	1.0	0.995
28	30	1.0	0.959	1.0	0.952
28	31	0.9999	0.9976	1.0	0.999
28	32	0.93	0.9998	0.953	1.0
28	33	1.0	1.0	1.0	1.0
28	34	0.981	0.97	0.982	0.971
28	35	1.0	0.992	1.0	0.991
28	36	0.96	0.9986	0.942	0.999
28	37	0.96	0.9997	0.962	1.0
28	38	0.978	1.0	0.978	1.0
28	40	0.977	0.996	0.978	0.995
28	41	0.997	0.982	0.999	0.986
28	42	0.993	0.91	0.994	0.942
28	43	0.988	0.97	0.977	0.997
28	44	0.994	0.9991	0.998	0.999
28	45	0.97	0.97	0.987	0.957
28	46	0.992	0.9981	0.994	0.999
28	47	0.994	0.94	0.995	0.939
28	48	0.993	0.9994	0.989	1.0
28	49	0.96	0.9993	0.971	1.0
28	50	0.96	0.996	0.977	0.997
28	51	0.95	1.0	0.958	1.0
28	52	0.9999	0.996	1.0	0.999
28	53	0.996	0.995	0.998	0.991
28	54	0.997	0.9988	0.999	0.998
28	55	0.9981	0.991	0.995	0.99
28	56	1.0	0.986	1.0	0.98
28	57	0.996	0.9992	0.994	1.0
28	58	0.985	0.9998	0.983	1.0
28	61	0.94	1.0	0.935	1.0
28	62	0.97	1.0	0.959	1.0
29	30	0.996	0.965	0.994	0.966
29	31	0.93	0.988	0.949	0.995
29	32	0.92	0.997	0.937	0.994
29	33	1.0	1.0	1.0	1.0
29	34	0.495	0.984	0.4885	0.974
29	35	0.97	0.9999	0.988	1.0
29	36	0.97	0.87	0.93	0.871
29	37	0.97	0.989	0.961	0.991
29	38	0.963	0.97	0.96	0.978
29	40	0.9989	0.91	1.0	0.946
29	41	0.5	0.984	0.4985	0.987
29	42	0.95	0.94	0.978	0.95
29	47	0.993	0.963	0.995	0.972
29	48	0.96	0.86	0.972	0.91
29	49	0.999	0.9981	0.997	0.997
29	50	0.97	0.96	0.974	0.935
29	52	0.9	0.9981	0.956	0.999
29	53	0.997	0.994	0.996	0.991
29	54	0.992	0.956	0.993	0.966
29	55	0.986	0.9945	0.991	0.997
29	56	1.0	0.996	1.0	0.993
29	57	0.995	0.96	0.998	0.964
29	58	0.976	0.9999	0.98	1.0
29	61	0.81	1.0	0.875	1.0
29	62	0.95	0.9993	0.946	1.0
30	31	0.9973	0.93	0.999	0.922
30	32	0.9976	0.9991	0.999	0.996
30	33	0.5	1.0	0.5	1.0
30	34	0.5	0.997	0.5	0.998
30	35	0.9978	1.0	0.999	1.0
30	36	1.0	1.0	1.0	1.0
30	37	1.0	0.93	1.0	0.938
30	38	0.9979	0.9973	0.999	0.997
30	40	0.996	0.94	0.997	0.966
30	41	1.0	0.997	1.0	0.995
30	42	1.0	0.97	1.0	0.984
30	43	0.998	0.96	0.997	0.981
30	44	0.994	0.9995	0.996	0.997
30	45	1.0	0.992	1.0	0.991
30	46	1.0	0.94	1.0	0.981
30	49	1.0	0.97	1.0	0.955
30	50	1.0	0.95	1.0	0.972
30	51	1.0	0.9976	1.0	0.998
30	52	1.0	0.97	1.0	0.98
30	53	1.0	0.989	1.0	0.985
30	54	1.0	0.985	1.0	0.989
30	55	1.0	1.0	1.0	1.0
30	56	1.0	0.99	1.0	0.993
30	57	1.0	0.982	1.0	0.979
30	61	0.9963	0.9998	0.998	1.0
30	62	0.996	0.93	0.998	0.945
31	32	0.97	1.0	0.929	1.0
31	33	0.5	1.0	0.5	1.0
31	34	0.495	0.981	0.483	0.971
31	35	0.992	0.999	0.993	1.0
31	40	0.971	0.989	0.974	0.996
31	41	0.997	0.93	0.997	0.962
31	42	0.96	0.935	0.984	0.947
31	43	0.9	0.94	0.973	0.941
31	44	0.95	0.993	0.95	1.0
31	45	0.989	0.96	0.994	0.964
31	46	0.97	0.95	0.988	0.899
31	47	0.991	0.91	0.996	0.918
31	48	0.97	0.9996	0.985	1.0
31	49	0.974	0.9999	0.976	1.0
31	50	1.0	0.9999	1.0	1.0
31	51	0.92	1.0	0.946	1.0
31	52	0.982	0.89	0.982	0.923
31	53	0.995	0.977	0.991	0.984
31	54	0.996	0.997	0.994	0.999
31	55	0.984	0.997	0.989	0.998
31	56	1.0	0.981	1.0	0.981
31	57	0.9975	0.9993	0.999	1.0
31	58	0.979	0.988	0.986	0.986
31	59	0.98	0.997	0.985	1.0
31	60	0.97	1.0	0.97	1.0
31	61	0.87	1.0	0.928	1.0
31	62	0.968	1.0	0.97	1.0
32	33	1.0	1.0	1.0	1.0
32	34	0.47	0.485	0.462	0.4895
32	35	0.991	0.9998	0.989	1.0
32	36	0.91	1.0	0.933	1.0
32	37	0.94	0.9989	0.955	1.0
32	38	0.94	1.0	0.96	1.0
32	40	0.965	1.0	0.974	1.0
32	41	0.995	0.96	0.994	0.984
32	42	0.93	0.95	0.977	0.935
32	43	0.95	0.9971	0.956	0.997
32	47	0.978	0.9992	0.971	0.998
32	48	0.93	0.9997	0.98	1.0
32	49	0.9997	1.0	0.999	1.0
32	50	0.999	0.9962	0.999	0.998
32	52	0.958	0.996	0.964	0.998
32	53	0.993	0.97	0.987	0.986
32	54	0.992	0.96	0.988	0.962
32	55	0.96	0.994	0.988	0.993
32	56	1.0	0.991	1.0	0.993
32	57	0.9965	0.95	0.994	0.965
32	58	0.97	0.86	0.97	0.888
32	61	0.85	0.991	0.873	0.989
32	62	0.97	0.997	0.935	0.997
33	36	0.5	1.0	0.5	1.0
33	37	1.0	1.0	1.0	1.0
33	38	1.0	1.0	1.0	1.0
33	40	1.0	1.0	1.0	1.0
33	41	0.5	0.5	0.5	0.5
33	42	1.0	1.0	1.0	1.0
33	43	1.0	1.0	1.0	1.0
33	44	1.0	1.0	1.0	1.0
33	45	0.5	1.0	0.5	1.0
33	46	1.0	1.0	1.0	1.0
33	47	0.5	1.0	0.5	1.0
33	48	1.0	1.0	1.0	1.0
33	49	1.0	1.0	1.0	1.0
33	50	1.0	1.0	1.0	1.0
33	51	1.0	1.0	1.0	1.0
33	52	1.0	0.5	1.0	0.5
33	53	1.0	1.0	1.0	1.0
33	54	1.0	1.0	1.0	1.0
33	55	1.0	1.0	1.0	1.0
33	61	1.0	1.0	1.0	1.0
33	62	1.0	1.0	1.0	1.0
34	36	0.49	0.979	0.487	0.982
34	37	0.981	0.976	0.979	0.972
34	38	0.977	0.96	0.981	0.969
34	40	0.5	0.49	0.4985	0.4955
34	41	0.5	0.5	0.5	0.499
34	42	0.48	0.989	0.494	0.998
34	43	0.49	0.991	0.4875	0.99
34	44	0.92	0.963	0.94	0.958
34	45	0.485	0.977	0.495	0.977
34	46	0.48	0.981	0.4925	0.991
34	47	0.49	0.986	0.4925	0.99
34	48	0.5	0.986	0.4915	0.975
34	49	0.495	0.5	0.4955	0.489
34	50	0.485	0.983	0.492	0.989
34	51	0.48	0.963	0.4755	0.962
34	52	0.48	0.5	0.4825	0.495
34	53	0.495	0.997	0.4935	0.998
34	54	0.485	0.993	0.4935	0.991
34	55	0.495	0.997	0.4965	0.996
34	61	0.465	0.96	0.4635	0.958
34	62	0.96	0.97	0.985	0.969
35	36	1.0	0.994	1.0	0.991
35	37	0.992	0.992	0.995	0.995
35	38	0.987	0.9994	0.992	0.999
35	40	0.992	0.9975	0.992	0.995
35	41	1.0	0.95	1.0	0.98
35	42	0.996	0.958	0.995	0.949
35	43	0.978	1.0	0.984	1.0
35	44	0.992	0.994	0.996	0.996
35	45	1.0	0.985	1.0	0.991
35	46	1.0	0.95	1.0	0.971
35	47	1.0	0.92	1.0	0.948
35	48	0.995	1.0	0.995	1.0
35	49	0.9967	0.91	0.999	0.901
35	50	0.9971	0.97	0.997	0.889
35	51	1.0	1.0	1.0	1.0
35	52	1.0	0.997	1.0	0.998
35	53	1.0	0.984	1.0	0.984
35	54	1.0	0.963	1.0	0.952
35	61	0.96	1.0	0.977	1.0
35	62	0.994	0.84	0.985	0.839
36	40	0.94	0.9997	0.959	0.999
36	41	0.994	0.91	0.999	0.97
36	42	0.94	0.994	0.988	0.995
36	43	0.93	0.91	0.95	0.894
36	44	0.94	0.9979	0.896	0.998
36	45	0.97	0.95	0.977	0.972
36	46	0.96	0.94	0.979	0.925
36	47	0.988	0.94	0.993	0.93
36	48	0.98	0.79	0.979	0.853
36	49	0.93	1.0	0.942	1.0
36	50	0.93	0.96	0.972	0.989
36	51	0.9	0.9982	0.904	0.995
36	52	0.96	0.91	0.977	0.935
36	53	0.995	0.986	0.994	0.975
36	54	0.992	0.962	0.995	0.963
36	55	0.996	0.988	0.995	0.992
36	56	1.0	0.972	1.0	0.978
36	57	0.97	0.97	0.99	0.947
36	58	0.984	0.86	0.976	0.86
36	59	0.96	0.999	0.957	0.998
36	60	0.95	0.998	0.925	1.0
36	61	0.995	0.999	0.995	0.999
36	62	0.94	0.996	0.943	0.994
37	40	0.978	0.996	0.979	0.987
37	41	0.9985	0.97	0.999	0.974
37	42	0.993	0.9992	0.996	0.998
37	43	0.975	0.92	0.982	0.915
37	44	0.96	0.9978	0.938	0.997
37	45	0.975	0.94	0.987	0.933
37	46	0.986	0.996	0.982	0.998
37	47	0.988	1.0	0.992	1.0
37	48	0.991	0.97	0.993	0.996
37	49	0.92	0.997	0.969	0.998
37	50	0.94	0.996	0.979	0.993
37	51	0.97	0.9999	0.957	1.0
37	52	0.995	0.93	0.995	0.918
37	53	0.997	0.98	0.995	0.977
37	54	0.997	0.95	0.997	0.925
37	55	0.9975	0.988	0.997	0.986
37	56	1.0	0.97	1.0	0.983
37	57	0.998	0.94	0.999	0.929
37	58	0.992	0.992	0.988	0.989
37	59	0.965	1.0	0.976	1.0
37	60	0.997	1.0	1.0	1.0
37	61	0.93	1.0	0.921	1.0
37	62	0.96	1.0	0.963	0.999
38	40	0.97	1.0	0.973	1.0
38	41	0.9978	0.97	0.998	0.942
38	42	0.989	1.0	0.99	1.0
38	43	0.97	0.989	0.962	0.997
38	44	0.97	0.9997	0.929	1.0
38	45	0.976	0.9973	0.986	0.999
38	46	0.987	0.88	0.981	0.883
38	47	0.97	1.0	0.985	1.0
38	48	0.97	1.0	0.977	1.0
38	49	0.93	0.9994	0.956	1.0
38	50	0.97	0.988	0.984	0.993
38	51	0.96	1.0	0.956	1.0
38	52	0.993	0.992	0.988	0.996
38	53	0.994	0.96	0.999	0.983
38	54	0.995	0.94	0.998	0.935
38	55	0.997	0.991	0.998	0.989
38	56	1.0	0.981	1.0	0.966
38	57	0.996	0.94	0.999	0.914
38	58	0.988	0.979	0.988	0.988
38	59	0.97	1.0	0.971	1.0
38	60	0.95	1.0	0.961	1.0
38	61	0.995	1.0	0.996	1.0
38	62	0.95	1.0	0.969	1.0
40	41	0.99	0.985	0.992	0.983
40	42	0.994	0.9998	0.991	1.0
40	43	0.95	0.95	0.969	0.944
40	44	1.0	1.0	1.0	1.0
40	45	0.987	0.982	0.977	0.981
40	46	0.997	0.95	0.997	0.955
40	47	0.9979	0.9994	1.0	1.0
40	48	0.9999	0.998	1.0	0.998
40	52	0.99	0.97	0.991	0.954
40	53	1.0	0.99	1.0	0.985
40	54	1.0	0.953	1.0	0.962
40	55	1.0	1.0	1.0	1.0
40	56	1.0	0.992	1.0	0.995
40	57	0.995	0.97	0.989	0.983
40	58	0.984	0.89	0.977	0.925
40	61	0.9987	0.9999	0.998	1.0
40	62	0.95	0.9992	0.965	1.0
41	43	0.9977	0.983	0.996	0.981
41	44	0.996	0.98	0.993	0.99
41	45	0.9983	0.997	0.999	0.997
41	46	1.0	0.99	1.0	0.995
41	47	1.0	0.99	1.0	0.985
41	48	1.0	0.9997	1.0	1.0
41	49	0.992	0.982	0.993	0.977
41	50	0.9975	0.99	1.0	0.992
41	51	0.995	0.975	0.999	0.977
41	52	1.0	0.989	1.0	0.99
41	61	0.992	0.94	0.992	0.934
41	62	0.994	0.96	0.991	0.955
42	43	0.97	0.95	0.988	0.968
42	44	0.97	0.94	0.981	0.94
42	45	0.996	0.985	0.994	0.977
42	46	0.994	0.969	0.993	0.977
42	47	0.9956	0.95	0.995	0.97
42	48	0.984	0.96	0.987	0.948
42	49	0.993	0.976	0.984	0.97
42	50	0.993	1.0	0.994	1.0
42	51	0.97	1.0	0.978	1.0
42	61	0.97	0.995	0.966	0.997
42	62	0.992	0.995	0.987	0.997
43	47	0.9952	0.93	0.995	0.941
43	48	0.97	0.95	0.985	0.939
43	49	0.97	0.94	0.961	0.938
43	50	0.96	0.96	0.975	0.939
43	52	0.96	0.95	0.976	0.945
43	53	0.994	0.9952	0.994	0.996
43	54	0.991	0.988	0.995	0.985
43	55	0.994	1.0	0.998	1.0
43	56	1.0	1.0	1.0	1.0
43	57	0.9977	0.98	0.996	0.977
43	58	0.96	0.92	0.986	0.958
43	61	0.91	0.988	0.917	0.986
43	62	0.93	0.991	0.966	0.993
44	47	0.96	1.0	0.985	1.0
44	48	0.93	1.0	0.963	1.0
44	49	0.9975	1.0	0.996	1.0
44	50	0.9995	0.9999	1.0	1.0
44	52	0.92	0.997	0.938	0.997
44	53	0.981	0.992	0.977	0.997
44	54	0.97	0.93	0.99	0.955
44	55	0.991	0.986	0.986	0.985
44	56	1.0	0.982	1.0	0.983
44	57	0.997	0.997	0.992	0.999
44	58	0.961	0.99	0.971	0.994
44	61	0.84	1.0	0.842	1.0
44	62	0.92	0.9999	0.907	0.999
45	47	0.996	0.987	0.993	0.986
45	48	0.996	0.9994	0.993	0.999
45	49	0.988	0.9993	0.98	0.999
45	50	0.985	1.0	0.991	1.0
45	52	0.99	0.95	0.99	0.977
45	53	0.996	0.992	0.998	0.999
45	54	0.9968	0.97	0.999	0.993
45	55	0.9977	0.9974	1.0	0.999
45	56	1.0	0.9954	1.0	0.997
45	57	0.996	0.991	0.995	0.994
45	58	0.994	0.98	0.996	0.977
45	61	0.96	0.9999	0.967	1.0
45	62	0.94	0.9986	0.981	0.998
46	47	0.996	0.97	0.995	0.982
46	48	0.995	0.9982	0.993	0.998
46	49	0.97	0.9991	0.978	0.998
46	52	0.987	0.971	0.993	0.966
46	53	0.9953	0.987	0.995	0.985
46	54	0.991	0.94	0.999	0.98
46	55	0.9979	0.996	0.996	0.996
46	56	1.0	0.97	1.0	0.988
46	57	1.0	0.983	1.0	0.979
46	58	0.997	0.95	0.996	0.96
46	61	0.96	0.95	0.954	0.983
46	62	0.987	0.997	0.987	0.996
47	49	0.988	0.92	0.992	0.949
47	50	0.996	0.9983	0.998	0.996
47	51	0.991	0.9963	0.985	0.994
47	52	0.994	0.9991	0.995	1.0
47	53	0.9986	0.994	0.999	0.996
47	54	0.997	0.989	0.999	0.991
47	55	0.9979	1.0	0.998	1.0
47	56	1.0	0.995	1.0	0.998
47	57	1.0	0.96	1.0	0.986
47	61	0.95	1.0	0.981	1.0
47	62	0.994	0.995	0.99	0.994
48	49	0.989	0.89	0.982	0.868
48	50	0.992	0.996	0.981	0.998
48	51	0.978	0.9978	0.977	0.999
48	52	0.96	0.9981	0.987	0.996
48	53	0.9974	0.983	0.998	0.989
48	54	0.9966	0.966	0.999	0.94
48	55	0.994	0.997	0.996	0.991
48	56	1.0	0.989	1.0	0.982
48	61	1.0	0.992	1.0	0.986
48	62	0.981	0.9988	0.987	0.999
49	52	0.985	1.0	0.995	1.0
49	53	0.997	0.982	0.997	0.983
49	54	0.997	1.0	0.998	1.0
49	55	1.0	0.987	1.0	0.99
49	56	1.0	0.996	1.0	0.992
49	57	0.997	0.95	0.994	0.967
49	58	0.97	0.995	0.991	0.996
49	61	0.91	0.9996	0.908	1.0
49	62	0.97	0.9987	0.955	0.998
50	52	0.993	0.91	0.993	0.954
50	53	0.997	0.983	0.997	0.988
50	54	0.9977	0.95	0.994	0.971
50	55	0.9976	0.9979	0.999	0.998
50	56	1.0	0.993	1.0	0.996
50	57	0.9976	0.96	0.995	0.967
50	58	0.981	0.9983	0.987	1.0
50	61	0.94	0.9999	0.931	1.0
50	62	0.97	0.99	0.989	0.994
51	52	0.967	0.9957	0.963	0.995
51	53	0.982	0.96	0.984	0.961
51	54	0.991	0.9979	0.992	0.995
51	55	0.99	0.987	0.988	0.989
51	56	1.0	0.977	1.0	0.971
51	57	0.992	0.94	0.996	0.947
51	61	0.99	1.0	0.991	1.0
51	62	0.95	0.9998	0.924	0.999
52	61	0.95	1.0	0.965	1.0
52	62	0.984	0.91	0.973	0.908
53	61	0.983	0.9991	0.99	1.0
53	62	0.9957	0.96	0.993	0.979
54	61	0.987	0.85	0.99	0.861
54	62	0.997	0.9985	0.996	0.999
55	61	0.97	0.99	0.992	0.989
55	62	0.996	0.989	0.993	0.989
56	61	1.0	0.92	1.0	0.966
56	62	1.0	0.977	1.0	0.97
57	61	0.993	0.84	0.993	0.854
57	62	0.992	0.9985	0.991	0.996
58	61	0.96	1.0	0.969	1.0
58	62	0.97	0.9997	0.966	0.999
59	61	0.93	1.0	0.945	1.0
59	62	0.93	1.0	0.97	1.0
60	61	0.92	1.0	0.884	1.0
