scenario,foregrounds,regime,filtered,method,replicates,false_any,false_any_low,false_any_high,mean_fdp,sensitivity,endpoint_sensitivity,jump_sensitivity,signal,endpoints,jumps
sparse,2,heterogeneous,False,fixed,100,0.01,0.0002531460326818928,0.054459385392080666,0.01,0.016666666666666666,0.7142857142857143,0.7142857142857143,300,7,7
sparse,2,heterogeneous,False,learned,100,0.01,0.0002531460326818928,0.054459385392080666,0.01,0.016666666666666666,0.7142857142857143,0.7142857142857143,300,7,7
sparse,2,heterogeneous,False,poisson,100,0.01,0.0002531460326818928,0.054459385392080666,0.01,0.01,0.42857142857142855,0.42857142857142855,300,7,7
sparse,2,heterogeneous,True,fixed,100,0.0,0.0,0.03621669264519054,0.0,0.013333333333333334,0.5714285714285714,0.5714285714285714,300,7,7
sparse,2,heterogeneous,True,learned,100,0.0,0.0,0.03621669264519054,0.0,0.013333333333333334,0.5714285714285714,0.5714285714285714,300,7,7
sparse,2,heterogeneous,True,poisson,100,0.01,0.0002531460326818928,0.054459385392080666,0.01,0.01,0.2857142857142857,0.2857142857142857,300,7,7
sparse,2,moderate,False,fixed,100,0.0,0.0,0.03621669264519054,0.0,0.08,0.96,0.8888888888888888,300,25,27
sparse,2,moderate,False,learned,100,0.0,0.0,0.03621669264519054,0.0,0.08,0.96,0.8888888888888888,300,25,27
sparse,2,moderate,False,poisson,100,0.0,0.0,0.03621669264519054,0.0,0.043333333333333335,0.52,0.48148148148148145,300,25,27
sparse,2,moderate,True,fixed,100,0.0,0.0,0.03621669264519054,0.0,0.06666666666666667,0.8,0.7407407407407407,300,25,27
sparse,2,moderate,True,learned,100,0.0,0.0,0.03621669264519054,0.0,0.06666666666666667,0.8,0.7407407407407407,300,25,27
sparse,2,moderate,True,poisson,100,0.0,0.0,0.03621669264519054,0.0,0.043333333333333335,0.4,0.37037037037037035,300,25,27
sparse,2,null,False,fixed,100,0.02,0.0024313368239247935,0.07038393247107005,0.02,0.0,0.0,0.0,0,0,0
sparse,2,null,False,learned,100,0.02,0.0024313368239247935,0.07038393247107005,0.02,0.0,0.0,0.0,0,0,0
sparse,2,null,False,poisson,100,0.0,0.0,0.03621669264519054,0.0,0.0,0.0,0.0,0,0,0
sparse,2,null,True,fixed,100,0.0,0.0,0.03621669264519054,0.0,0.0,0.0,0.0,0,0,0
sparse,2,null,True,learned,100,0.0,0.0,0.03621669264519054,0.0,0.0,0.0,0.0,0,0,0
sparse,2,null,True,poisson,100,0.0,0.0,0.03621669264519054,0.0,0.0,0.0,0.0,0,0,0
sparse,4,heterogeneous,False,fixed,100,0.01,0.0002531460326818928,0.054459385392080666,0.01,0.043333333333333335,0.13,0.125,300,100,104
sparse,4,heterogeneous,False,learned,100,0.09,0.041983595628391525,0.16398225502964012,0.06833333333333333,0.2966666666666667,0.89,0.8557692307692307,300,100,104
sparse,4,heterogeneous,False,poisson,100,0.0,0.0,0.03621669264519054,0.0,0.02666666666666667,0.08,0.07692307692307693,300,100,104
sparse,4,heterogeneous,True,fixed,100,0.0,0.0,0.03621669264519054,0.0,0.03,0.09,0.08653846153846154,300,100,104
sparse,4,heterogeneous,True,learned,100,0.0,0.0,0.03621669264519054,0.0,0.16333333333333333,0.49,0.47115384615384615,300,100,104
sparse,4,heterogeneous,True,poisson,100,0.0,0.0,0.03621669264519054,0.0,0.02666666666666667,0.04,0.038461538461538464,300,100,104
sparse,4,moderate,False,fixed,100,0.0,0.0,0.03621669264519054,0.0,0.12,0.41379310344827586,0.41379310344827586,300,87,87
sparse,4,moderate,False,learned,100,0.03,0.006229971538306229,0.08517605297428028,0.018333333333333333,0.24666666666666667,0.8505747126436781,0.8505747126436781,300,87,87
sparse,4,moderate,False,poisson,100,0.0,0.0,0.03621669264519054,0.0,0.03,0.10344827586206896,0.10344827586206896,300,87,87
sparse,4,moderate,True,fixed,100,0.0,0.0,0.03621669264519054,0.0,0.10666666666666667,0.367816091954023,0.367816091954023,300,87,87
sparse,4,moderate,True,learned,100,0.0,0.0,0.03621669264519054,0.0,0.20666666666666667,0.7126436781609196,0.7126436781609196,300,87,87
sparse,4,moderate,True,poisson,100,0.0,0.0,0.03621669264519054,0.0,0.03,0.09195402298850575,0.09195402298850575,300,87,87
sparse,4,null,False,fixed,100,0.01,0.0002531460326818928,0.054459385392080666,0.01,0.0,0.0,0.0,0,0,0
sparse,4,null,False,learned,100,0.06,0.02233488607131637,0.12602993458082287,0.06,0.0,0.0,0.0,0,0,0
sparse,4,null,False,poisson,100,0.0,0.0,0.03621669264519054,0.0,0.0,0.0,0.0,0,0,0
sparse,4,null,True,fixed,100,0.0,0.0,0.03621669264519054,0.0,0.0,0.0,0.0,0,0,0
sparse,4,null,True,learned,100,0.01,0.0002531460326818928,0.054459385392080666,0.01,0.0,0.0,0.0,0,0,0
sparse,4,null,True,poisson,100,0.0,0.0,0.03621669264519054,0.0,0.0,0.0,0.0,0,0,0
uncertain,2,heterogeneous,False,fixed,100,0.03,0.006229971538306229,0.08517605297428028,0.03,0.016666666666666666,0.10810810810810811,0.058823529411764705,300,37,68
uncertain,2,heterogeneous,False,learned,100,0.03,0.006229971538306229,0.08517605297428028,0.03,0.016666666666666666,0.10810810810810811,0.058823529411764705,300,37,68
uncertain,2,heterogeneous,False,poisson,100,0.05,0.01643187918172828,0.11283491110546288,0.05,0.016666666666666666,0.10810810810810811,0.058823529411764705,300,37,68
uncertain,2,heterogeneous,True,fixed,100,0.02,0.0024313368239247935,0.07038393247107005,0.02,0.016666666666666666,0.10810810810810811,0.058823529411764705,300,37,68
uncertain,2,heterogeneous,True,learned,100,0.02,0.0024313368239247935,0.07038393247107005,0.02,0.016666666666666666,0.10810810810810811,0.058823529411764705,300,37,68
uncertain,2,heterogeneous,True,poisson,100,0.05,0.01643187918172828,0.11283491110546288,0.05,0.016666666666666666,0.10810810810810811,0.058823529411764705,300,37,68
uncertain,2,moderate,False,fixed,100,0.02,0.0024313368239247935,0.07038393247107005,0.02,0.06333333333333334,0.20454545454545456,0.14074074074074075,300,88,135
uncertain,2,moderate,False,learned,100,0.02,0.0024313368239247935,0.07038393247107005,0.02,0.06333333333333334,0.20454545454545456,0.14074074074074075,300,88,135
uncertain,2,moderate,False,poisson,100,0.06,0.02233488607131637,0.12602993458082287,0.055,0.08,0.26136363636363635,0.17777777777777778,300,88,135
uncertain,2,moderate,True,fixed,100,0.01,0.0002531460326818928,0.054459385392080666,0.01,0.06,0.19318181818181818,0.13333333333333333,300,88,135
uncertain,2,moderate,True,learned,100,0.01,0.0002531460326818928,0.054459385392080666,0.01,0.06,0.19318181818181818,0.13333333333333333,300,88,135
uncertain,2,moderate,True,poisson,100,0.06,0.02233488607131637,0.12602993458082287,0.055,0.08,0.23863636363636365,0.17037037037037037,300,88,135
uncertain,2,null,False,fixed,100,0.03,0.006229971538306229,0.08517605297428028,0.03,0.0,0.0,0.0,0,0,0
uncertain,2,null,False,learned,100,0.03,0.006229971538306229,0.08517605297428028,0.03,0.0,0.0,0.0,0,0,0
uncertain,2,null,False,poisson,100,0.05,0.01643187918172828,0.11283491110546288,0.05,0.0,0.0,0.0,0,0,0
uncertain,2,null,True,fixed,100,0.01,0.0002531460326818928,0.054459385392080666,0.01,0.0,0.0,0.0,0,0,0
uncertain,2,null,True,learned,100,0.01,0.0002531460326818928,0.054459385392080666,0.01,0.0,0.0,0.0,0,0,0
uncertain,2,null,True,poisson,100,0.05,0.01643187918172828,0.11283491110546288,0.05,0.0,0.0,0.0,0,0,0
uncertain,4,heterogeneous,False,fixed,100,0.03,0.006229971538306229,0.08517605297428028,0.018333333333333333,0.02,0.045454545454545456,0.031914893617021274,300,132,188
uncertain,4,heterogeneous,False,learned,100,0.01,0.0002531460326818928,0.054459385392080666,0.01,0.016666666666666666,0.03787878787878788,0.026595744680851064,300,132,188
uncertain,4,heterogeneous,False,poisson,100,0.02,0.0024313368239247935,0.07038393247107005,0.02,0.01,0.022727272727272728,0.015957446808510637,300,132,188
uncertain,4,heterogeneous,True,fixed,100,0.01,0.0002531460326818928,0.054459385392080666,0.003333333333333333,0.016666666666666666,0.03787878787878788,0.026595744680851064,300,132,188
uncertain,4,heterogeneous,True,learned,100,0.0,0.0,0.03621669264519054,0.0,0.016666666666666666,0.03787878787878788,0.026595744680851064,300,132,188
uncertain,4,heterogeneous,True,poisson,100,0.02,0.0024313368239247935,0.07038393247107005,0.02,0.01,0.022727272727272728,0.015957446808510637,300,132,188
uncertain,4,moderate,False,fixed,100,0.05,0.01643187918172828,0.11283491110546288,0.05,0.043333333333333335,0.07894736842105263,0.06341463414634146,300,152,205
uncertain,4,moderate,False,learned,100,0.05,0.01643187918172828,0.11283491110546288,0.05,0.043333333333333335,0.07894736842105263,0.06341463414634146,300,152,205
uncertain,4,moderate,False,poisson,100,0.05,0.01643187918172828,0.11283491110546288,0.05,0.006666666666666667,0.013157894736842105,0.00975609756097561,300,152,205
uncertain,4,moderate,True,fixed,100,0.01,0.0002531460326818928,0.054459385392080666,0.01,0.04,0.07236842105263158,0.05853658536585366,300,152,205
uncertain,4,moderate,True,learned,100,0.01,0.0002531460326818928,0.054459385392080666,0.01,0.04,0.07236842105263158,0.05853658536585366,300,152,205
uncertain,4,moderate,True,poisson,100,0.05,0.01643187918172828,0.11283491110546288,0.05,0.006666666666666667,0.013157894736842105,0.00975609756097561,300,152,205
uncertain,4,null,False,fixed,100,0.0,0.0,0.03621669264519054,0.0,0.0,0.0,0.0,0,0,0
uncertain,4,null,False,learned,100,0.0,0.0,0.03621669264519054,0.0,0.0,0.0,0.0,0,0,0
uncertain,4,null,False,poisson,100,0.05,0.01643187918172828,0.11283491110546288,0.05,0.0,0.0,0.0,0,0,0
uncertain,4,null,True,fixed,100,0.0,0.0,0.03621669264519054,0.0,0.0,0.0,0.0,0,0,0
uncertain,4,null,True,learned,100,0.0,0.0,0.03621669264519054,0.0,0.0,0.0,0.0,0,0,0
uncertain,4,null,True,poisson,100,0.05,0.01643187918172828,0.11283491110546288,0.05,0.0,0.0,0.0,0,0,0
unequal,2,heterogeneous,False,fixed,100,0.0,0.0,0.03621669264519054,0.0,0.0,0.0,0.0,300,14,18
unequal,2,heterogeneous,False,learned,100,0.0,0.0,0.03621669264519054,0.0,0.0,0.0,0.0,300,14,18
unequal,2,heterogeneous,False,poisson,100,0.0,0.0,0.03621669264519054,0.0,0.0033333333333333335,0.07142857142857142,0.05555555555555555,300,14,18
unequal,2,heterogeneous,True,fixed,100,0.0,0.0,0.03621669264519054,0.0,0.0,0.0,0.0,300,14,18
unequal,2,heterogeneous,True,learned,100,0.0,0.0,0.03621669264519054,0.0,0.0,0.0,0.0,300,14,18
unequal,2,heterogeneous,True,poisson,100,0.0,0.0,0.03621669264519054,0.0,0.0033333333333333335,0.07142857142857142,0.05555555555555555,300,14,18
unequal,2,moderate,False,fixed,100,0.0,0.0,0.03621669264519054,0.0,0.0,0.0,0.0,300,63,85
unequal,2,moderate,False,learned,100,0.0,0.0,0.03621669264519054,0.0,0.0,0.0,0.0,300,63,85
unequal,2,moderate,False,poisson,100,0.03,0.006229971538306229,0.08517605297428028,0.03,0.013333333333333334,0.06349206349206349,0.047058823529411764,300,63,85
unequal,2,moderate,True,fixed,100,0.0,0.0,0.03621669264519054,0.0,0.0,0.0,0.0,300,63,85
unequal,2,moderate,True,learned,100,0.0,0.0,0.03621669264519054,0.0,0.0,0.0,0.0,300,63,85
unequal,2,moderate,True,poisson,100,0.03,0.006229971538306229,0.08517605297428028,0.03,0.013333333333333334,0.06349206349206349,0.047058823529411764,300,63,85
unequal,2,null,False,fixed,100,0.0,0.0,0.03621669264519054,0.0,0.0,0.0,0.0,0,0,0
unequal,2,null,False,learned,100,0.0,0.0,0.03621669264519054,0.0,0.0,0.0,0.0,0,0,0
unequal,2,null,False,poisson,100,0.0,0.0,0.03621669264519054,0.0,0.0,0.0,0.0,0,0,0
unequal,2,null,True,fixed,100,0.0,0.0,0.03621669264519054,0.0,0.0,0.0,0.0,0,0,0
unequal,2,null,True,learned,100,0.0,0.0,0.03621669264519054,0.0,0.0,0.0,0.0,0,0,0
unequal,2,null,True,poisson,100,0.0,0.0,0.03621669264519054,0.0,0.0,0.0,0.0,0,0,0
unequal,4,heterogeneous,False,fixed,100,0.02,0.0024313368239247935,0.07038393247107005,0.02,0.03666666666666667,0.088,0.07096774193548387,300,125,155
unequal,4,heterogeneous,False,learned,100,0.02,0.0024313368239247935,0.07038393247107005,0.02,0.03666666666666667,0.088,0.07096774193548387,300,125,155
unequal,4,heterogeneous,False,poisson,100,0.06,0.02233488607131637,0.12602993458082287,0.06,0.006666666666666667,0.016,0.012903225806451613,300,125,155
unequal,4,heterogeneous,True,fixed,100,0.02,0.0024313368239247935,0.07038393247107005,0.02,0.03333333333333333,0.08,0.06451612903225806,300,125,155
unequal,4,heterogeneous,True,learned,100,0.02,0.0024313368239247935,0.07038393247107005,0.02,0.03333333333333333,0.08,0.06451612903225806,300,125,155
unequal,4,heterogeneous,True,poisson,100,0.06,0.02233488607131637,0.12602993458082287,0.06,0.006666666666666667,0.016,0.012903225806451613,300,125,155
unequal,4,moderate,False,fixed,100,0.02,0.0024313368239247935,0.07038393247107005,0.02,0.13333333333333333,0.272108843537415,0.2247191011235955,300,147,178
unequal,4,moderate,False,learned,100,0.02,0.0024313368239247935,0.07038393247107005,0.02,0.12333333333333334,0.25170068027210885,0.20786516853932585,300,147,178
unequal,4,moderate,False,poisson,100,0.04,0.011004493986188203,0.09925715671265992,0.04,0.006666666666666667,0.013605442176870748,0.011235955056179775,300,147,178
unequal,4,moderate,True,fixed,100,0.02,0.0024313368239247935,0.07038393247107005,0.02,0.13333333333333333,0.272108843537415,0.2247191011235955,300,147,178
unequal,4,moderate,True,learned,100,0.02,0.0024313368239247935,0.07038393247107005,0.02,0.12333333333333334,0.25170068027210885,0.20786516853932585,300,147,178
unequal,4,moderate,True,poisson,100,0.04,0.011004493986188203,0.09925715671265992,0.04,0.006666666666666667,0.013605442176870748,0.011235955056179775,300,147,178
unequal,4,null,False,fixed,100,0.02,0.0024313368239247935,0.07038393247107005,0.02,0.0,0.0,0.0,0,0,0
unequal,4,null,False,learned,100,0.02,0.0024313368239247935,0.07038393247107005,0.02,0.0,0.0,0.0,0,0,0
unequal,4,null,False,poisson,100,0.12,0.06356890256102586,0.20023568362003882,0.12,0.0,0.0,0.0,0,0,0
unequal,4,null,True,fixed,100,0.02,0.0024313368239247935,0.07038393247107005,0.02,0.0,0.0,0.0,0,0,0
unequal,4,null,True,learned,100,0.02,0.0024313368239247935,0.07038393247107005,0.02,0.0,0.0,0.0,0,0,0
unequal,4,null,True,poisson,100,0.12,0.06356890256102586,0.20023568362003882,0.12,0.0,0.0,0.0,0,0,0
