model	parent	candidate	t	endpoint_exact	endpoint_implementation	legacy_raw	legacy_n	exact_n_length	draws	observed	mc_probability
GY	TTT	F->K	0.0001	2.4957297227093983e-16	2.4957297227093983e-16	0.0	0.0	5.25242322144699e-05	200000	0	0.0
GY	TTT	F->L	0.0001	2.1009408723025837e-05	2.1009408723025837e-05	2.101033295063146e-05	2.1009692885787962e-05	5.25242322144699e-05	200000	7	3.5e-05
GY	TTT	F->K	0.01	2.4897786536817954e-10	2.4897786536817954e-10	0.0	0.0	0.0052366176512072425	200000	0	0.0
GY	TTT	F->L	0.01	0.0020918157376008575	0.0020918157376008575	0.0021010332950631458	0.002094647060482897	0.0052366176512072425	200000	421	0.002105
GY	TTT	F->K	0.1	2.4360704642511136e-07	2.4360704642511136e-07	0.0	0.0	0.05096140212757365	200000	0	0.0
GY	TTT	F->L	0.1	0.020110576688553098	0.020110576688553098	0.02101033295063146	0.02038456085102946	0.05096140212757365	200000	3981	0.019905
GY	TTT	F->K	1.0	0.0001943310317050972	0.0001943310317050972	0.0	0.0	0.39566984034793884	200000	52	0.00026
GY	TTT	F->L	1.0	0.13820554656705092	0.13820554656705092	0.21010332950631458	0.15826793613917556	0.39566984034793884	200000	27446	0.13723
GY	TTT	F->K	10.0	0.02171709272016275	0.02171709272016275	0.0	0.0	0.9490853989041572	200000	4332	0.02166
GY	TTT	F->L	10.0	0.13142501705126491	0.13142501705126491	2.1010332950631456	0.3796341595616629	0.9490853989041572	200000	26377	0.131885
GY	TTT	F->K	100.0	0.03278688490960457	0.03278688490960457	0.0	0.0	0.967213114443963	200000	6620	0.0331
GY	TTT	F->L	100.0	0.09836065667457286	0.09836065667457286	21.010332950631458	0.3868852457775852	0.967213114443963	200000	19593	0.097965
ECMrest	TTT	F->K	0.0001	8.051328651084427e-17	8.051328651084427e-17	0.0	0.0	3.0227231805677006e-05	200000	0	0.0
ECMrest	TTT	F->L	0.0001	1.0945794815665013e-05	1.0945794815665013e-05	1.0946142900250875e-05	1.0945923487756046e-05	3.0227231805677006e-05	200000	2	1e-05
ECMrest	TTT	F->K	0.01	8.069005477489221e-11	8.069005477489221e-11	0.0	0.0	0.0030167350797871617	200000	0	0.0
ECMrest	TTT	F->L	0.01	0.0010911415834686461	0.0010911415834686461	0.0010946142900250875	0.0010924239301323719	0.0030167350797871617	200000	185	0.000925
ECMrest	TTT	F->K	0.1	8.20882899429927e-08	8.20882899429927e-08	0.0	0.0	0.029632257881210614	200000	0	0.0
ECMrest	TTT	F->L	0.1	0.01060612342381955	0.01060612342381955	0.010946142900250876	0.010730470776231337	0.029632257881210614	200000	2134	0.01067
ECMrest	TTT	F->K	1.0	8.21278173643393e-05	8.21278173643393e-05	0.0	0.0	0.25065367455319193	200000	28	0.00014
ECMrest	TTT	F->L	1.0	0.08145613666144877	0.08145613666144877	0.10946142900250876	0.0907670262769103	0.25065367455319193	200000	16189	0.080945
ECMrest	TTT	F->K	10.0	0.014317342997366206	0.014317342997366206	0.0	0.0	0.8717625395713332	200000	2831	0.014155
ECMrest	TTT	F->L	10.0	0.1548084136076668	0.1548084136076668	1.0946142900250875	0.31568375559443645	0.8717625395713332	200000	30727	0.153635
ECMrest	TTT	F->K	100.0	0.032785505597605596	0.032785505597605596	0.0	0.0	0.9672099436484947	200000	6524	0.03262
ECMrest	TTT	F->L	100.0	0.09836997388124166	0.09836997388124166	10.946142900250875	0.3502472905171854	0.9672099436484947	200000	19565	0.097825
ECMK07	TTT	F->K	0.0001	2.2271503631240197e-07	2.2271503631240197e-07	2.2271201400367362e-07	2.2270787086655067e-07	3.1141952664290024e-05	200000	1	5e-06
ECMK07	TTT	F->L	0.0001	9.397482492270513e-06	9.397482492270513e-06	9.397736310694716e-06	9.397561483528995e-06	3.1141952664290024e-05	200000	2	1e-05
ECMK07	TTT	F->K	0.01	2.230132643465561e-05	2.230132643465561e-05	2.2271201400367362e-05	2.2229830189869073e-05	0.003108468132780682	200000	5	2.5e-05
ECMK07	TTT	F->L	0.01	0.0009372399839725232	0.0009372399839725232	0.0009397736310694716	0.0009380278980031327	0.003108468132780682	200000	176	0.00088
ECMK07	TTT	F->K	0.1	0.00022563723710890222	0.00022563723710890222	0.00022271201400367362	0.0002186288650834934	0.03057157226184142	200000	47	0.000235
ECMK07	TTT	F->L	0.1	0.0091484335002152	0.0091484335002152	0.009397736310694717	0.009225440455705418	0.03057157226184142	200000	1901	0.009505
ECMK07	TTT	F->K	1.0	0.0024481903863341563	0.0024481903863341563	0.002227120140036736	0.001866465207651615	0.2609937893980419	200000	504	0.00252
ECMK07	TTT	F->L	1.0	0.0725668268329316	0.0725668268329316	0.09397736310694715	0.07875887582026268	0.2609937893980419	200000	14253	0.071265
ECMK07	TTT	F->K	10.0	0.02277226643516534	0.02277226643516534	0.02227120140036736	0.0064523341780239425	0.9022504896856879	200000	4465	0.022325
ECMK07	TTT	F->L	10.0	0.14123500159821695	0.14123500159821695	0.9397736310694715	0.27226791273393963	0.9022504896856879	200000	28348	0.14174
ECMK07	TTT	F->K	100.0	0.03278686500725586	0.03278686500725586	0.2227120140036736	0.006916906059501345	0.9672130591980993	200000	6636	0.03318
ECMK07	TTT	F->L	100.0	0.09836079922369038	0.09836079922369038	9.397736310694714	0.29187136367042993	0.9672130591980993	200000	19571	0.097855
