scan_id	trait	target_class	scan_match	site	nonsyn_recode	from_state	to_state	from_state_ids	to_state_ids	observed_from_state_ids	observed_to_state_ids	from_state_distribution	to_state_distribution	state_change	candidate_event_pp_sum	scan_unit_mode	scan_min_support_count	scan_min_event_pp	scan_rate_length_used	scan_rate_exposure	scan_exposure_units	scan_endpoint_model	scan_observation_method	scan_inference_method	rate_status	scan_rate_event_mode	scan_other_scope	scan_pvalue_calibration	scan_n_permutations	scan_permutation_seed	scan_permutation_backend	scan_permutation_n_jobs	scan_permutation_success_count	scan_permutation_failure_count	scan_permutation_failure_reasons	codon_site_alignment	site_rate	site_rate_categorized	site_rate_quantile	state_all_conservation	state_all_entropy	state_all_major_state	state_all_valid_tip_count	state_bg_conservation	state_bg_entropy	state_bg_major_state	state_bg_valid_tip_count	aa_all_conservation	aa_all_entropy	aa_all_major_state	aa_all_valid_tip_count	aa_bg_conservation	aa_bg_entropy	aa_bg_major_state	aa_bg_valid_tip_count	unit_total	support_unit_count	support_fraction	support_pp_sum	support_pp_mean	support_unit_ids	support_branch_ids	target_event_count	target_event_branch_count	target_raw_branch_length	target_sn_rescaled_length	target_n_rescaled_length	target_exposure_branch_length	target_exposure	target_zero_exposure_branch_count	target_positive_event_zero_exposure_branch_count	target_missing_exposure_branch_count	target_exposure_diagnostics	other_event_count	other_event_branch_count	other_raw_branch_length	other_sn_rescaled_length	other_n_rescaled_length	other_exposure_branch_length	other_exposure	other_zero_exposure_branch_count	other_positive_event_zero_exposure_branch_count	other_missing_exposure_branch_count	other_exposure_diagnostics	target_event_rate	other_event_rate	rate_ratio	p_rate_enrichment	p_rate_enrichment_empirical	q_rate_enrichment_empirical	q_rate_enrichment_empirical_by_trait	q_rate_enrichment_empirical_by_trait_match	p_rate_enrichment_empirical_maxT	q_rate_enrichment	q_rate_enrichment_by_trait	q_rate_enrichment_by_trait_match
85	PLACEHOLDER	fg	any2spe	777	no	any	S	0,1,2,3,4,5,6,7,8,9,10,11,12,13,14,15,16,17,18,19	15	0	15	A:7.18521	S:7.18521	778S	7.1852128746	clade	2	0.5	raw	endpoint	expected_endpoint_events	ECMK07+F	marginal_posterior_product	exploratory_poisson_lrt	ok	posterior_sum	all	full_scan	20	7001	multiprocessing	1	20	0		778	1.0	1.0	0.5005149331	0.8260869565	0.1542317094	A	69	1.0	-0.0	A	57	0.8260869565	0.1542317094	A	69	1.0	-0.0	A	57	10	8	0.8	7.1852128746	0.8981516093	1,2,4,5,6,7,8,10	1,5,26,33,35,40,103,124	7.2170304247	14	2.3592235755	1.9854118866	0.8692046359		0.1152204704	0	0	0		1.7665506202	32	17.8329914137	17.3386401259	3.36907128		1.3502230218	0	0	2	missing_state:2	62.6367033603	1.3083398755	47.8749478881	5.791492e-08	0.04761905	0.05426357	0.05426357	0.05426357	0.04761905	5.675662e-06	5.675662e-06	5.675662e-06
82	PLACEHOLDER	fg	any2spe	758	no	any	A	0,1,2,3,4,5,6,7,8,9,10,11,12,13,14,15,16,17,18,19	0	15	0	S:5.77213	A:5.77213	759A	5.7721329412	clade	2	0.5	raw	endpoint	expected_endpoint_events	ECMK07+F	marginal_posterior_product	exploratory_poisson_lrt	ok	posterior_sum	all	full_scan	20	7001	multiprocessing	1	20	0		759	1.0	1.0	0.5005149331	0.8714285714	0.1280695221	S	70	0.9827586207	0.0290745351	S	58	0.8714285714	0.1280695221	S	70	0.9827586207	0.0290745351	S	58	10	6	0.6	5.7721329412	0.9620221569	1,2,4,6,8,10	1,5,26,35,103,124	6.2069688312	10	2.3592235755	1.9854118866	0.8692046359		0.1855650263	0	0	0		1.0120953304	18	17.8329914137	17.3386401259	3.36907128		1.8421345991	0	0	1	missing_state:1	33.4490229896	0.5494144298	60.8812240364	4.749621e-07	0.04761905	0.05426357	0.05426357	0.05426357	0.04761905	2.327314e-05	2.327314e-05	2.327314e-05
62	PLACEHOLDER	fg	any2spe	624	no	any	I	0,1,2,3,4,5,6,7,8,9,10,11,12,13,14,15,16,17,18,19	7	17	7	V:4.96652	I:4.96652	625I	4.96652	clade	2	0.5	raw	endpoint	expected_endpoint_events	ECMK07+F	marginal_posterior_product	exploratory_poisson_lrt	ok	posterior_sum	all	full_scan	20	7001	multiprocessing	1	20	0		625	1.0	1.0	0.5005149331	0.8923076923	0.1140499723	V	65	1.0	-0.0	V	53	0.8923076923	0.1140499723	V	65	1.0	-0.0	V	53	10	5	0.5	4.96652	0.993304	1,4,5,6,7	1,26,33,35,40	4.97704	7	2.3592235755	1.9854118866	0.8692046359		0.2890817073	0	0	0		1.0329082394	35	17.8329914137	17.3386401259	3.36907128		2.2487967112	0	0	9	missing_state:9	17.2167241081	0.4593159685	37.4833998553	2.620771e-05	0.04761905	0.05426357	0.05426357	0.05426357	0.04761905	0.000770033	0.000770033	0.000770033
39	PLACEHOLDER	fg	any2spe	537	no	any	T	0,1,2,3,4,5,6,7,8,9,10,11,12,13,14,15,16,17,18,19	16	12	16	P:3.95869	T:3.95869	538T	3.95869	clade	2	0.5	raw	endpoint	expected_endpoint_events	ECMK07+F	marginal_posterior_product	exploratory_poisson_lrt	ok	posterior_sum	all	full_scan	20	7001	multiprocessing	1	20	0		538	1.0	1.0	0.5005149331	0.9230769231	0.1033743469	P	65	0.9811320755	0.0312444353	P	53	0.9230769231	0.1033743469	P	65	0.9811320755	0.0312444353	P	53	10	4	0.4	3.95869	0.9896725	4,5,6,7	26,33,35,40	3.95904	4	2.3592235755	1.9854118866	0.8692046359		0.0447735971	0	0	0		0.040661255	7	17.8329914137	17.3386401259	3.36907128		0.3130760093	0	0	9	missing_state:9	88.4235409378	0.1298766235	680.8272230458	3.142992e-05	0.04761905	0.05426357	0.05426357	0.05426357	0.04761905	0.000770033	0.000770033	0.000770033
45	PLACEHOLDER	fg	any2spe	570	no	any	N	0,1,2,3,4,5,6,7,8,9,10,11,12,13,14,15,16,17,18,19	11	0,15	11	A:1.99931,S:1.81998	N:3.81929	571N	3.81929	clade	2	0.5	raw	endpoint	expected_endpoint_events	ECMK07+F	marginal_posterior_product	exploratory_poisson_lrt	ok	posterior_sum	all	full_scan	20	7001	multiprocessing	1	20	0		571	1.0	1.0	0.5005149331	0.6	0.4427778942	A	65	0.679245283	0.3713232308	A	53	0.6	0.4427778942	A	65	0.679245283	0.3713232308	A	53	10	4	0.4	3.81929	0.9548225	1,3,4,6	1,12,26,35	3.96688	4	2.3592235755	1.9854118866	0.8692046359		0.0151880927	0	0	0		0.0333706292	9	17.8329914137	17.3386401259	3.36907128		0.0863113193	0	0	9	missing_state:9	261.1835519397	0.3866309711	675.5370662824	6.317694e-05	0.04761905	0.05426357	0.05426357	0.05426357	0.04761905	0.001238268	0.001238268	0.001238268
8	PLACEHOLDER	fg	any2spe	245	no	any	I	0,1,2,3,4,5,6,7,8,9,10,11,12,13,14,15,16,17,18,19	7	4	7	F:2.9915	I:2.9915	246I	2.991498032	clade	2	0.5	raw	endpoint	expected_endpoint_events	ECMK07+F	marginal_posterior_product	exploratory_poisson_lrt	ok	posterior_sum	all	full_scan	20	7001	multiprocessing	1	20	0		246	1.0	1.0	0.5005149331	0.9069767442	0.1033060563	F	43	1.0	-0.0	F	33	0.9069767442	0.1033060563	F	43	1.0	-0.0	F	33	10	3	0.3	2.991498032	0.9971660107	1,8,9	1,101,123	3.0000767268	6	2.3592235755	1.9854118866	0.8692046359		0.0295230287	0	0	3	missing_state:3	0.0033081867	5	17.8329914137	17.3386401259	3.36907128		0.2492092108	0	0	50	missing_state:50	101.6181895691	0.0132747369	7655.0059370475	0.0001244849	0.04761905	0.05426357	0.05426357	0.05426357	0.04761905	0.001988143	0.001988143	0.001988143
5	PLACEHOLDER	fg	any2spe	114	no	any	L	0,1,2,3,4,5,6,7,8,9,10,11,12,13,14,15,16,17,18,19	9	7	9	I:2.92677	L:2.92677	115L	2.92677	clade	2	0.5	raw	endpoint	expected_endpoint_events	ECMK07+F	marginal_posterior_product	exploratory_poisson_lrt	ok	posterior_sum	all	full_scan	20	7001	multiprocessing	1	20	0		115	1.0	1.0	0.5005149331	0.8536585366	0.1883748177	I	41	0.9090909091	0.1210058138	I	33	0.8536585366	0.1883748177	I	41	0.9090909091	0.1210058138	I	33	10	2	0.2	1.96476	0.98238	2,8	5,90,95	2.9968428346	5	2.3592235755	1.9854118866	0.8692046359		0.1815662246	0	0	6	missing_state:6	0.0118674616	16	17.8329914137	17.3386401259	3.36907128		1.4547808386	0	0	52	missing_state:52	16.5055083396	0.0081575597	2023.3389475784	0.0001536436	0.04761905	0.05426357	0.05426357	0.05426357	0.04761905	0.001988143	0.001988143	0.001988143
90	PLACEHOLDER	fg	any2spe	836	no	any	K	0,1,2,3,4,5,6,7,8,9,10,11,12,13,14,15,16,17,18,19	8	5	8	G:2.96858	K:2.96858	837K	2.96858	clade	2	0.5	raw	endpoint	expected_endpoint_events	ECMK07+F	marginal_posterior_product	exploratory_poisson_lrt	ok	posterior_sum	all	full_scan	20	7001	multiprocessing	1	20	0		837	1.0	1.0	0.5005149331	0.9275362319	0.1097648184	G	69	0.9824561404	0.0294818676	G	57	0.9275362319	0.1097648184	G	69	0.9824561404	0.0294818676	G	57	10	3	0.3	2.96858	0.9895266667	1,5,6	1,33,35	2.9687	3	2.3592235755	1.9854118866	0.8692046359		0.021361897	0	0	0		0.0310874434	4	17.8329914137	17.3386401259	3.36907128		0.1780170108	0	0	2	missing_state:2	138.9717403273	0.1746318695	795.7982741063	0.0001622974	0.04761905	0.05426357	0.05426357	0.05426357	0.04761905	0.001988143	0.001988143	0.001988143
81	PLACEHOLDER	fg	any2spe	751	no	any	L	0,1,2,3,4,5,6,7,8,9,10,11,12,13,14,15,16,17,18,19	9	10	9	M:2.99163	L:2.99163	752L	2.99163	clade	2	0.5	raw	endpoint	expected_endpoint_events	ECMK07+F	marginal_posterior_product	exploratory_poisson_lrt	ok	posterior_sum	all	full_scan	20	7001	multiprocessing	1	20	0		752	1.0	1.0	0.5005149331	0.9571428571	0.0590574641	M	70	1.0	-0.0	M	58	0.9571428571	0.0590574641	M	70	1.0	-0.0	M	58	10	3	0.3	2.99163	0.99721	6,8,10	35,90,103	2.9951298964	5	2.3592235755	1.9854118866	0.8692046359		0.4476028264	0	0	0		0.0050099414	7	17.8329914137	17.3386401259	3.36907128		3.2598621091	0	0	1	missing_state:1	6.6914901329	0.0015368568	4354.0100364368	0.0001937223	0.04761905	0.05426357	0.05426357	0.05426357	0.04761905	0.00210942	0.00210942	0.00210942
80	PLACEHOLDER	fg	any2spe	748	no	any	F	0,1,2,3,4,5,6,7,8,9,10,11,12,13,14,15,16,17,18,19	4	19	4	Y:2.96902	F:2.96902	749F	2.96902	clade	2	0.5	raw	endpoint	expected_endpoint_events	ECMK07+F	marginal_posterior_product	exploratory_poisson_lrt	ok	posterior_sum	all	full_scan	20	7001	multiprocessing	1	20	0		749	1.0	1.0	0.5005149331	0.9428571429	0.0838412567	Y	70	0.9827586207	0.0290745351	Y	58	0.9428571429	0.0838412567	Y	70	0.9827586207	0.0290745351	Y	58	10	3	0.3	2.96902	0.9896733333	5,6,7	33,35,40	2.96902	3	2.3592235755	1.9854118866	0.8692046359		0.2066056511	0	0	0		0.0310449267	8	17.8329914137	17.3386401259	3.36907128		1.4657358328	0	0	1	missing_state:1	14.3704684948	0.0211804378	678.4783488122	0.0002548211	0.04761905	0.05426357	0.05426357	0.05426357	0.04761905	0.002274898	0.002274898	0.002274898
50	PLACEHOLDER	fg	any2spe	576	no	any	T	0,1,2,3,4,5,6,7,8,9,10,11,12,13,14,15,16,17,18,19	16	0	16	A:3.97067	T:3.97067	577T	3.97067	clade	2	0.5	raw	endpoint	expected_endpoint_events	ECMK07+F	marginal_posterior_product	exploratory_poisson_lrt	ok	posterior_sum	all	full_scan	20	7001	multiprocessing	1	20	0		577	1.0	1.0	0.5005149331	0.5384615385	0.3862959545	A	65	0.6603773585	0.3371396973	A	53	0.5384615385	0.3862959545	A	65	0.6603773585	0.3371396973	A	53	10	4	0.4	3.97067	0.9926675	4,5,6,7	26,33,35,40	3.9710899993	6	2.3592235755	1.9854118866	0.8692046359		0.049972742	4	0	0	unreachable:4	2.3527803845	28	17.8329914137	17.3386401259	3.36907128		0.5597947235	6	0	9	missing_state:9;unreachable:6	79.4651212547	4.202934193	18.907058166	0.0002772928	0.04761905	0.05426357	0.05426357	0.05426357	0.04761905	0.002274898	0.002274898	0.002274898
40	PLACEHOLDER	fg	any2spe	551	no	any	G	0,1,2,3,4,5,6,7,8,9,10,11,12,13,14,15,16,17,18,19	5	6,14	5	H:2.79136,R:0.9958	G:3.78716	552G	3.787160486	clade	2	0.5	raw	endpoint	expected_endpoint_events	ECMK07+F	marginal_posterior_product	exploratory_poisson_lrt	ok	posterior_sum	all	full_scan	20	7001	multiprocessing	1	20	0		552	1.0	1.0	0.5005149331	0.6307692308	0.3387349785	H	65	0.641509434	0.3408538214	H	53	0.6307692308	0.3387349785	H	65	0.641509434	0.3408538214	H	53	10	4	0.4	3.787160486	0.9467901215	1,2,8,10	1,5,103,123	3.979090414	7	2.3592235755	1.9854118866	0.8692046359		0.0182587651	0	0	0		1.0300056787	10	17.8329914137	17.3386401259	3.36907128		0.1312946564	12	0	9	missing_state:9;unreachable:12	217.9276847665	7.8449931408	27.7792065404	0.0002785589	0.04761905	0.05426357	0.05426357	0.05426357	0.04761905	0.002274898	0.002274898	0.002274898
67	PLACEHOLDER	fg	any2spe	662	no	any	N	0,1,2,3,4,5,6,7,8,9,10,11,12,13,14,15,16,17,18,19	11	6	11	H:5.92552	N:5.92552	663N	5.9255220332	clade	2	0.5	raw	endpoint	expected_endpoint_events	ECMK07+F	marginal_posterior_product	exploratory_poisson_lrt	ok	posterior_sum	all	full_scan	20	7001	multiprocessing	1	20	0		663	1.0	1.0	0.5005149331	0.5846153846	0.2847502694	H	65	0.679245283	0.2482257126	H	53	0.5846153846	0.2847502694	H	65	0.679245283	0.2482257126	H	53	10	6	0.6	5.9255220332	0.9875870055	1,4,5,6,7,8	1,26,33,35,40,124	6.0924813116	11	2.3592235755	1.9854118866	0.8692046359		0.049728235	0	0	0		6.937565452	41	17.8329914137	17.3386401259	3.36907128		0.4526281298	12	0	9	missing_state:9;unreachable:12	122.5155348426	15.3272962856	7.9932906992	0.0003265289	0.04761905	0.05426357	0.05426357	0.05426357	0.04761905	0.002461526	0.002461526	0.002461526
38	PLACEHOLDER	fg	any2spe	528	no	any	P	0,1,2,3,4,5,6,7,8,9,10,11,12,13,14,15,16,17,18,19	12	0	12	A:1.95287	P:1.95287	529P	1.9528676954	clade	2	0.5	raw	endpoint	expected_endpoint_events	ECMK07+F	marginal_posterior_product	exploratory_poisson_lrt	ok	posterior_sum	all	full_scan	20	7001	multiprocessing	1	20	0		529	1.0	1.0	0.5005149331	0.9384615385	0.0771697253	A	65	1.0	-0.0	A	53	0.9384615385	0.0771697253	A	65	1.0	-0.0	A	53	10	2	0.2	1.9528676954	0.9764338477	5,8	33,124	2.0448758566	6	2.3592235755	1.9854118866	0.8692046359		0.0419511604	0	0	0		0.0012299871	3	17.8329914137	17.3386401259	3.36907128		0.392873885	0	0	9	missing_state:9	48.7442024829	0.0031307428	15569.53256104	0.001003471	0.04761905	0.05426357	0.05426357	0.05426357	0.2857143	0.006559295	0.006559295	0.006559295
56	PLACEHOLDER	fg	any2spe	596	no	any	V	0,1,2,3,4,5,6,7,8,9,10,11,12,13,14,15,16,17,18,19	17	7	17	I:1.91135	V:1.91135	597V	1.9113513058	clade	2	0.5	raw	endpoint	expected_endpoint_events	ECMK07+F	marginal_posterior_product	exploratory_poisson_lrt	ok	posterior_sum	all	full_scan	20	7001	multiprocessing	1	20	0		597	1.0	1.0	0.5005149331	0.9384615385	0.0771697253	I	65	1.0	-0.0	I	53	0.9384615385	0.0771697253	I	65	1.0	-0.0	I	53	10	2	0.2	1.9113513058	0.9556756529	6,8	35,124	2.0678185632	6	2.3592235755	1.9854118866	0.8692046359		0.2558690797	0	0	0		0.0168463569	32	17.8329914137	17.3386401259	3.36907128		2.4374907778	0	0	9	missing_state:9	8.0815492269	0.0069113521	1169.315231034	0.001003974	0.04761905	0.05426357	0.05426357	0.05426357	0.2857143	0.006559295	0.006559295	0.006559295
75	PLACEHOLDER	fg	any2spe	728	no	any	V	0,1,2,3,4,5,6,7,8,9,10,11,12,13,14,15,16,17,18,19	17	7	17	I:3.90564	V:3.90564	729V	3.9056379414	clade	2	0.5	raw	endpoint	expected_endpoint_events	ECMK07+F	marginal_posterior_product	exploratory_poisson_lrt	ok	posterior_sum	all	full_scan	20	7001	multiprocessing	1	20	0		729	1.0	1.0	0.5005149331	0.7323943662	0.2766964428	I	71	0.8474576271	0.1936257416	I	59	0.7323943662	0.2766964428	I	71	0.8474576271	0.1936257416	I	59	10	4	0.4	3.9056379414	0.9764094853	4,6,7,8	26,35,40,124	4.187687538	9	2.3592235755	1.9854118866	0.8692046359		0.2136147295	1	0	0	unreachable:1	5.1391144555	54	17.8329914137	17.3386401259	3.36907128		2.5162924883	1	0	0	unreachable:1	19.6039268791	2.0423358888	9.5987770606	0.00111846	0.04761905	0.05426357	0.05426357	0.05426357	0.3333333	0.00685057	0.00685057	0.00685057
55	PLACEHOLDER	fg	any2spe	586	no	any	K	0,1,2,3,4,5,6,7,8,9,10,11,12,13,14,15,16,17,18,19	8	11	8	N:1.99947	K:1.99947	587K	1.99947	clade	2	0.5	raw	endpoint	expected_endpoint_events	ECMK07+F	marginal_posterior_product	exploratory_poisson_lrt	ok	posterior_sum	all	full_scan	20	7001	multiprocessing	1	20	0		587	1.0	1.0	0.5005149331	0.5538461538	0.451200099	N	65	0.5283018868	0.4449236981	N	53	0.5538461538	0.451200099	N	65	0.5283018868	0.4449236981	N	53	10	2	0.2	1.99947	0.999735	4,6	26,35	1.9995	2	2.3592235755	1.9854118866	0.8692046359		0.0862236192	0	0	0		0.0043882215	18	17.8329914137	17.3386401259	3.36907128		0.7774889481	0	0	9	missing_state:9	23.1897015897	0.005644095	4108.6660499722	0.001241357	0.04761905	0.05426357	0.05426357	0.05426357	0.3333333	0.006975368	0.006975368	0.006975368
44	PLACEHOLDER	fg	any2spe	569	no	any	Q	0,1,2,3,4,5,6,7,8,9,10,11,12,13,14,15,16,17,18,19	13	3	13	E:3.92759	Q:3.92759	570Q	3.9275949492	clade	2	0.5	raw	endpoint	expected_endpoint_events	ECMK07+F	marginal_posterior_product	exploratory_poisson_lrt	ok	posterior_sum	all	full_scan	20	7001	multiprocessing	1	20	0		570	1.0	1.0	0.5005149331	0.6923076923	0.2494569061	E	65	0.7735849057	0.2002355967	E	53	0.6923076923	0.2494569061	E	65	0.7735849057	0.2002355967	E	53	10	4	0.4	3.9275949492	0.9818987373	2,4,6,8	5,26,35,124	4.0263083668	8	2.3592235755	1.9854118866	0.8692046359		0.1189303277	0	0	0		3.1027922212	49	17.8329914137	17.3386401259	3.36907128		0.9840131819	10	0	9	missing_state:9;unreachable:10	33.8543451905	3.1532018862	10.7364978242	0.001441736	0.04761905	0.05426357	0.05426357	0.05426357	0.4285714	0.006975368	0.006975368	0.006975368
96	PLACEHOLDER	fg	any2spe	887	no	any	G	0,1,2,3,4,5,6,7,8,9,10,11,12,13,14,15,16,17,18,19	5	14	5	R:1.61303	G:1.61303	888G	1.613029112	clade	2	0.5	raw	endpoint	expected_endpoint_events	ECMK07+F	marginal_posterior_product	exploratory_poisson_lrt	ok	posterior_sum	all	full_scan	20	7001	multiprocessing	1	20	0		888	1.0	1.0	0.5005149331	0.9206349206	0.1177121967	R	63	1.0	-0.0	R	52	0.9206349206	0.1177121967	R	63	1.0	-0.0	R	52	10	2	0.2	1.613029112	0.806514556	7,8	40,123	1.9996822028	5	2.3592235755	1.9854118866	0.8692046359		0.0302305004	0	0	1	missing_state:1	0.0203291895	3	17.8329914137	17.3386401259	3.36907128		0.2608175613	0	0	10	missing_state:10	66.1478366097	0.0779440978	848.6574158971	0.001478239	0.04761905	0.05426357	0.05426357	0.05426357	0.4761905	0.006975368	0.006975368	0.006975368
22	PLACEHOLDER	fg	any2spe	477	no	any	S	0,1,2,3,4,5,6,7,8,9,10,11,12,13,14,15,16,17,18,19	15	3	15	E:2.90549	S:2.90549	478S	2.90549	clade	2	0.5	raw	endpoint	expected_endpoint_events	ECMK07+F	marginal_posterior_product	exploratory_poisson_lrt	ok	posterior_sum	all	full_scan	20	7001	multiprocessing	1	20	0		478	1.0	1.0	0.5005149331	0.7333333333	0.3313867489	E	60	0.7551020408	0.3062750236	E	49	0.7333333333	0.3313867489	E	60	0.7551020408	0.3062750236	E	49	10	3	0.3	2.90549	0.9684966667	2,8,10	5,95,103	2.9775397813	5	2.3592235755	1.9854118866	0.8692046359		0.0412745576	0	0	1	missing_state:1	1.0319273176	17	17.8329914137	17.3386401259	3.36907128		0.3330073222	0	0	18	missing_state:18	72.1398351067	3.0988126956	23.2798307591	0.001508165	0.04761905	0.05426357	0.05426357	0.05426357	0.4761905	0.006975368	0.006975368	0.006975368
9	PLACEHOLDER	fg	any2spe	277	no	any	V	0,1,2,3,4,5,6,7,8,9,10,11,12,13,14,15,16,17,18,19	17	0	17	A:1.98925	V:1.98925	278V	1.989250758	clade	2	0.5	raw	endpoint	expected_endpoint_events	ECMK07+F	marginal_posterior_product	exploratory_poisson_lrt	ok	posterior_sum	all	full_scan	20	7001	multiprocessing	1	20	0		278	1.0	1.0	0.5005149331	0.9302325581	0.0844658175	A	43	1.0	-0.0	A	33	0.9302325581	0.0844658175	A	43	1.0	-0.0	A	33	10	2	0.2	1.989250758	0.994625379	2,8	5,123	2.0026903628	5	2.3592235755	1.9854118866	0.8692046359		0.0628533184	0	0	3	missing_state:3	0.0017999823	9	17.8329914137	17.3386401259	3.36907128		0.5012439534	0	0	50	missing_state:50	31.862921711	0.0035910305	8872.9188316828	0.001538641	0.04761905	0.05426357	0.05426357	0.05426357	0.4761905	0.006975368	0.006975368	0.006975368
76	PLACEHOLDER	fg	any2spe	730	no	any	V	0,1,2,3,4,5,6,7,8,9,10,11,12,13,14,15,16,17,18,19	17	4	17	F:1.75537	V:1.75537	731V	1.7553742875	clade	2	0.5	raw	endpoint	expected_endpoint_events	ECMK07+F	marginal_posterior_product	exploratory_poisson_lrt	ok	posterior_sum	all	full_scan	20	7001	multiprocessing	1	20	0		731	1.0	1.0	0.5005149331	0.8732394366	0.1783143468	F	71	0.9661016949	0.0572610453	F	59	0.8732394366	0.1783143468	F	71	0.9661016949	0.0572610453	F	59	10	2	0.2	1.7553742875	0.8776871438	6,8	35,123	2.0012404911	5	2.3592235755	1.9854118866	0.8692046359		0.0490410039	0	0	0		0.0008199991	4	17.8329914137	17.3386401259	3.36907128		0.3842880594	0	0	0		40.8074944142	0.0021338136	19124.207377135	0.001585358	0.04761905	0.05426357	0.05426357	0.05426357	0.4761905	0.006975368	0.006975368	0.006975368
65	PLACEHOLDER	fg	any2spe	634	no	any	L	0,1,2,3,4,5,6,7,8,9,10,11,12,13,14,15,16,17,18,19	9	10	9	M:1.98862	L:1.98862	635L	1.9886173651	clade	2	0.5	raw	endpoint	expected_endpoint_events	ECMK07+F	marginal_posterior_product	exploratory_poisson_lrt	ok	posterior_sum	all	full_scan	20	7001	multiprocessing	1	20	0		635	1.0	1.0	0.5005149331	0.7538461538	0.2259409022	M	65	0.7735849057	0.1785567582	M	53	0.7538461538	0.2259409022	M	65	0.7735849057	0.1785567582	M	53	10	2	0.2	1.9886173651	0.9943086826	5,8	33,123	2.0049472713	5	2.3592235755	1.9854118866	0.8692046359		0.3920782711	0	0	0		0.0021099406	12	17.8329914137	17.3386401259	3.36907128		3.0240890097	0	0	9	missing_state:9	5.1136403605	0.0006977111	7329.1653867021	0.001637076	0.04761905	0.05426357	0.05426357	0.05426357	0.4761905	0.006975368	0.006975368	0.006975368
58	PLACEHOLDER	fg	any2spe	617	no	any	C	0,1,2,3,4,5,6,7,8,9,10,11,12,13,14,15,16,17,18,19	1	15	1	S:1.99371	C:1.99371	618C	1.99371	clade	2	0.5	raw	endpoint	expected_endpoint_events	ECMK07+F	marginal_posterior_product	exploratory_poisson_lrt	ok	posterior_sum	all	full_scan	20	7001	multiprocessing	1	20	0		618	1.0	1.0	0.5005149331	0.6615384615	0.3745191487	A	65	0.7169811321	0.2990762221	A	53	0.6615384615	0.3745191487	A	65	0.7169811321	0.2990762221	A	53	10	2	0.2	1.99371	0.996855	4,6	26,35	1.99408	2	2.3592235755	1.9854118866	0.8692046359		0.01480762	0	0	0		0.0085258728	8	17.8329914137	17.3386401259	3.36907128		0.1096963959	0	0	9	missing_state:9	134.6658008167	0.0777224514	1732.6499403268	0.001893076	0.04761905	0.05426357	0.05426357	0.05426357	0.4761905	0.007270154	0.007270154	0.007270154
60	PLACEHOLDER	fg	any2spe	622	no	any	A	0,1,2,3,4,5,6,7,8,9,10,11,12,13,14,15,16,17,18,19	0	17	0	V:1.97332	A:1.97332	623A	1.973317224	clade	2	0.5	raw	endpoint	expected_endpoint_events	ECMK07+F	marginal_posterior_product	exploratory_poisson_lrt	ok	posterior_sum	all	full_scan	20	7001	multiprocessing	1	20	0		623	1.0	1.0	0.5005149331	0.4923076923	0.316268993	I	65	0.5283018868	0.2572870997	I	53	0.4923076923	0.316268993	I	65	0.5283018868	0.2572870997	I	53	10	2	0.2	1.973317224	0.986658612	5,8	33,124	2.019465954	6	2.3592235755	1.9854118866	0.8692046359		0.0668977784	0	0	0		0.0048698226	9	17.8329914137	17.3386401259	3.36907128		0.4622204133	0	0	9	missing_state:9	30.1873395788	0.0105357151	2865.2387824687	0.001998083	0.04761905	0.05426357	0.05426357	0.05426357	0.4761905	0.007270154	0.007270154	0.007270154
37	PLACEHOLDER	fg	any2spe	523	no	any	N	0,1,2,3,4,5,6,7,8,9,10,11,12,13,14,15,16,17,18,19	11	15	11	S:1.99252	N:1.99252	524N	1.99252	clade	2	0.5	raw	endpoint	expected_endpoint_events	ECMK07+F	marginal_posterior_product	exploratory_poisson_lrt	ok	posterior_sum	all	full_scan	20	7001	multiprocessing	1	20	0		524	1.0	1.0	0.5005149331	0.4769230769	0.5893217752	S	65	0.4528301887	0.5549689752	S	53	0.4769230769	0.5893217752	S	65	0.4528301887	0.5549689752	S	53	10	2	0.2	1.99252	0.99626	2,10	5,103	1.99353	2	2.3592235755	1.9854118866	0.8692046359		0.0261072831	0	0	0		0.0068599895	10	17.8329914137	17.3386401259	3.36907128		0.185891969	0	0	9	missing_state:9	76.3591520407	0.0369030977	2069.1800074246	0.002025722	0.04761905	0.05426357	0.05426357	0.05426357	0.4761905	0.007270154	0.007270154	0.007270154
10	PLACEHOLDER	fg	any2spe	281	no	any	R	0,1,2,3,4,5,6,7,8,9,10,11,12,13,14,15,16,17,18,19	14	13	14	Q:1.53549	R:1.53549	282R	1.535489595	clade	2	0.5	raw	endpoint	expected_endpoint_events	ECMK07+F	marginal_posterior_product	exploratory_poisson_lrt	ok	posterior_sum	all	full_scan	20	7001	multiprocessing	1	20	0		282	1.0	1.0	0.5005149331	0.9302325581	0.0992895605	Q	43	1.0	-0.0	Q	33	0.9302325581	0.0992895605	Q	43	1.0	-0.0	Q	33	10	2	0.2	1.535489595	0.7677447975	1,8	1,123	1.9994258187	4	2.3592235755	1.9854118866	0.8692046359		0.1272915835	0	0	3	missing_state:3	0.0024897628	9	17.8329914137	17.3386401259	3.36907128		0.8738922509	0	0	50	missing_state:50	15.7074471311	0.0028490501	5513.2225166298	0.002083176	0.04761905	0.05426357	0.05426357	0.05426357	0.4761905	0.007270154	0.007270154	0.007270154
66	PLACEHOLDER	fg	any2spe	659	no	any	G	0,1,2,3,4,5,6,7,8,9,10,11,12,13,14,15,16,17,18,19	5	2	5	D:1.99871	G:1.99871	660G	1.99871	clade	2	0.5	raw	endpoint	expected_endpoint_events	ECMK07+F	marginal_posterior_product	exploratory_poisson_lrt	ok	posterior_sum	all	full_scan	20	7001	multiprocessing	1	20	0		660	1.0	1.0	0.5005149331	0.7384615385	0.2724809024	D	65	0.7547169811	0.236500557	D	53	0.7384615385	0.2724809024	D	65	0.7547169811	0.236500557	D	53	10	2	0.2	1.99871	0.999355	1,6	1,35	1.99928	2	2.3592235755	1.9854118866	0.8692046359		0.0522075817	0	0	0		0.0007899924	5	17.8329914137	17.3386401259	3.36907128		0.3505711134	0	0	9	missing_state:9	38.2948210786	0.0022534441	16993.9078691159	0.002146001	0.04761905	0.05426357	0.05426357	0.05426357	0.4761905	0.007270154	0.007270154	0.007270154
52	PLACEHOLDER	fg	any2spe	581	no	any	T	0,1,2,3,4,5,6,7,8,9,10,11,12,13,14,15,16,17,18,19	16	7,17	16	I:0.99995,V:0.99365	T:1.9936	582T	1.9936	clade	2	0.5	raw	endpoint	expected_endpoint_events	ECMK07+F	marginal_posterior_product	exploratory_poisson_lrt	ok	posterior_sum	all	full_scan	20	7001	multiprocessing	1	20	0		582	1.0	1.0	0.5005149331	0.7230769231	0.3144411549	I	65	0.7924528302	0.1915775431	I	53	0.7230769231	0.3144411549	I	65	0.7924528302	0.1915775431	I	53	10	2	0.2	1.9936	0.9968	4,8	26,95	2.0003479542	4	2.3592235755	1.9854118866	0.8692046359		0.0648109082	0	0	0		0.0014499937	7	17.8329914137	17.3386401259	3.36907128		0.4327391554	0	0	9	missing_state:9	30.8643716116	0.0033507338	9211.2276790056	0.002175922	0.04761905	0.05426357	0.05426357	0.05426357	0.4761905	0.007270154	0.007270154	0.007270154
47	PLACEHOLDER	fg	any2spe	572	no	any	A	0,1,2,3,4,5,6,7,8,9,10,11,12,13,14,15,16,17,18,19	0	12	0	P:1.99848	A:1.99848	573A	1.99848	clade	2	0.5	raw	endpoint	expected_endpoint_events	ECMK07+F	marginal_posterior_product	exploratory_poisson_lrt	ok	posterior_sum	all	full_scan	20	7001	multiprocessing	1	20	0		573	1.0	1.0	0.5005149331	0.8615384615	0.1587274041	P	65	0.8679245283	0.1302897252	P	53	0.8615384615	0.1587274041	P	65	0.8679245283	0.1302897252	P	53	10	2	0.2	1.99848	0.99924	2,10	5,103	1.99857	2	2.3592235755	1.9854118866	0.8692046359		0.0865669626	0	0	0		0.0015399946	8	17.8329914137	17.3386401259	3.36907128		0.5726424742	0	0	9	missing_state:9	23.0869830664	0.0026892776	8584.8269242465	0.002225557	0.04761905	0.05426357	0.05426357	0.05426357	0.4761905	0.007270154	0.007270154	0.007270154
78	PLACEHOLDER	fg	any2spe	741	no	any	R	0,1,2,3,4,5,6,7,8,9,10,11,12,13,14,15,16,17,18,19	14	9	14	L:1.9996	R:1.9996	742R	1.9996	clade	2	0.5	raw	endpoint	expected_endpoint_events	ECMK07+F	marginal_posterior_product	exploratory_poisson_lrt	ok	posterior_sum	all	full_scan	20	7001	multiprocessing	1	20	0		742	1.0	1.0	0.5005149331	0.6428571429	0.2831995155	L	70	0.6724137931	0.2479151447	L	58	0.6428571429	0.2831995155	L	70	0.6724137931	0.2479151447	L	58	10	2	0.2	1.9996	0.9998	1,4	1,26	1.9996	2	2.3592235755	1.9854118866	0.8692046359		0.0416701478	0	0	0		0.0004299946	5	17.8329914137	17.3386401259	3.36907128		0.258058251	0	0	1	missing_state:1	47.9863908491	0.0016662695	28798.6967644851	0.002495365	0.04761905	0.05426357	0.05426357	0.05426357	0.5714286	0.00785792	0.00785792	0.00785792
12	PLACEHOLDER	fg	any2spe	318	no	any	T	0,1,2,3,4,5,6,7,8,9,10,11,12,13,14,15,16,17,18,19	16	15	16	S:1.99454	T:1.99454	319T	1.99454	clade	2	0.5	raw	endpoint	expected_endpoint_events	ECMK07+F	marginal_posterior_product	exploratory_poisson_lrt	ok	posterior_sum	all	full_scan	20	7001	multiprocessing	1	20	0		319	1.0	1.0	0.5005149331	0.8260869565	0.2309140331	S	46	0.8888888889	0.1372999123	S	36	0.8260869565	0.2309140331	S	46	0.8888888889	0.1372999123	S	36	10	2	0.2	1.99454	0.99727	2,10	5,103	1.9960899006	4	2.3592235755	1.9854118866	0.8692046359		0.1507669145	0	0	2	missing_state:2	0.00675951	19	17.8329914137	17.3386401259	3.36907128		0.9456813635	0	0	45	missing_state:45	13.2395751922	0.007147767	1852.2673270604	0.002565851	0.04761905	0.05426357	0.05426357	0.05426357	0.5714286	0.00785792	0.00785792	0.00785792
51	PLACEHOLDER	fg	any2spe	581	no	any	M	0,1,2,3,4,5,6,7,8,9,10,11,12,13,14,15,16,17,18,19	10	7	10	I:1.99877	M:1.99877	582M	1.99877	clade	2	0.5	raw	endpoint	expected_endpoint_events	ECMK07+F	marginal_posterior_product	exploratory_poisson_lrt	ok	posterior_sum	all	full_scan	20	7001	multiprocessing	1	20	0		582	1.0	1.0	0.5005149331	0.7230769231	0.3144411549	I	65	0.7924528302	0.1915775431	I	53	0.7230769231	0.3144411549	I	65	0.7924528302	0.1915775431	I	53	10	2	0.2	1.99877	0.999385	5,7	33,40	1.999149984	4	2.3592235755	1.9854118866	0.8692046359		0.0858635787	0	0	0		0.0021494438	15	17.8329914137	17.3386401259	3.36907128		0.5009125076	0	0	9	missing_state:9	23.2828635197	0.0042910564	5425.9048548249	0.002836631	0.04761905	0.05426357	0.05426357	0.05426357	0.6190476	0.00828235	0.00828235	0.00828235
33	PLACEHOLDER	fg	any2spe	514	no	any	A	0,1,2,3,4,5,6,7,8,9,10,11,12,13,14,15,16,17,18,19	0	16	0	T:3.67469	A:3.67469	515A	3.6746890195	clade	2	0.5	raw	endpoint	expected_endpoint_events	ECMK07+F	marginal_posterior_product	exploratory_poisson_lrt	ok	posterior_sum	all	full_scan	20	7001	multiprocessing	1	20	0		515	1.0	1.0	0.5005149331	0.8461538462	0.1600062166	T	65	0.9245283019	0.0893163635	T	53	0.8461538462	0.1600062166	T	65	0.9245283019	0.0893163635	T	53	10	4	0.4	3.6746890195	0.9186722549	1,5,6,8	1,33,35,123	3.9953587429	7	2.3592235755	1.9854118866	0.8692046359		0.1002284677	0	0	0		4.0228983977	20	17.8329914137	17.3386401259	3.36907128		0.8330734674	0	0	9	missing_state:9	39.8625144521	4.8289839433	8.254845102	0.002873468	0.04761905	0.05426357	0.05426357	0.05426357	0.6666667	0.00828235	0.00828235	0.00828235
24	PLACEHOLDER	fg	any2spe	500	no	any	K	0,1,2,3,4,5,6,7,8,9,10,11,12,13,14,15,16,17,18,19	8	6,12	8	H:0.99968,P:0.99963	K:1.99931	501K	1.99931	clade	2	0.5	raw	endpoint	expected_endpoint_events	ECMK07+F	marginal_posterior_product	exploratory_poisson_lrt	ok	posterior_sum	all	full_scan	20	7001	multiprocessing	1	20	0		501	1.0	1.0	0.5005149331	0.4769230769	0.5402171828	P	65	0.5094339623	0.5043802024	P	53	0.4769230769	0.5402171828	P	65	0.5094339623	0.5043802024	P	53	10	2	0.2	1.99931	0.999655	6,8	35,90	1.9997599969	3	2.3592235755	1.9854118866	0.8692046359		0.0454307519	0	0	0		0.0012499277	10	17.8329914137	17.3386401259	3.36907128		0.2314018216	0	0	9	missing_state:9	44.0177613759	0.0054015465	8149.1034772785	0.003629914	0.04761905	0.05426357	0.05426357	0.05426357	0.7619048	0.01016376	0.01016376	0.01016376
14	PLACEHOLDER	fg	any2spe	362	no	any	L	0,1,2,3,4,5,6,7,8,9,10,11,12,13,14,15,16,17,18,19	9	7	9	I:1.99329	L:1.99329	363L	1.99329	clade	2	0.5	raw	endpoint	expected_endpoint_events	ECMK07+F	marginal_posterior_product	exploratory_poisson_lrt	ok	posterior_sum	all	full_scan	20	7001	multiprocessing	1	20	0		363	1.0	1.0	0.5005149331	0.5217391304	0.279696966	I	46	0.5277777778	0.2308628117	V	36	0.5217391304	0.279696966	I	46	0.5277777778	0.2308628117	V	36	10	2	0.2	1.99329	0.996645	8,10	90,103	1.9967299031	4	2.3592235755	1.9854118866	0.8692046359		0.2265404829	0	0	2	missing_state:2	0.0039698499	17	17.8329914137	17.3386401259	3.36907128		1.1303806253	0	0	45	missing_state:45	8.8140092118	0.0035119585	2509.7133380483	0.003870131	0.04761905	0.05426357	0.05426357	0.05426357	0.7619048	0.01053536	0.01053536	0.01053536
1	PLACEHOLDER	fg	any2spe	7	no	any	V	0,1,2,3,4,5,6,7,8,9,10,11,12,13,14,15,16,17,18,19	17	9	17	L:2.99293	V:2.99293	8V	2.99293	clade	2	0.5	raw	endpoint	expected_endpoint_events	ECMK07+F	marginal_posterior_product	exploratory_poisson_lrt	ok	posterior_sum	all	full_scan	20	7001	multiprocessing	1	20	0		8	1.0	1.0	0.5005149331	0.4054054054	0.5759898945	L	37	0.4827586207	0.5491130981	L	29	0.4054054054	0.5759898945	L	37	0.4827586207	0.5491130981	L	29	10	3	0.3	2.99293	0.9976433333	1,2,7	1,5,40	3.20411426	5	2.3592235755	1.9854118866	0.8692046359		0.0212009208	0	0	7	missing_state:7	3.7006675287	32	17.8329914137	17.3386401259	3.36907128		0.2275446479	0	0	59	missing_state:59	151.1309009381	16.2634786747	9.2926552776	0.004303637	0.04761905	0.05426357	0.05426357	0.05426357	0.7619048	0.01139882	0.01139882	0.01139882
72	PLACEHOLDER	fg	any2spe	719	no	any	A	0,1,2,3,4,5,6,7,8,9,10,11,12,13,14,15,16,17,18,19	0	17	0	V:2.98798	A:2.98798	720A	2.98798	clade	2	0.5	raw	endpoint	expected_endpoint_events	ECMK07+F	marginal_posterior_product	exploratory_poisson_lrt	ok	posterior_sum	all	full_scan	20	7001	multiprocessing	1	20	0		720	1.0	1.0	0.5005149331	0.6714285714	0.339679262	V	70	0.6724137931	0.3410564556	V	58	0.6714285714	0.339679262	V	70	0.6724137931	0.3410564556	V	58	10	3	0.3	2.98798	0.9959933333	1,8,9	1,90,101	2.99011996	5	2.3592235755	1.9854118866	0.8692046359		0.1164578256	0	0	0		3.0122124708	21	17.8329914137	17.3386401259	3.36907128		1.1444780421	0	0	1	missing_state:1	25.6755606172	2.6319530476	9.7553262359	0.005368626	0.04761905	0.05426357	0.05426357	0.05426357	0.9047619	0.0138454	0.0138454	0.0138454
97	PLACEHOLDER	fg	any2spe	901	no	any	F	0,1,2,3,4,5,6,7,8,9,10,11,12,13,14,15,16,17,18,19	4	1	4	C:1.99955	F:1.99955	902F	1.99955	clade	2	0.5	raw	endpoint	expected_endpoint_events	ECMK07+F	marginal_posterior_product	exploratory_poisson_lrt	ok	posterior_sum	all	full_scan	20	7001	multiprocessing	1	20	0		902	1.0	1.0	0.5005149331	0.8181818182	0.2155256691	C	55	0.9318181818	0.0975751322	C	44	0.8181818182	0.2155256691	C	55	0.9318181818	0.0975751322	C	44	10	2	0.2	1.99955	0.999775	1,2	1,5	2.8644116472	6	2.3592235755	1.9854118866	0.8692046359		0.0326620833	0	0	1	missing_state:1	1.2400233304	11	17.8329914137	17.3386401259	3.36907128		0.1919831525	0	0	25	missing_state:25	87.6983755358	6.4590216077	13.5776563175	0.005682169	0.04761905	0.05426357	0.05426357	0.05426357	0.9047619	0.01427827	0.01427827	0.01427827
17	PLACEHOLDER	fg	any2spe	418	no	any	K	0,1,2,3,4,5,6,7,8,9,10,11,12,13,14,15,16,17,18,19	8	14	8	R:1.90863	K:1.90863	419K	1.908629384	clade	2	0.5	raw	endpoint	expected_endpoint_events	ECMK07+F	marginal_posterior_product	exploratory_poisson_lrt	ok	posterior_sum	all	full_scan	20	7001	multiprocessing	1	20	0		419	1.0	1.0	0.5005149331	0.8695652174	0.1292546662	R	46	1.0	-0.0	R	36	0.8695652174	0.1292546662	R	46	1.0	-0.0	R	36	10	2	0.2	1.908629384	0.954314692	2,8	5,124	2.0023683758	8	2.3592235755	1.9854118866	0.8692046359		0.1226412124	0	0	2	missing_state:2	1.0513706313	24	17.8329914137	17.3386401259	3.36907128		1.3973139026	0	0	45	missing_state:45	16.3270432288	0.7524226513	21.6992978615	0.005951438	0.04761905	0.05426357	0.05426357	0.05426357	0.9047619	0.01458102	0.01458102	0.01458102
31	PLACEHOLDER	fg	any2spe	512	no	any	I	0,1,2,3,4,5,6,7,8,9,10,11,12,13,14,15,16,17,18,19	7	9	7	L:2.96617	I:2.96617	513I	2.96616823	clade	2	0.5	raw	endpoint	expected_endpoint_events	ECMK07+F	marginal_posterior_product	exploratory_poisson_lrt	ok	posterior_sum	all	full_scan	20	7001	multiprocessing	1	20	0		513	1.0	1.0	0.5005149331	0.8769230769	0.1547365011	L	65	0.9245283019	0.1155101234	L	53	0.8769230769	0.1547365011	L	65	0.9245283019	0.1155101234	L	53	10	3	0.3	2.96616823	0.9887227433	2,8,10	5,103,123	2.9918170683	6	2.3592235755	1.9854118866	0.8692046359		0.1455902032	0	0	0		2.0234314361	26	17.8329914137	17.3386401259	3.36907128		1.0103941432	0	0	9	missing_state:9	20.5495768426	2.0026159591	10.2613667634	0.006467898	0.04761905	0.05426357	0.05426357	0.05426357	0.952381	0.01545985	0.01545985	0.01545985
7	PLACEHOLDER	fg	any2spe	230	no	any	A	0,1,2,3,4,5,6,7,8,9,10,11,12,13,14,15,16,17,18,19	0	16	0	T:1.96638	A:1.96638	231A	1.9663803146	clade	2	0.5	raw	endpoint	expected_endpoint_events	ECMK07+F	marginal_posterior_product	exploratory_poisson_lrt	ok	posterior_sum	all	full_scan	20	7001	multiprocessing	1	20	0		231	1.0	1.0	0.5005149331	0.6976744186	0.3342751533	T	43	0.8181818182	0.2336790653	T	33	0.6976744186	0.3342751533	T	43	0.8181818182	0.2336790653	T	33	10	2	0.2	1.9663803146	0.9831901573	1,8	1,124	2.0288653402	6	2.3592235755	1.9854118866	0.8692046359		0.0542969126	0	0	3	missing_state:3	1.228051164	23	17.8329914137	17.3386401259	3.36907128		0.5685143951	0	0	50	missing_state:50	37.3661271598	2.1601056623	17.2982867512	0.007977227	0.04761905	0.05426357	0.05426357	0.05426357	0.952381	0.01861353	0.01861353	0.01861353
64	PLACEHOLDER	fg	any2spe	627	no	any	K	0,1,2,3,4,5,6,7,8,9,10,11,12,13,14,15,16,17,18,19	8	3,13,14	8	Q:1.99568,R:0.99399,E:0.99022	K:3.97989	628K	3.97989	clade	2	0.5	raw	endpoint	expected_endpoint_events	ECMK07+F	marginal_posterior_product	exploratory_poisson_lrt	ok	posterior_sum	all	full_scan	20	7001	multiprocessing	1	20	0		628	1.0	1.0	0.5005149331	0.2769230769	0.5648104453	E	65	0.3018867925	0.5707839096	Q	53	0.2769230769	0.5648104453	E	65	0.3018867925	0.5707839096	Q	53	10	4	0.4	3.97989	0.9949725	4,6,8,10	26,35,95,103	3.9864999403	6	2.3592235755	1.9854118866	0.8692046359		0.1594659938	0	0	0		4.1443673113	39	17.8329914137	17.3386401259	3.36907128		0.9765199062	0	0	9	missing_state:9	24.9990599518	4.2440172339	5.8904237599	0.008780388	0.04761905	0.05426357	0.05426357	0.05426357	0.952381	0.02001112	0.02001112	0.02001112
19	PLACEHOLDER	fg	any2spe	441	no	any	F	0,1,2,3,4,5,6,7,8,9,10,11,12,13,14,15,16,17,18,19	4	15	4	S:1.91274	F:1.91274	442F	1.9127401501	clade	2	0.5	raw	endpoint	expected_endpoint_events	ECMK07+F	marginal_posterior_product	exploratory_poisson_lrt	ok	posterior_sum	all	full_scan	20	7001	multiprocessing	1	20	0		442	1.0	1.0	0.5005149331	0.8913043478	0.132912789	S	46	0.9444444444	0.0844759507	S	36	0.8913043478	0.132912789	S	46	0.9444444444	0.0844759507	S	36	10	2	0.2	1.9127401501	0.956370075	5,8	33,123	1.9197801106	5	2.3592235755	1.9854118866	0.8692046359		0.0124102278	0	0	2	missing_state:2	1.0821472984	4	17.8329914137	17.3386401259	3.36907128		0.1265927235	0	0	45	missing_state:45	154.6933816379	8.5482582892	18.0964795873	0.009219325	0.04761905	0.05426357	0.05426357	0.05426357	0.952381	0.02053395	0.02053395	0.02053395
95	PLACEHOLDER	fg	any2spe	877	no	any	I	0,1,2,3,4,5,6,7,8,9,10,11,12,13,14,15,16,17,18,19	7	9	7	L:2.99534	I:2.99534	878I	2.99534	clade	2	0.5	raw	endpoint	expected_endpoint_events	ECMK07+F	marginal_posterior_product	exploratory_poisson_lrt	ok	posterior_sum	all	full_scan	20	7001	multiprocessing	1	20	0		878	1.0	1.0	0.5005149331	0.671641791	0.2889981084	L	67	0.7818181818	0.2245810569	L	55	0.671641791	0.2889981084	L	67	0.7818181818	0.2245810569	L	55	10	3	0.3	2.99534	0.9984466667	1,4,6	1,26,35	3.0001196881	9	2.3592235755	1.9854118866	0.8692046359		0.0970834638	2	0	0	unreachable:2	5.2369802403	48	17.8329914137	17.3386401259	3.36907128		1.1856451169	0	0	6	missing_state:6	30.9024788505	4.4169879888	6.9962786698	0.009464423	0.04761905	0.05426357	0.05426357	0.05426357	0.952381	0.02061141	0.02061141	0.02061141
48	PLACEHOLDER	fg	any2spe	574	no	any	S	0,1,2,3,4,5,6,7,8,9,10,11,12,13,14,15,16,17,18,19	15	0	15	A:1.96791	S:1.96791	575S	1.9679060409	clade	2	0.5	raw	endpoint	expected_endpoint_events	ECMK07+F	marginal_posterior_product	exploratory_poisson_lrt	ok	posterior_sum	all	full_scan	20	7001	multiprocessing	1	20	0		575	1.0	1.0	0.5005149331	0.6307692308	0.3229362731	A	65	0.7358490566	0.2385398589	A	53	0.6307692308	0.3229362731	A	65	0.7358490566	0.2385398589	A	53	10	2	0.2	1.9679060409	0.9839530204	4,8	26,124	2.0408828564	9	2.3592235755	1.9854118866	0.8692046359		0.0864168838	2	0	0	unreachable:2	2.3906646425	36	17.8329914137	17.3386401259	3.36907128		1.2759074713	2	0	9	missing_state:9;unreachable:2	23.6167143064	1.8736975027	12.6043367582	0.009761234	0.04761905	0.05426357	0.05426357	0.05426357	0.952381	0.02079567	0.02079567	0.02079567
35	PLACEHOLDER	fg	any2spe	518	no	any	L	0,1,2,3,4,5,6,7,8,9,10,11,12,13,14,15,16,17,18,19	9	7	9	I:2.99195	L:2.99195	519L	2.99195	clade	2	0.5	raw	endpoint	expected_endpoint_events	ECMK07+F	marginal_posterior_product	exploratory_poisson_lrt	ok	posterior_sum	all	full_scan	20	7001	multiprocessing	1	20	0		519	1.0	1.0	0.5005149331	0.6461538462	0.2626432002	I	65	0.6981132075	0.2530727833	I	53	0.6461538462	0.2626432002	I	65	0.6981132075	0.2530727833	I	53	10	3	0.3	2.99195	0.9973166667	2,4,10	5,26,103	2.99245	5	2.3592235755	1.9854118866	0.8692046359		0.2330178843	4	0	0	unreachable:4	3.0696210866	45	17.8329914137	17.3386401259	3.36907128		1.8072015004	8	0	9	missing_state:9;unreachable:8	12.8421473244	1.6985494345	7.560655618	0.01049788	0.04761905	0.05426357	0.05426357	0.05426357	0.952381	0.02188921	0.02188921	0.02188921
84	PLACEHOLDER	fg	any2spe	768	no	any	T	0,1,2,3,4,5,6,7,8,9,10,11,12,13,14,15,16,17,18,19	16	15	16	S:2.99255	T:2.99255	769T	2.9925452688	clade	2	0.5	raw	endpoint	expected_endpoint_events	ECMK07+F	marginal_posterior_product	exploratory_poisson_lrt	ok	posterior_sum	all	full_scan	20	7001	multiprocessing	1	20	0		769	1.0	1.0	0.5005149331	0.8571428571	0.1524023849	S	70	0.8965517241	0.1265814031	S	58	0.8571428571	0.1524023849	S	70	0.8965517241	0.1265814031	S	58	10	3	0.3	2.9925452688	0.9975150896	2,4,8	5,26,123	3.0011351976	6	2.3592235755	1.9854118866	0.8692046359		0.1874425597	0	0	0		4.0033889577	28	17.8329914137	17.3386401259	3.36907128		1.6209588007	0	0	1	missing_state:1	16.0109593183	2.469766015	6.4827838836	0.01331055	0.04761905	0.05426357	0.05426357	0.05426357	0.952381	0.02671183	0.02671183	0.02671183
34	PLACEHOLDER	fg	any2spe	516	no	any	R	0,1,2,3,4,5,6,7,8,9,10,11,12,13,14,15,16,17,18,19	14	6	14	H:1.99748	R:1.99748	517R	1.99748	clade	2	0.5	raw	endpoint	expected_endpoint_events	ECMK07+F	marginal_posterior_product	exploratory_poisson_lrt	ok	posterior_sum	all	full_scan	20	7001	multiprocessing	1	20	0		517	1.0	1.0	0.5005149331	0.5692307692	0.4074011108	H	65	0.5471698113	0.4192193447	H	53	0.5692307692	0.4074011108	H	65	0.5471698113	0.4192193447	H	53	10	2	0.2	1.99748	0.99874	2,10	5,103	2.5115538736	5	2.3592235755	1.9854118866	0.8692046359		0.1036823128	0	0	0		2.0244770613	29	17.8329914137	17.3386401259	3.36907128		0.7559613091	12	0	9	missing_state:9;unreachable:12	24.2235517882	2.6780167674	9.0453323831	0.01335592	0.04761905	0.05426357	0.05426357	0.05426357	0.952381	0.02671183	0.02671183	0.02671183
63	PLACEHOLDER	fg	any2spe	626	no	any	Q	0,1,2,3,4,5,6,7,8,9,10,11,12,13,14,15,16,17,18,19	13	8	13	K:1.99131	Q:1.99131	627Q	1.99131	clade	2	0.5	raw	endpoint	expected_endpoint_events	ECMK07+F	marginal_posterior_product	exploratory_poisson_lrt	ok	posterior_sum	all	full_scan	20	7001	multiprocessing	1	20	0		627	1.0	1.0	0.5005149331	0.8	0.2243693844	K	65	0.7924528302	0.2230942285	K	53	0.8	0.2243693844	K	65	0.7924528302	0.2230942285	K	53	10	2	0.2	1.99131	0.995655	6,10	35,103	1.99168	2	2.3592235755	1.9854118866	0.8692046359		0.1263070559	0	0	0		1.0109971872	17	17.8329914137	17.3386401259	3.36907128		0.899335994	0	0	9	missing_state:9	15.7685569118	1.1241595954	14.0269735508	0.01446339	0.04761905	0.05426357	0.05426357	0.05426357	0.952381	0.02793095	0.02793095	0.02793095
69	PLACEHOLDER	fg	any2spe	687	no	any	S	0,1,2,3,4,5,6,7,8,9,10,11,12,13,14,15,16,17,18,19	15	16	15	T:1.96022	S:1.96022	688S	1.96022	clade	2	0.5	raw	endpoint	expected_endpoint_events	ECMK07+F	marginal_posterior_product	exploratory_poisson_lrt	ok	posterior_sum	all	full_scan	20	7001	multiprocessing	1	20	0		688	1.0	1.0	0.5005149331	0.9565217391	0.0596998985	T	69	0.9824561404	0.0294818676	T	57	0.9565217391	0.0596998985	T	69	0.9824561404	0.0294818676	T	57	10	2	0.2	1.96022	0.98011	6,8	35,95	1.9844078517	4	2.3592235755	1.9854118866	0.8692046359		0.2520230616	0	0	0		1.0158395286	14	17.8329914137	17.3386401259	3.36907128		1.808481189	0	0	4	missing_state:4	7.8739137567	0.5617086508	14.0177897316	0.01453549	0.04761905	0.05426357	0.05426357	0.05426357	0.952381	0.02793095	0.02793095	0.02793095
70	PLACEHOLDER	fg	any2spe	712	no	any	T	0,1,2,3,4,5,6,7,8,9,10,11,12,13,14,15,16,17,18,19	16	0	16	A:1.99077	T:1.99077	713T	1.99077	clade	2	0.5	raw	endpoint	expected_endpoint_events	ECMK07+F	marginal_posterior_product	exploratory_poisson_lrt	ok	posterior_sum	all	full_scan	20	7001	multiprocessing	1	20	0		713	1.0	1.0	0.5005149331	0.6231884058	0.4447592777	A	69	0.6315789474	0.4353077256	A	57	0.6231884058	0.4447592777	A	69	0.6315789474	0.4353077256	A	57	10	2	0.2	1.99077	0.995385	3,10	12,103	1.991069999	4	2.3592235755	1.9854118866	0.8692046359		0.087259364	0	0	0		1.0150964018	22	17.8329914137	17.3386401259	3.36907128		0.6130642049	0	0	4	missing_state:4	22.817837626	1.6557750292	13.7807595978	0.01491695	0.04761905	0.05426357	0.05426357	0.05426357	0.952381	0.02796147	0.02796147	0.02796147
26	PLACEHOLDER	fg	any2spe	504	no	any	M	0,1,2,3,4,5,6,7,8,9,10,11,12,13,14,15,16,17,18,19	10	8,13	10	K:1.98665,Q:0.99653	M:2.98318	505M	2.98318	clade	2	0.5	raw	endpoint	expected_endpoint_events	ECMK07+F	marginal_posterior_product	exploratory_poisson_lrt	ok	posterior_sum	all	full_scan	20	7001	multiprocessing	1	20	0		505	1.0	1.0	0.5005149331	0.4307692308	0.4017308391	K	65	0.4528301887	0.3904319122	K	53	0.4307692308	0.4017308391	K	65	0.4528301887	0.3904319122	K	53	10	3	0.3	2.98318	0.9943933333	2,8,10	5,95,103	2.9907499681	4	2.3592235755	1.9854118866	0.8692046359		0.0371493657	0	0	0		2.009399752	17	17.8329914137	17.3386401259	3.36907128		0.1850187119	0	0	9	missing_state:9	80.5060844412	10.8605217912	7.4127271221	0.01512202	0.0952381	0.1003584	0.1003584	0.1003584	0.952381	0.02796147	0.02796147	0.02796147
59	PLACEHOLDER	fg	any2spe	620	no	any	Q	0,1,2,3,4,5,6,7,8,9,10,11,12,13,14,15,16,17,18,19	13	3	13	E:1.99612	Q:1.99612	621Q	1.99612	clade	2	0.5	raw	endpoint	expected_endpoint_events	ECMK07+F	marginal_posterior_product	exploratory_poisson_lrt	ok	posterior_sum	all	full_scan	20	7001	multiprocessing	1	20	0		621	1.0	1.0	0.5005149331	0.8769230769	0.1645429772	E	65	0.9245283019	0.1034833131	E	53	0.8769230769	0.1645429772	E	65	0.9245283019	0.1034833131	E	53	10	2	0.2	1.99612	0.99806	2,7	5,40	1.9963999984	4	2.3592235755	1.9854118866	0.8692046359		0.1633060765	0	0	0		1.0058134276	28	17.8329914137	17.3386401259	3.36907128		1.1062961425	0	0	9	missing_state:9	12.2248972043	0.9091719559	13.4461881777	0.01564814	0.04761905	0.05426357	0.05426357	0.05426357	0.952381	0.02827231	0.02827231	0.02827231
42	PLACEHOLDER	fg	any2spe	564	no	any	R	0,1,2,3,4,5,6,7,8,9,10,11,12,13,14,15,16,17,18,19	14	8	14	K:1.97147	R:1.97147	565R	1.9714735604	clade	2	0.5	raw	endpoint	expected_endpoint_events	ECMK07+F	marginal_posterior_product	exploratory_poisson_lrt	ok	posterior_sum	all	full_scan	20	7001	multiprocessing	1	20	0		565	1.0	1.0	0.5005149331	0.9230769231	0.0905252367	K	65	0.9622641509	0.0536364893	K	53	0.9230769231	0.0905252367	K	65	0.9622641509	0.0536364893	K	53	10	2	0.2	1.9714735604	0.9857367802	5,8	33,123	2.0085910382	5	2.3592235755	1.9854118866	0.8692046359		0.3598143229	0	0	0		1.0870974591	36	17.8329914137	17.3386401259	3.36907128		2.4858269258	0	0	9	missing_state:9	5.5822987311	0.4373182412	12.7648430944	0.01609607	0.04761905	0.05426357	0.05426357	0.05426357	0.952381	0.02827231	0.02827231	0.02827231
4	PLACEHOLDER	fg	any2spe	83	no	any	L	0,1,2,3,4,5,6,7,8,9,10,11,12,13,14,15,16,17,18,19	9	10,17	9	V:0.99978,M:0.99725	L:1.99703	84L	1.99703	clade	2	0.5	raw	endpoint	expected_endpoint_events	ECMK07+F	marginal_posterior_product	exploratory_poisson_lrt	ok	posterior_sum	all	full_scan	20	7001	multiprocessing	1	20	0		84	1.0	1.0	0.5005149331	0.358974359	0.4959350194	V	39	0.4193548387	0.4710400747	V	31	0.358974359	0.4959350194	V	39	0.4193548387	0.4710400747	V	31	10	2	0.2	1.99703	0.998515	2,7	5,40	1.99713	2	2.3592235755	1.9854118866	0.8692046359		0.0890518085	0	0	6	missing_state:6	2.0592860516	22	17.8329914137	17.3386401259	3.36907128		0.9563613661	0	0	56	missing_state:56	22.4266079874	2.153250983	10.4152317422	0.01615561	0.04761905	0.05426357	0.05426357	0.05426357	0.952381	0.02827231	0.02827231	0.02827231
21	PLACEHOLDER	fg	any2spe	463	no	any	I	0,1,2,3,4,5,6,7,8,9,10,11,12,13,14,15,16,17,18,19	7	9	7	L:1.94332	I:1.94332	464I	1.9433150863	clade	2	0.5	raw	endpoint	expected_endpoint_events	ECMK07+F	marginal_posterior_product	exploratory_poisson_lrt	ok	posterior_sum	all	full_scan	20	7001	multiprocessing	1	20	0		464	1.0	1.0	0.5005149331	0.5166666667	0.3363316772	L	60	0.5918367347	0.2963174137	L	49	0.5166666667	0.3363316772	L	60	0.5918367347	0.2963174137	L	49	10	2	0.2	1.9433150863	0.9716575431	4,8	26,124	2.0438661197	6	2.3592235755	1.9854118866	0.8692046359		0.1073736589	0	0	1	missing_state:1	2.0323539203	35	17.8329914137	17.3386401259	3.36907128		1.0641661253	0	0	18	missing_state:18	19.0350793739	1.9098088842	9.9670074484	0.01686224	0.1428571	0.1458333	0.1458333	0.1458333	0.952381	0.02899122	0.02899122	0.02899122
20	PLACEHOLDER	fg	any2spe	461	no	any	E	0,1,2,3,4,5,6,7,8,9,10,11,12,13,14,15,16,17,18,19	3	2	3	D:1.98494	E:1.98494	462E	1.98494	clade	2	0.5	raw	endpoint	expected_endpoint_events	ECMK07+F	marginal_posterior_product	exploratory_poisson_lrt	ok	posterior_sum	all	full_scan	20	7001	multiprocessing	1	20	0		462	1.0	1.0	0.5005149331	0.9333333333	0.0942737904	D	60	0.9591836735	0.0663682732	D	49	0.9333333333	0.0942737904	D	60	0.9591836735	0.0663682732	D	49	10	2	0.2	1.98494	0.99247	2,7	5,40	1.98498	2	2.3592235755	1.9854118866	0.8692046359		0.317351879	0	0	1	missing_state:1	1.0172992298	23	17.8329914137	17.3386401259	3.36907128		2.0693208603	0	0	18	missing_state:18	6.2548235306	0.4916101941	12.72313635	0.0173919	0.04761905	0.05426357	0.05426357	0.05426357	0.952381	0.02938631	0.02938631	0.02938631
88	PLACEHOLDER	fg	any2spe	806	no	any	F	0,1,2,3,4,5,6,7,8,9,10,11,12,13,14,15,16,17,18,19	4	7	4	I:1.56861	F:1.56861	807F	1.568607368	clade	2	0.5	raw	endpoint	expected_endpoint_events	ECMK07+F	marginal_posterior_product	exploratory_poisson_lrt	ok	posterior_sum	all	full_scan	20	7001	multiprocessing	1	20	0		807	1.0	1.0	0.5005149331	0.5942028986	0.3605083554	L	69	0.6140350877	0.3080625353	L	57	0.5942028986	0.3605083554	L	69	0.6140350877	0.3080625353	L	57	10	2	0.2	1.568607368	0.784303684	5,8	33,124	1.6022455339	6	2.3592235755	1.9854118866	0.8692046359		0.050044463	0	0	0		1.4129006717	17	17.8329914137	17.3386401259	3.36907128		0.6298015753	0	0	2	missing_state:2	32.0164397359	2.2434060616	14.2713529592	0.01788061	0.0952381	0.1003584	0.1003584	0.1003584	0.952381	0.02940478	0.02940478	0.02940478
43	PLACEHOLDER	fg	any2spe	569	no	any	K	0,1,2,3,4,5,6,7,8,9,10,11,12,13,14,15,16,17,18,19	8	3	8	E:1.98897	K:1.98897	570K	1.98897	clade	2	0.5	raw	endpoint	expected_endpoint_events	ECMK07+F	marginal_posterior_product	exploratory_poisson_lrt	ok	posterior_sum	all	full_scan	20	7001	multiprocessing	1	20	0		570	1.0	1.0	0.5005149331	0.6923076923	0.2494569061	E	65	0.7735849057	0.2002355967	E	53	0.6923076923	0.2494569061	E	65	0.7735849057	0.2002355967	E	53	10	2	0.2	1.98897	0.994485	5,10	33,103	1.9943099973	3	2.3592235755	1.9854118866	0.8692046359		0.1373204928	0	0	0		1.0071389538	24	17.8329914137	17.3386401259	3.36907128		0.8654714833	0	0	9	missing_state:9	14.5230326269	1.1636882015	12.4801751949	0.01800293	0.04761905	0.05426357	0.05426357	0.05426357	0.952381	0.02940478	0.02940478	0.02940478
83	PLACEHOLDER	fg	any2spe	763	no	any	G	0,1,2,3,4,5,6,7,8,9,10,11,12,13,14,15,16,17,18,19	5	15	5	S:1.9996	G:1.9996	764G	1.9996	clade	2	0.5	raw	endpoint	expected_endpoint_events	ECMK07+F	marginal_posterior_product	exploratory_poisson_lrt	ok	posterior_sum	all	full_scan	20	7001	multiprocessing	1	20	0		764	1.0	1.0	0.5005149331	0.7	0.2993729399	S	70	0.7586206897	0.2753344148	S	58	0.7	0.2993729399	S	70	0.7586206897	0.2753344148	S	58	10	2	0.2	1.9996	0.9998	2,4	5,26	2.0885365546	8	2.3592235755	1.9854118866	0.8692046359		0.0878644062	0	0	0		2.2279955563	15	17.8329914137	17.3386401259	3.36907128		0.8540864288	12	0	1	missing_state:1;unreachable:12	23.769995665	2.6086300884	9.1120606831	0.01833649	0.04761905	0.05426357	0.05426357	0.05426357	0.952381	0.02945862	0.02945862	0.02945862
46	PLACEHOLDER	fg	any2spe	570	no	any	S	0,1,2,3,4,5,6,7,8,9,10,11,12,13,14,15,16,17,18,19	15	0	15	A:2.12482	S:2.12482	571S	2.12482	clade	2	0.5	raw	endpoint	expected_endpoint_events	ECMK07+F	marginal_posterior_product	exploratory_poisson_lrt	ok	posterior_sum	all	full_scan	20	7001	multiprocessing	1	20	0		571	1.0	1.0	0.5005149331	0.6	0.4427778942	A	65	0.679245283	0.3713232308	A	53	0.6	0.4427778942	A	65	0.679245283	0.3713232308	A	53	10	2	0.2	1.44705	0.723525	2,8	5,90,122	2.6795310043	7	2.3592235755	1.9854118866	0.8692046359		0.1201186415	0	0	0		4.4363998746	38	17.8329914137	17.3386401259	3.36907128		1.1914789288	0	0	9	missing_state:9	22.3073702053	3.7234396408	5.9910653475	0.01977961	0.04761905	0.05426357	0.05426357	0.05426357	0.952381	0.03126455	0.03126455	0.03126455
49	PLACEHOLDER	fg	any2spe	575	no	any	I	0,1,2,3,4,5,6,7,8,9,10,11,12,13,14,15,16,17,18,19	7	17	7	V:1.97819	I:1.97819	576I	1.97819	clade	2	0.5	raw	endpoint	expected_endpoint_events	ECMK07+F	marginal_posterior_product	exploratory_poisson_lrt	ok	posterior_sum	all	full_scan	20	7001	multiprocessing	1	20	0		576	1.0	1.0	0.5005149331	0.4615384615	0.3916848369	V	65	0.4339622642	0.3799467785	V	53	0.4615384615	0.3916848369	V	65	0.4339622642	0.3799467785	V	53	10	2	0.2	1.97819	0.989095	3,8	12,90	1.98028	3	2.3592235755	1.9854118866	0.8692046359		0.2369822974	0	0	0		1.0833931333	40	17.8329914137	17.3386401259	3.36907128		1.490224258	0	0	9	missing_state:9	8.3562359783	0.7270000656	11.4941337336	0.02014264	0.04761905	0.05426357	0.05426357	0.05426357	0.952381	0.031333	0.031333	0.031333
41	PLACEHOLDER	fg	any2spe	552	no	any	I	0,1,2,3,4,5,6,7,8,9,10,11,12,13,14,15,16,17,18,19	7	17	7	V:2.99159	I:2.99159	553I	2.99159	clade	2	0.5	raw	endpoint	expected_endpoint_events	ECMK07+F	marginal_posterior_product	exploratory_poisson_lrt	ok	posterior_sum	all	full_scan	20	7001	multiprocessing	1	20	0		553	1.0	1.0	0.5005149331	0.7846153846	0.1739154215	V	65	0.8679245283	0.1302897252	V	53	0.7846153846	0.1739154215	V	65	0.8679245283	0.1302897252	V	53	10	3	0.3	2.99159	0.9971966667	4,7,8	26,40,95	3.2134099607	7	2.3592235755	1.9854118866	0.8692046359		0.203575322	2	0	0	unreachable:2	5.4095429201	45	17.8329914137	17.3386401259	3.36907128		1.6373817247	0	0	9	missing_state:9	15.7848698426	3.3037762902	4.7778264798	0.02233142	0.04761905	0.05426357	0.05426357	0.05426357	0.952381	0.03405358	0.03405358	0.03405358
79	PLACEHOLDER	fg	any2spe	746	no	any	T	0,1,2,3,4,5,6,7,8,9,10,11,12,13,14,15,16,17,18,19	16	9	16	L:1.99678	T:1.99678	747T	1.99678	clade	2	0.5	raw	endpoint	expected_endpoint_events	ECMK07+F	marginal_posterior_product	exploratory_poisson_lrt	ok	posterior_sum	all	full_scan	20	7001	multiprocessing	1	20	0		747	1.0	1.0	0.5005149331	0.4857142857	0.3221780869	L	70	0.4827586207	0.3249808749	L	58	0.4857142857	0.3221780869	L	70	0.4827586207	0.3249808749	L	58	10	2	0.2	1.99678	0.99839	6,10	35,103	1.99918	4	2.3592235755	1.9854118866	0.8692046359		0.0111589116	3	0	0	unreachable:3	3.8954404486	26	17.8329914137	17.3386401259	3.36907128		0.1660650803	31	0	1	missing_state:1;unreachable:31	179.1554658205	23.4573122865	7.6375103692	0.02258656	0.04761905	0.05426357	0.05426357	0.05426357	0.952381	0.03405358	0.03405358	0.03405358
18	PLACEHOLDER	fg	any2spe	426	no	any	Q	0,1,2,3,4,5,6,7,8,9,10,11,12,13,14,15,16,17,18,19	13	14	13	R:1.98823	Q:1.98823	427Q	1.98823	clade	2	0.5	raw	endpoint	expected_endpoint_events	ECMK07+F	marginal_posterior_product	exploratory_poisson_lrt	ok	posterior_sum	all	full_scan	20	7001	multiprocessing	1	20	0		427	1.0	1.0	0.5005149331	0.6086956522	0.3606656922	R	46	0.6666666667	0.3056048261	R	36	0.6086956522	0.3606656922	R	46	0.6666666667	0.3056048261	R	36	10	2	0.2	1.98823	0.994115	2,10	5,103	1.98834	2	2.3592235755	1.9854118866	0.8692046359		0.1027264907	0	0	2	missing_state:2	1.0134588844	20	17.8329914137	17.3386401259	3.36907128		0.5702895554	0	0	45	missing_state:45	19.3556694667	1.7770952926	10.8917453933	0.0231353	0.04761905	0.05426357	0.05426357	0.05426357	0.952381	0.03435242	0.03435242	0.03435242
28	PLACEHOLDER	fg	any2spe	506	no	any	Y	0,1,2,3,4,5,6,7,8,9,10,11,12,13,14,15,16,17,18,19	19	3	19	E:1.77656	Y:1.77656	507Y	1.77656	clade	2	0.5	raw	endpoint	expected_endpoint_events	ECMK07+F	marginal_posterior_product	exploratory_poisson_lrt	ok	posterior_sum	all	full_scan	20	7001	multiprocessing	1	20	0		507	1.0	1.0	0.5005149331	0.7230769231	0.2574718926	E	65	0.7547169811	0.2298454962	E	53	0.7230769231	0.2574718926	E	65	0.7547169811	0.2298454962	E	53	10	2	0.2	1.77656	0.88828	2,10	5,103	1.77728	2	2.3592235755	1.9854118866	0.8692046359		0.0081454156	0	0	0		1.1733549366	8	17.8329914137	17.3386401259	3.36907128		0.0585165805	0	0	9	missing_state:9	218.1939009506	20.0516661689	10.8815845582	0.02544033	0.04761905	0.05426357	0.05426357	0.05426357	0.952381	0.03721123	0.03721123	0.03721123
53	PLACEHOLDER	fg	any2spe	585	no	any	I	0,1,2,3,4,5,6,7,8,9,10,11,12,13,14,15,16,17,18,19	7	10,14	7	R:0.99997,M:0.99438	I:1.99435	586I	1.99435	clade	2	0.5	raw	endpoint	expected_endpoint_events	ECMK07+F	marginal_posterior_product	exploratory_poisson_lrt	ok	posterior_sum	all	full_scan	20	7001	multiprocessing	1	20	0		586	1.0	1.0	0.5005149331	0.4153846154	0.4596055273	R	65	0.4150943396	0.4401214455	R	53	0.4153846154	0.4596055273	R	65	0.4150943396	0.4401214455	R	53	10	2	0.2	1.99435	0.997175	4,8	26,95	1.9999898934	4	2.3592235755	1.9854118866	0.8692046359		0.0594330454	0	0	0		1.0127399565	16	17.8329914137	17.3386401259	3.36907128		0.3059520736	0	0	9	missing_state:9	33.651142754	3.3101261404	10.1661209654	0.02598122	0.0952381	0.1003584	0.1003584	0.1003584	0.952381	0.03744352	0.03744352	0.03744352
11	PLACEHOLDER	fg	any2spe	305	no	any	V	0,1,2,3,4,5,6,7,8,9,10,11,12,13,14,15,16,17,18,19	17	1	17	C:1.70239	V:1.70239	306V	1.70239	clade	2	0.5	raw	endpoint	expected_endpoint_events	ECMK07+F	marginal_posterior_product	exploratory_poisson_lrt	ok	posterior_sum	all	full_scan	20	7001	multiprocessing	1	20	0		306	1.0	1.0	0.5005149331	0.9111111111	0.1001289585	C	45	1.0	-0.0	C	35	0.9111111111	0.1001289585	C	45	1.0	-0.0	C	35	10	2	0.2	1.70239	0.851195	2,10	5,103	1.70423	4	2.3592235755	1.9854118866	0.8692046359		0.0432076604	0	0	2	missing_state:2	1.208926794	7	17.8329914137	17.3386401259	3.36907128		0.2870970041	0	0	47	missing_state:47	39.4427743369	4.210865237	9.3669049274	0.03426462	0.04761905	0.05426357	0.05426357	0.05426357	0.952381	0.04866569	0.04866569	0.04866569
25	PLACEHOLDER	fg	any2spe	502	no	any	L	0,1,2,3,4,5,6,7,8,9,10,11,12,13,14,15,16,17,18,19	9	4	9	F:1.99507	L:1.99507	503L	1.99507	clade	2	0.5	raw	endpoint	expected_endpoint_events	ECMK07+F	marginal_posterior_product	exploratory_poisson_lrt	ok	posterior_sum	all	full_scan	20	7001	multiprocessing	1	20	0		503	1.0	1.0	0.5005149331	0.8769230769	0.1399934037	L	65	0.8867924528	0.1178908364	L	53	0.8769230769	0.1399934037	L	65	0.8867924528	0.1178908364	L	53	10	2	0.2	1.99507	0.997535	4,6	26,35	2.0489808198	6	2.3592235755	1.9854118866	0.8692046359		0.0938619434	6	0	0	unreachable:6	0.0386548716	32	17.8329914137	17.3386401259	3.36907128		0.1338302426	73	0	9	missing_state:9;unreachable:73	21.8297293484	0.2888351007	75.5785196929	0.03490278	0.04761905	0.05426357	0.05426357	0.05426357	0.952381	0.04878519	0.04878519	0.04878519
94	PLACEHOLDER	fg	any2spe	876	no	any	E	0,1,2,3,4,5,6,7,8,9,10,11,12,13,14,15,16,17,18,19	3	2	3	D:2.97298	E:2.97298	877E	2.97298	clade	2	0.5	raw	endpoint	expected_endpoint_events	ECMK07+F	marginal_posterior_product	exploratory_poisson_lrt	ok	posterior_sum	all	full_scan	20	7001	multiprocessing	1	20	0		877	1.0	1.0	0.5005149331	0.7611940299	0.2314768666	D	67	0.8181818182	0.2069358834	D	55	0.7611940299	0.2314768666	D	67	0.8181818182	0.2069358834	D	55	10	3	0.3	2.97298	0.9909933333	4,6,8	26,35,90	2.997020053	6	2.3592235755	1.9854118866	0.8692046359		0.3135891875	2	0	0	unreachable:2	6.056151762	49	17.8329914137	17.3386401259	3.36907128		2.6041999091	0	0	6	missing_state:6	9.5571536673	2.325532591	4.1096623219	0.03569343	0.0952381	0.1003584	0.1003584	0.1003584	0.952381	0.04878519	0.04878519	0.04878519
29	PLACEHOLDER	fg	any2spe	508	no	any	V	0,1,2,3,4,5,6,7,8,9,10,11,12,13,14,15,16,17,18,19	17	7	17	I:2.98745	V:2.98745	509V	2.98745	clade	2	0.5	raw	endpoint	expected_endpoint_events	ECMK07+F	marginal_posterior_product	exploratory_poisson_lrt	ok	posterior_sum	all	full_scan	20	7001	multiprocessing	1	20	0		509	1.0	1.0	0.5005149331	0.6153846154	0.2788574432	I	65	0.6037735849	0.2885369954	I	53	0.6153846154	0.2788574432	I	65	0.6037735849	0.2885369954	I	53	10	3	0.3	2.98745	0.9958166667	2,5,10	5,33,103	2.9893850877	6	2.3592235755	1.9854118866	0.8692046359		0.3328030044	0	0	0		4.0607639224	50	17.8329914137	17.3386401259	3.36907128		1.9807731291	16	0	9	missing_state:9;unreachable:16	8.9824462163	2.0500903727	4.3814879266	0.03584218	0.04761905	0.05426357	0.05426357	0.05426357	0.952381	0.04878519	0.04878519	0.04878519
73	PLACEHOLDER	fg	any2spe	719	no	any	V	0,1,2,3,4,5,6,7,8,9,10,11,12,13,14,15,16,17,18,19	17	7	17	I:1.99407	V:1.99407	720V	1.99407	clade	2	0.5	raw	endpoint	expected_endpoint_events	ECMK07+F	marginal_posterior_product	exploratory_poisson_lrt	ok	posterior_sum	all	full_scan	20	7001	multiprocessing	1	20	0		720	1.0	1.0	0.5005149331	0.6714285714	0.339679262	V	70	0.6724137931	0.3410564556	V	58	0.6714285714	0.339679262	V	70	0.6724137931	0.3410564556	V	58	10	2	0.2	1.99407	0.997035	4,6	26,35	2.0052499792	7	2.3592235755	1.9854118866	0.8692046359		0.1251132974	3	0	0	unreachable:3	0.2214280848	73	17.8329914137	17.3386401259	3.36907128		0.2354244495	27	0	1	missing_state:1;unreachable:27	16.0274728708	0.9405483807	17.0405618676	0.04186127	0.04761905	0.05426357	0.05426357	0.05426357	0.952381	0.05619732	0.05619732	0.05619732
92	PLACEHOLDER	fg	any2spe	865	no	any	Q	0,1,2,3,4,5,6,7,8,9,10,11,12,13,14,15,16,17,18,19	13	8	13	K:1.99748	Q:1.99748	866Q	1.99748	clade	2	0.5	raw	endpoint	expected_endpoint_events	ECMK07+F	marginal_posterior_product	exploratory_poisson_lrt	ok	posterior_sum	all	full_scan	20	7001	multiprocessing	1	20	0		866	1.0	1.0	0.5005149331	0.6865671642	0.2723261393	K	67	0.7090909091	0.2597257521	K	55	0.6865671642	0.2723261393	K	67	0.7090909091	0.2597257521	K	55	10	2	0.2	1.99748	0.99874	1,2	1,5	2.0095182822	6	2.3592235755	1.9854118866	0.8692046359		0.0899279017	0	0	0		3.1067875803	32	17.8329914137	17.3386401259	3.36907128		0.7553364192	10	0	6	missing_state:6;unreachable:10	22.3458820297	4.1131176802	5.4328331371	0.04572627	0.04761905	0.05426357	0.05426357	0.05426357	0.952381	0.05985794	0.05985794	0.05985794
32	PLACEHOLDER	fg	any2spe	513	no	any	G	0,1,2,3,4,5,6,7,8,9,10,11,12,13,14,15,16,17,18,19	5	2	5	D:1.9985	G:1.9985	514G	1.9985	clade	2	0.5	raw	endpoint	expected_endpoint_events	ECMK07+F	marginal_posterior_product	exploratory_poisson_lrt	ok	posterior_sum	all	full_scan	20	7001	multiprocessing	1	20	0		514	1.0	1.0	0.5005149331	0.5230769231	0.3037936179	D	65	0.5283018868	0.3142390859	D	53	0.5230769231	0.3037936179	D	65	0.5283018868	0.3142390859	D	53	10	2	0.2	1.9985	0.99925	1,2	1,5	2.49274	3	2.3592235755	1.9854118866	0.8692046359		0.0402668919	5	0	0	unreachable:5	4.2710020497	29	17.8329914137	17.3386401259	3.36907128		0.3013341384	29	0	9	missing_state:9;unreachable:29	61.9054484885	14.1736414993	4.3676459921	0.0463335	0.04761905	0.05426357	0.05426357	0.05426357	0.952381	0.05985794	0.05985794	0.05985794
74	PLACEHOLDER	fg	any2spe	720	no	any	I	0,1,2,3,4,5,6,7,8,9,10,11,12,13,14,15,16,17,18,19	7	17	7	V:2.96298	I:2.96298	721I	2.96298	clade	2	0.5	raw	endpoint	expected_endpoint_events	ECMK07+F	marginal_posterior_product	exploratory_poisson_lrt	ok	posterior_sum	all	full_scan	20	7001	multiprocessing	1	20	0		721	1.0	1.0	0.5005149331	0.8063380282	0.22829344	V	71	0.8516949153	0.1905961067	V	59	0.8063380282	0.22829344	V	71	0.8516949153	0.1905961067	V	59	10	3	0.3	2.96298	0.98766	2,4,5	5,26,33	2.9630799976	5	2.3592235755	1.9854118866	0.8692046359		0.280965026	0	0	0		6.0696239835	44	17.8329914137	17.3386401259	3.36907128		2.1373418067	0	0	0		10.546081268	2.8398003372	3.7136699823	0.04642044	0.04761905	0.05426357	0.05426357	0.05426357	0.952381	0.05985794	0.05985794	0.05985794
6	PLACEHOLDER	fg	any2spe	158	no	any	I	0,1,2,3,4,5,6,7,8,9,10,11,12,13,14,15,16,17,18,19	7	17	7	V:1.8948	I:1.8948	159I	1.8948	clade	2	0.5	raw	endpoint	expected_endpoint_events	ECMK07+F	marginal_posterior_product	exploratory_poisson_lrt	ok	posterior_sum	all	full_scan	20	7001	multiprocessing	1	20	0		159	1.0	1.0	0.5005149331	0.7906976744	0.1712539002	V	43	0.9090909091	0.1016900275	V	33	0.7906976744	0.1712539002	V	43	0.9090909091	0.1016900275	V	33	10	2	0.2	1.8948	0.9474	1,2	1,5	1.9130299998	6	2.3592235755	1.9854118866	0.8692046359		0.139584812	0	0	3	missing_state:3	3.5483557304	38	17.8329914137	17.3386401259	3.36907128		1.3670637338	0	0	50	missing_state:50	13.7051443629	2.5956037328	5.2801374069	0.04960425	0.04761905	0.05426357	0.05426357	0.05426357	1.0	0.06313268	0.06313268	0.06313268
23	PLACEHOLDER	fg	any2spe	488	no	any	V	0,1,2,3,4,5,6,7,8,9,10,11,12,13,14,15,16,17,18,19	17	9	17	L:1.99003	V:1.99003	489V	1.99003	clade	2	0.5	raw	endpoint	expected_endpoint_events	ECMK07+F	marginal_posterior_product	exploratory_poisson_lrt	ok	posterior_sum	all	full_scan	20	7001	multiprocessing	1	20	0		489	1.0	1.0	0.5005149331	0.7692307692	0.2105733322	L	65	0.7735849057	0.2002355967	L	53	0.7692307692	0.2105733322	L	65	0.7735849057	0.2002355967	L	53	10	2	0.2	1.99003	0.995015	4,8	26,95	1.999958572	4	2.3592235755	1.9854118866	0.8692046359		0.1029246515	0	0	0		2.0174643027	22	17.8329914137	17.3386401259	3.36907128		0.5766760188	10	0	9	missing_state:9;unreachable:10	19.4312882652	3.4984362745	5.5542781805	0.05199507	0.0952381	0.1003584	0.1003584	0.1003584	1.0	0.06532714	0.06532714	0.06532714
30	PLACEHOLDER	fg	any2spe	511	no	any	A	0,1,2,3,4,5,6,7,8,9,10,11,12,13,14,15,16,17,18,19	0	17	0	V:1.6943	A:1.6943	512A	1.6943	clade	2	0.5	raw	endpoint	expected_endpoint_events	ECMK07+F	marginal_posterior_product	exploratory_poisson_lrt	ok	posterior_sum	all	full_scan	20	7001	multiprocessing	1	20	0		512	1.0	1.0	0.5005149331	0.9230769231	0.1033743469	V	65	0.9622641509	0.0536364893	V	53	0.9230769231	0.1033743469	V	65	0.9622641509	0.0536364893	V	53	10	2	0.2	1.6943	0.84715	2,10	5,103	1.69444	2	2.3592235755	1.9854118866	0.8692046359		0.1460562092	0	0	0		2.2145748214	14	17.8329914137	17.3386401259	3.36907128		1.1133852503	0	0	9	missing_state:9	11.601286992	1.9890463079	5.8325876809	0.05701603	0.04761905	0.05426357	0.05426357	0.05426357	1.0	0.07072874	0.07072874	0.07072874
36	PLACEHOLDER	fg	any2spe	519	no	any	A	0,1,2,3,4,5,6,7,8,9,10,11,12,13,14,15,16,17,18,19	0	15	0	S:2.77028	A:2.77028	520A	2.77028	clade	2	0.5	raw	endpoint	expected_endpoint_events	ECMK07+F	marginal_posterior_product	exploratory_poisson_lrt	ok	posterior_sum	all	full_scan	20	7001	multiprocessing	1	20	0		520	1.0	1.0	0.5005149331	0.8461538462	0.1433115455	A	65	0.8679245283	0.1302897252	A	53	0.8461538462	0.1433115455	A	65	0.8679245283	0.1302897252	A	53	10	3	0.3	2.77028	0.9234266667	1,2,10	1,5,103	2.77038	4	2.3592235755	1.9854118866	0.8692046359		0.0723756684	7	0	0	unreachable:7	1.3552695665	50	17.8329914137	17.3386401259	3.36907128		0.1569477654	58	0	9	missing_state:9;unreachable:58	38.2777811908	8.6351631916	4.4327802893	0.06928063	0.04761905	0.05426357	0.05426357	0.05426357	1.0	0.08486877	0.08486877	0.08486877
27	PLACEHOLDER	fg	any2spe	506	no	any	D	0,1,2,3,4,5,6,7,8,9,10,11,12,13,14,15,16,17,18,19	2	3	2	E:2.961	D:2.961	507D	2.961	clade	2	0.5	raw	endpoint	expected_endpoint_events	ECMK07+F	marginal_posterior_product	exploratory_poisson_lrt	ok	posterior_sum	all	full_scan	20	7001	multiprocessing	1	20	0		507	1.0	1.0	0.5005149331	0.7230769231	0.2574718926	E	65	0.7547169811	0.2298454962	E	53	0.7230769231	0.2574718926	E	65	0.7547169811	0.2298454962	E	53	10	3	0.3	2.961	0.987	4,6,8	26,35,122	2.9984648504	5	2.3592235755	1.9854118866	0.8692046359		0.2464501176	0	0	0		6.2486680274	52	17.8329914137	17.3386401259	3.36907128		1.5589662657	0	0	9	missing_state:9	12.166619677	4.0082124706	3.035422839	0.07248817	0.0952381	0.1003584	0.1003584	0.1003584	1.0	0.08770174	0.08770174	0.08770174
98	PLACEHOLDER	fg	any2spe	933	no	any	K	0,1,2,3,4,5,6,7,8,9,10,11,12,13,14,15,16,17,18,19	8	11,13	8	N:0.99673,Q:0.984877	K:1.98161	934K	1.9816071592	clade	2	0.5	raw	endpoint	expected_endpoint_events	ECMK07+F	marginal_posterior_product	exploratory_poisson_lrt	ok	posterior_sum	all	full_scan	20	7001	multiprocessing	1	20	0		934	1.0	1.0	0.5005149331	0.612244898	0.3884442608	K	49	0.641025641	0.3732597269	K	39	0.612244898	0.3884442608	K	49	0.641025641	0.3732597269	K	39	10	2	0.2	1.9816071592	0.9908035796	3,8	12,123	2.00642272	5	2.3592235755	1.9854118866	0.8692046359		0.0594297525	1	0	3	missing_state:3;unreachable:1	1.046205647	57	17.8329914137	17.3386401259	3.36907128		0.1685545065	11	0	37	missing_state:37;unreachable:11	33.7612498073	6.2069277673	5.4392851139	0.07352784	0.04761905	0.05426357	0.05426357	0.05426357	1.0	0.08787474	0.08787474	0.08787474
3	PLACEHOLDER	fg	any2spe	53	no	any	G	0,1,2,3,4,5,6,7,8,9,10,11,12,13,14,15,16,17,18,19	5	2	5	D:1.99833	G:1.99833	54G	1.99833	clade	2	0.5	raw	endpoint	expected_endpoint_events	ECMK07+F	marginal_posterior_product	exploratory_poisson_lrt	ok	posterior_sum	all	full_scan	20	7001	multiprocessing	1	20	0		54	1.0	1.0	0.5005149331	0.6	0.4423575203	D	40	0.6875	0.3491125868	D	32	0.6	0.4423575203	D	40	0.6875	0.3491125868	D	32	10	2	0.2	1.99833	0.999165	1,2	1,5	1.99863	2	2.3592235755	1.9854118866	0.8692046359		0.0476157044	0	0	6	missing_state:6	2.002263247	15	17.8329914137	17.3386401259	3.36907128		0.2049654243	0	0	55	missing_state:55	41.9741769424	9.768785413	4.2967651727	0.08076706	0.04761905	0.05426357	0.05426357	0.05426357	1.0	0.09536352	0.09536352	0.09536352
16	PLACEHOLDER	fg	any2spe	391	no	any	A	0,1,2,3,4,5,6,7,8,9,10,11,12,13,14,15,16,17,18,19	0	15,16	0	S:0.99363,T:0.983335	A:1.97697	392A	1.9769653829	clade	2	0.5	raw	endpoint	expected_endpoint_events	ECMK07+F	marginal_posterior_product	exploratory_poisson_lrt	ok	posterior_sum	all	full_scan	20	7001	multiprocessing	1	20	0		392	1.0	1.0	0.5005149331	0.4782608696	0.3637912863	S	46	0.4722222222	0.3407361717	S	36	0.4782608696	0.3637912863	S	46	0.4722222222	0.3407361717	S	36	10	2	0.2	1.9769653829	0.9884826915	2,8	5,123	2.0079123534	5	2.3592235755	1.9854118866	0.8692046359		0.1331965022	0	0	2	missing_state:2	2.0802412131	43	17.8329914137	17.3386401259	3.36907128		0.5752407081	2	0	45	missing_state:45;unreachable:2	15.0748129309	3.6162969411	4.1685771873	0.08338164	0.04761905	0.05426357	0.05426357	0.05426357	1.0	0.09727857	0.09727857	0.09727857
89	PLACEHOLDER	fg	any2spe	807	no	any	Q	0,1,2,3,4,5,6,7,8,9,10,11,12,13,14,15,16,17,18,19	13	6	13	H:1.99299	Q:1.99299	808Q	1.99299	clade	2	0.5	raw	endpoint	expected_endpoint_events	ECMK07+F	marginal_posterior_product	exploratory_poisson_lrt	ok	posterior_sum	all	full_scan	20	7001	multiprocessing	1	20	0		808	1.0	1.0	0.5005149331	0.3623188406	0.5172970904	H	69	0.4210526316	0.4857503465	H	57	0.3623188406	0.5172970904	H	69	0.4210526316	0.4857503465	H	57	10	2	0.2	1.99299	0.996495	5,6	33,35	2.5824208717	6	2.3592235755	1.9854118866	0.8692046359		0.0763705351	1	0	0	unreachable:1	7.7350626876	49	17.8329914137	17.3386401259	3.36907128		0.6662468814	13	0	2	missing_state:2;unreachable:13	33.8143613719	11.6099045318	2.912544309	0.08888125	0.04761905	0.05426357	0.05426357	0.05426357	1.0	0.1024749	0.1024749	0.1024749
93	PLACEHOLDER	fg	any2spe	871	no	any	I	0,1,2,3,4,5,6,7,8,9,10,11,12,13,14,15,16,17,18,19	7	17	7	V:1.98278	I:1.98278	872I	1.9827797358	clade	2	0.5	raw	endpoint	expected_endpoint_events	ECMK07+F	marginal_posterior_product	exploratory_poisson_lrt	ok	posterior_sum	all	full_scan	20	7001	multiprocessing	1	20	0		872	1.0	1.0	0.5005149331	0.7611940299	0.2021310552	V	67	0.8181818182	0.1780016569	V	55	0.7611940299	0.2021310552	V	67	0.8181818182	0.1780016569	V	55	10	2	0.2	1.9827797358	0.9913898679	2,8	5,123	2.0167953323	7	2.3592235755	1.9854118866	0.8692046359		0.2851591604	1	0	0	unreachable:1	5.026621933	48	17.8329914137	17.3386401259	3.36907128		2.4078660295	5	0	6	missing_state:6;unreachable:5	7.0725251451	2.0875837241	3.3879001179	0.09316747	0.04761905	0.05426357	0.05426357	0.05426357	1.0	0.1061676	0.1061676	0.1061676
2	PLACEHOLDER	fg	any2spe	10	no	any	M	0,1,2,3,4,5,6,7,8,9,10,11,12,13,14,15,16,17,18,19	10	9	10	L:1.53855	M:1.53855	11M	1.53855	clade	2	0.5	raw	endpoint	expected_endpoint_events	ECMK07+F	marginal_posterior_product	exploratory_poisson_lrt	ok	posterior_sum	all	full_scan	20	7001	multiprocessing	1	20	0		11	1.0	1.0	0.5005149331	0.4473684211	0.4427549748	L	38	0.5	0.4422581214	L	30	0.4473684211	0.4427549748	L	38	0.5	0.4422581214	L	30	10	2	0.2	1.53855	0.769275	1,2	1,5	1.53858	2	2.3592235755	1.9854118866	0.8692046359		0.0249620641	0	0	7	missing_state:7	5.591693658	38	17.8329914137	17.3386401259	3.36907128		0.3232666573	0	0	58	missing_state:58	61.6367297017	17.297464899	3.563338909	0.1099829	0.04761905	0.05426357	0.05426357	0.05426357	1.0	0.1238408	0.1238408	0.1238408
68	PLACEHOLDER	fg	any2spe	669	no	any	I	0,1,2,3,4,5,6,7,8,9,10,11,12,13,14,15,16,17,18,19	7	17	7	V:1.98783	I:1.98783	670I	1.98783	clade	2	0.5	raw	endpoint	expected_endpoint_events	ECMK07+F	marginal_posterior_product	exploratory_poisson_lrt	ok	posterior_sum	all	full_scan	20	7001	multiprocessing	1	20	0		670	1.0	1.0	0.5005149331	0.8615384615	0.1503674759	V	65	0.8867924528	0.1178908364	V	53	0.8615384615	0.1503674759	V	65	0.8867924528	0.1178908364	V	53	10	2	0.2	1.98783	0.993915	2,5	5,33	1.98787	2	2.3592235755	1.9854118866	0.8692046359		0.2950165662	0	0	0		5.1070878133	52	17.8329914137	17.3386401259	3.36907128		2.327265231	0	0	9	missing_state:9	6.7381639805	2.1944588632	3.0705355627	0.111204	0.2857143	0.2857143	0.2857143	0.2857143	1.0	0.1238408	0.1238408	0.1238408
77	PLACEHOLDER	fg	any2spe	731	no	any	K	0,1,2,3,4,5,6,7,8,9,10,11,12,13,14,15,16,17,18,19	8	13,14	8	Q:1.98317,R:0.958933	K:2.9421	732K	2.9421031596	clade	2	0.5	raw	endpoint	expected_endpoint_events	ECMK07+F	marginal_posterior_product	exploratory_poisson_lrt	ok	posterior_sum	all	full_scan	20	7001	multiprocessing	1	20	0		732	1.0	1.0	0.5005149331	0.4647887324	0.3781936424	K	71	0.4406779661	0.3794920449	Q	59	0.4647887324	0.3781936424	K	71	0.4406779661	0.3794920449	Q	59	10	3	0.3	2.9421031596	0.9807010532	3,8,10	12,103,123	2.9994300527	8	2.3592235755	1.9854118866	0.8692046359		0.126133227	2	0	0	unreachable:2	9.2180514964	66	17.8329914137	17.3386401259	3.36907128		0.9195227352	14	0	0	unreachable:14	23.7798566183	10.0248217295	2.3720977051	0.1151326	0.04761905	0.05426357	0.05426357	0.05426357	1.0	0.1267752	0.1267752	0.1267752
57	PLACEHOLDER	fg	any2spe	617	no	any	A	0,1,2,3,4,5,6,7,8,9,10,11,12,13,14,15,16,17,18,19	0	17	0	V:1.99777	A:1.99777	618A	1.99777	clade	2	0.5	raw	endpoint	expected_endpoint_events	ECMK07+F	marginal_posterior_product	exploratory_poisson_lrt	ok	posterior_sum	all	full_scan	20	7001	multiprocessing	1	20	0		618	1.0	1.0	0.5005149331	0.6615384615	0.3745191487	A	65	0.7169811321	0.2990762221	A	53	0.6615384615	0.3745191487	A	65	0.7169811321	0.2990762221	A	53	10	2	0.2	1.99777	0.998885	1,3	1,12	1.9978	2	2.3592235755	1.9854118866	0.8692046359		0.1163153727	5	0	0	unreachable:5	1.1628247713	51	17.8329914137	17.3386401259	3.36907128		0.2514469695	45	0	9	missing_state:9;unreachable:45	17.1757176566	4.6245328525	3.714043819	0.1248168	0.04761905	0.05426357	0.05426357	0.05426357	1.0	0.1359116	0.1359116	0.1359116
61	PLACEHOLDER	fg	any2spe	622	no	any	V	0,1,2,3,4,5,6,7,8,9,10,11,12,13,14,15,16,17,18,19	17	7	17	I:1.98281	V:1.98281	623V	1.98281	clade	2	0.5	raw	endpoint	expected_endpoint_events	ECMK07+F	marginal_posterior_product	exploratory_poisson_lrt	ok	posterior_sum	all	full_scan	20	7001	multiprocessing	1	20	0		623	1.0	1.0	0.5005149331	0.4923076923	0.316268993	I	65	0.5283018868	0.2572870997	I	53	0.4923076923	0.316268993	I	65	0.5283018868	0.2572870997	I	53	10	2	0.2	1.98281	0.991405	7,9	40,101	2.0282259746	6	2.3592235755	1.9854118866	0.8692046359		0.133774448	0	0	0		9.263430412	69	17.8329914137	17.3386401259	3.36907128		1.5351240288	10	0	9	missing_state:9;unreachable:10	15.1615349961	6.0343205097	2.512550497	0.1414782	0.04761905	0.05426357	0.05426357	0.05426357	1.0	0.1523611	0.1523611	0.1523611
86	PLACEHOLDER	fg	any2spe	798	no	any	A	0,1,2,3,4,5,6,7,8,9,10,11,12,13,14,15,16,17,18,19	0	17	0	V:1.21867	A:1.21867	799A	1.21867	clade	2	0.5	raw	endpoint	expected_endpoint_events	ECMK07+F	marginal_posterior_product	exploratory_poisson_lrt	ok	posterior_sum	all	full_scan	20	7001	multiprocessing	1	20	0		799	1.0	1.0	0.5005149331	0.5072463768	0.3836666816	V	69	0.5087719298	0.4019683237	V	57	0.5072463768	0.3836666816	V	69	0.5087719298	0.4019683237	V	57	10	2	0.2	1.21867	0.609335	6,10	35,103	1.6785095648	7	2.3592235755	1.9854118866	0.8692046359		0.0757235275	1	0	0	unreachable:1	5.5163042582	39	17.8329914137	17.3386401259	3.36907128		0.6654630245	17	0	2	missing_state:2;unreachable:17	22.1662885946	8.2894226346	2.6740449331	0.1550723	0.1428571	0.1458333	0.1458333	0.1458333	1.0	0.1651858	0.1651858	0.1651858
91	PLACEHOLDER	fg	any2spe	849	no	any	D	0,1,2,3,4,5,6,7,8,9,10,11,12,13,14,15,16,17,18,19	2	3	2	E:1.98541	D:1.98541	850D	1.98541	clade	2	0.5	raw	endpoint	expected_endpoint_events	ECMK07+F	marginal_posterior_product	exploratory_poisson_lrt	ok	posterior_sum	all	full_scan	20	7001	multiprocessing	1	20	0		850	1.0	1.0	0.5005149331	0.6086956522	0.2579178006	D	69	0.6842105263	0.2449525814	D	57	0.6086956522	0.2579178006	D	69	0.6842105263	0.2449525814	D	57	10	2	0.2	1.98541	0.992705	1,4	1,26	1.9945647259	4	2.3592235755	1.9854118866	0.8692046359		0.228574523	1	0	0	unreachable:1	1.2722023963	65	17.8329914137	17.3386401259	3.36907128		0.4298100771	37	0	2	missing_state:2;unreachable:37	8.7261025418	2.9599175639	2.9480897199	0.1664457	0.1428571	0.1458333	0.1458333	0.1458333	1.0	0.1753944	0.1753944	0.1753944
87	PLACEHOLDER	fg	any2spe	800	no	any	Q	0,1,2,3,4,5,6,7,8,9,10,11,12,13,14,15,16,17,18,19	13	3,8	13	E:1.9602,K:0.9046	Q:2.8648	801Q	2.8648	clade	2	0.5	raw	endpoint	expected_endpoint_events	ECMK07+F	marginal_posterior_product	exploratory_poisson_lrt	ok	posterior_sum	all	full_scan	20	7001	multiprocessing	1	20	0		801	1.0	1.0	0.5005149331	0.3623188406	0.5614356577	Q	69	0.3859649123	0.5674437335	Q	57	0.3623188406	0.5614356577	Q	69	0.3859649123	0.5674437335	Q	57	10	3	0.3	2.8648	0.9549333333	6,7,10	35,40,103	2.9634164438	5	2.3592235755	1.9854118866	0.8692046359		0.116629913	0	0	0		6.2673779294	69	17.8329914137	17.3386401259	3.36907128		0.408894171	12	0	2	missing_state:2;unreachable:12	25.4087169262	15.3276284515	1.6577069967	0.2441461	0.04761905	0.05426357	0.05426357	0.05426357	1.0	0.2545353	0.2545353	0.2545353
13	PLACEHOLDER	fg	any2spe	361	no	any	Q	0,1,2,3,4,5,6,7,8,9,10,11,12,13,14,15,16,17,18,19	13	14	13	R:1.16432	Q:1.16432	362Q	1.16432	clade	2	0.5	raw	endpoint	expected_endpoint_events	ECMK07+F	marginal_posterior_product	exploratory_poisson_lrt	ok	posterior_sum	all	full_scan	20	7001	multiprocessing	1	20	0		362	1.0	1.0	0.5005149331	0.5869565217	0.4007007262	Q	46	0.6111111111	0.3599846798	Q	36	0.5869565217	0.4007007262	Q	46	0.6111111111	0.3599846798	Q	36	10	2	0.2	1.16432	0.58216	2,10	5,103	1.1648	2	2.3592235755	1.9854118866	0.8692046359		0.0410173871	5	0	2	missing_state:2;unreachable:5	1.3573399514	39	17.8329914137	17.3386401259	3.36907128		0.1145997907	25	0	45	missing_state:45;unreachable:25	28.3977133039	11.8441747805	2.3976101189	0.249951	0.04761905	0.05426357	0.05426357	0.05426357	1.0	0.2578442	0.2578442	0.2578442
71	PLACEHOLDER	fg	any2spe	714	no	any	L	0,1,2,3,4,5,6,7,8,9,10,11,12,13,14,15,16,17,18,19	9	10	9	M:1.92929	L:1.92929	715L	1.92929	clade	2	0.5	raw	endpoint	expected_endpoint_events	ECMK07+F	marginal_posterior_product	exploratory_poisson_lrt	ok	posterior_sum	all	full_scan	20	7001	multiprocessing	1	20	0		715	1.0	1.0	0.5005149331	0.6811594203	0.2089614062	M	69	0.6666666667	0.2124736492	M	57	0.6811594203	0.2089614062	M	69	0.6666666667	0.2124736492	M	57	10	2	0.2	1.92929	0.964645	3,10	12,103	1.92953	3	2.3592235755	1.9854118866	0.8692046359		0.4241386596	0	0	0		7.1121980451	42	17.8329914137	17.3386401259	3.36907128		2.7714881811	10	0	4	missing_state:4;unreachable:10	4.549290559	2.5662018311	1.7727719246	0.2526441	0.0952381	0.1003584	0.1003584	0.1003584	1.0	0.2579075	0.2579075	0.2579075
54	PLACEHOLDER	fg	any2spe	585	no	any	K	0,1,2,3,4,5,6,7,8,9,10,11,12,13,14,15,16,17,18,19	8	14	8	R:1.80378	K:1.80378	586K	1.80378	clade	2	0.5	raw	endpoint	expected_endpoint_events	ECMK07+F	marginal_posterior_product	exploratory_poisson_lrt	ok	posterior_sum	all	full_scan	20	7001	multiprocessing	1	20	0		586	1.0	1.0	0.5005149331	0.4153846154	0.4596055273	R	65	0.4150943396	0.4401214455	R	53	0.4153846154	0.4596055273	R	65	0.4150943396	0.4401214455	R	53	10	2	0.2	1.80378	0.90189	2,10	5,103	1.80378	2	2.3592235755	1.9854118866	0.8692046359		0.228228064	0	0	0		6.9312378782	58	17.8329914137	17.3386401259	3.36907128		1.5321985617	4	0	9	missing_state:9;unreachable:4	7.903410162	4.523720392	1.7471040376	0.2641179	0.04761905	0.05426357	0.05426357	0.05426357	1.0	0.2668407	0.2668407	0.2668407
15	PLACEHOLDER	fg	any2spe	365	no	any	N	0,1,2,3,4,5,6,7,8,9,10,11,12,13,14,15,16,17,18,19	11	15,16	11	T:0.9998,S:0.68158	N:1.68138	366N	1.68138	clade	2	0.5	raw	endpoint	expected_endpoint_events	ECMK07+F	marginal_posterior_product	exploratory_poisson_lrt	ok	posterior_sum	all	full_scan	20	7001	multiprocessing	1	20	0		366	1.0	1.0	0.5005149331	0.5217391304	0.3784140681	N	46	0.5277777778	0.3944200105	N	36	0.5217391304	0.3784140681	N	46	0.5277777778	0.3944200105	N	36	10	2	0.2	1.68138	0.84069	5,7	33,40	1.68366	2	2.3592235755	1.9854118866	0.8692046359		0.0467413678	5	0	2	missing_state:2;unreachable:5	9.4589619075	50	17.8329914137	17.3386401259	3.36907128		0.3429744093	9	0	45	missing_state:45;unreachable:9	36.020768721	27.5792060589	1.3060843247	0.3785038	0.1904762	0.1924399	0.1924399	0.1924399	1.0	0.3785038	0.3785038	0.3785038
