scan_id	trait	target_class	scan_match	site	nonsyn_recode	from_state	to_state	from_state_ids	to_state_ids	observed_from_state_ids	observed_to_state_ids	from_state_distribution	to_state_distribution	state_change	candidate_event_pp_sum	scan_unit_mode	scan_min_support_count	scan_min_event_pp	scan_rate_length_used	scan_rate_exposure	scan_rate_event_mode	scan_other_scope	scan_pvalue_calibration	scan_n_permutations	scan_permutation_seed	scan_permutation_backend	scan_permutation_n_jobs	scan_permutation_success_count	scan_permutation_failure_count	scan_permutation_failure_reasons	scan_calibration_status	scan_calibration_null	scan_calibration_scope	scan_permutation_sampling	scan_permutation_unique_count	scan_permutation_space_size	scan_pvalue_resolution	codon_site_alignment	site_rate	site_rate_categorized	site_rate_quantile	state_all_conservation	state_all_entropy	state_all_major_state	state_all_valid_tip_count	state_bg_conservation	state_bg_entropy	state_bg_major_state	state_bg_valid_tip_count	aa_all_conservation	aa_all_entropy	aa_all_major_state	aa_all_valid_tip_count	aa_bg_conservation	aa_bg_entropy	aa_bg_major_state	aa_bg_valid_tip_count	unit_total	support_unit_count	support_fraction	support_pp_sum	support_pp_mean	support_unit_ids	support_branch_ids	target_event_count	target_event_branch_count	target_raw_branch_length	target_sn_rescaled_length	target_n_rescaled_length	target_exposure_branch_length	other_event_count	other_event_branch_count	other_raw_branch_length	other_sn_rescaled_length	other_n_rescaled_length	other_exposure_branch_length	target_event_rate	other_event_rate	rate_ratio	score_rate_enrichment	scan_rate_testable	scan_rate_undefined_reason	scan_score_method	scan_event_measure	scan_inference_status	scan_bh_scope	scan_bh_family_id	scan_bh_family_size	scan_bh_valid_asymptotic_count	scan_bh_valid_empirical_count	scan_maxT_scope	scan_bootstrap_success_count	scan_bootstrap_failure_count	scan_bootstrap_directory	p_rate_enrichment_bootstrap_maxT	p_rate_enrichment_asymptotic	p_rate_enrichment_empirical	q_rate_enrichment_empirical_by_trait_match	p_rate_enrichment_empirical_maxT	q_rate_enrichment_asymptotic_by_trait_match
3	trait1	fg	any2spe	16	kgbauto6	any	APST	0,1,2,3,4,5	0	2	0	DHNY:1.98135	APST:1.98135	18APST	1.9813	clade	2	0.5000	n_rescaled	q_weighted	called	all	parametric_bootstrap	3	5105	not_used	0	0	0		disabled	none	uncalibrated	not_run	0			18	1.0000	1.0000	0.5052	0.7500	0.3138	DHNY	8	1.0000	-0.0000	DHNY	6	0.3750	0.3612	N	8	0.5000	0.2314	N	6	2	2	1.0000	1.9813	0.9907	1,2	0,7	1.9813	2	1.0651	0.4720	0.3116	0.1149	0.0000	0	2.3897	1.6374	0.9915	0.3593	17.2502	0.0000	inf	2.05135288871411881e+00	True		negative_log10_one_sided_poisson_asymptotic_tail	posterior_mass	model_conditional_parametric_bootstrap	selected_candidates_within_trait_match	"[""trait1"", ""any2spe""]"	5	5	0	all_testable_selected_candidates_all_traits_matches_in_this_run	3	0	/private${BOOTSTRAP_RUN}/csubst_scan_bootstrap_8l94f89v	2.500000e-01	8.884789e-03				1.503840e-02
2	trait1	fg	any2spe	14	kgbauto6	any	APST	0,1,2,3,4,5	0	2	0	DHNY:1.98064	APST:1.98064	16APST	1.9806	clade	2	0.5000	n_rescaled	q_weighted	called	all	parametric_bootstrap	3	5105	not_used	0	0	0		disabled	none	uncalibrated	not_run	0			16	1.0000	1.0000	0.5052	0.7500	0.3138	DHNY	8	1.0000	-0.0000	DHNY	6	0.3750	0.3612	H	8	0.5000	0.2314	H	6	2	2	1.0000	1.9806	0.9903	1,2	0,7	1.9806	2	1.0651	0.4720	0.3116	0.1002	0.0000	0	2.3897	1.6374	0.9915	0.3009	19.7610	0.0000	inf	2.02040015742832990e+00	True		negative_log10_one_sided_poisson_asymptotic_tail	posterior_mass	model_conditional_parametric_bootstrap	selected_candidates_within_trait_match	"[""trait1"", ""any2spe""]"	5	5	0	all_testable_selected_candidates_all_traits_matches_in_this_run	3	0	/private${BOOTSTRAP_RUN}/csubst_scan_bootstrap_8l94f89v	2.500000e-01	9.541131e-03				1.503840e-02
1	trait1	fg	any2spe	5	kgbauto6	any	APST	0,1,2,3,4,5	0	2,5	0	DHNY:0.95315,ILMV:0.93759	APST:1.89074	7APST	1.8907	clade	2	0.5000	n_rescaled	q_weighted	called	all	parametric_bootstrap	3	5105	not_used	0	0	0		disabled	none	uncalibrated	not_run	0			7	1.0000	1.0000	0.5052	0.3750	0.6040	DHNY	8	0.5000	0.3869	DHNY	6	0.3750	0.3612	L	8	0.5000	0.2314	L	6	2	2	1.0000	1.8907	0.9454	1,2	0,7	1.8907	2	1.0651	0.4720	0.3116	0.0878	0.0000	0	2.3897	1.6374	0.9915	0.2826	21.5440	0.0000	inf	2.00822498671307859e+00	True		negative_log10_one_sided_poisson_asymptotic_tail	posterior_mass	model_conditional_parametric_bootstrap	selected_candidates_within_trait_match	"[""trait1"", ""any2spe""]"	5	5	0	all_testable_selected_candidates_all_traits_matches_in_this_run	3	0	/private${BOOTSTRAP_RUN}/csubst_scan_bootstrap_8l94f89v	2.500000e-01	9.812395e-03				1.503840e-02
4	trait1	fg	any2spe	17	kgbauto6	any	APST	0,1,2,3,4,5	0	1	0	CF:1.66322	APST:1.66322	19APST	1.6632	clade	2	0.5000	n_rescaled	q_weighted	called	all	parametric_bootstrap	3	5105	not_used	0	0	0		disabled	none	uncalibrated	not_run	0			19	1.0000	1.0000	0.5052	0.5714	0.5334	CF	7	0.8000	0.2793	CF	5	0.2857	0.4512	A	7	0.4000	0.3521	C	5	2	2	1.0000	1.6632	0.8316	1,2	0,7	1.6632	2	1.0651	0.4720	0.3116	0.0673	0.0000	0	2.3897	1.6374	0.9915	0.2344	24.7147	0.0000	inf	1.89479514946092609e+00	True		negative_log10_one_sided_poisson_asymptotic_tail	posterior_mass	model_conditional_parametric_bootstrap	selected_candidates_within_trait_match	"[""trait1"", ""any2spe""]"	5	5	0	all_testable_selected_candidates_all_traits_matches_in_this_run	3	0	/private${BOOTSTRAP_RUN}/csubst_scan_bootstrap_8l94f89v	2.500000e-01	1.274104e-02				1.503840e-02
5	trait1	fg	any2spe	96	kgbauto6	any	APST	0,1,2,3,4,5	0	5	0	ILMV:1.50314	APST:1.50314	100APST	1.5031	clade	2	0.5000	n_rescaled	q_weighted	called	all	parametric_bootstrap	3	5105	not_used	0	0	0		disabled	none	uncalibrated	not_run	0			100	1.0000	1.0000	0.5052	0.6250	0.5024	ILMV	8	0.8333	0.2515	ILMV	6	0.6250	0.3005	L	8	0.8333	0.1504	L	6	2	2	1.0000	1.5031	0.7516	1,2	0,7	1.5031	2	1.0651	0.4720	0.3116	0.0977	0.0000	0	2.3897	1.6374	0.9915	0.3696	15.3856	0.0000	inf	1.82279836037683474e+00	True		negative_log10_one_sided_poisson_asymptotic_tail	posterior_mass	model_conditional_parametric_bootstrap	selected_candidates_within_trait_match	"[""trait1"", ""any2spe""]"	5	5	0	all_testable_selected_candidates_all_traits_matches_in_this_run	3	0	/private${BOOTSTRAP_RUN}/csubst_scan_bootstrap_8l94f89v	2.500000e-01	1.503840e-02				1.503840e-02
7	trait1	fg	spe2spe	16	kgbauto6	DHNY	APST	2	0	2	0	DHNY:1.98135	APST:1.98135	DHNY18APST	1.9813	clade	2	0.5000	n_rescaled	q_weighted	called	all	parametric_bootstrap	3	5105	not_used	0	0	0		disabled	none	uncalibrated	not_run	0			18	1.0000	1.0000	0.5052	0.7500	0.3138	DHNY	8	1.0000	-0.0000	DHNY	6	0.3750	0.3612	N	8	0.5000	0.2314	N	6	2	2	1.0000	1.9813	0.9907	1,2	0,7	1.9813	2	1.0651	0.4720	0.3116	0.1148	0.0000	0	2.3897	1.6374	0.9915	0.3592	17.2656	0.0000	inf	2.05183099325429463e+00	True		negative_log10_one_sided_poisson_asymptotic_tail	posterior_mass	model_conditional_parametric_bootstrap	selected_candidates_within_trait_match	"[""trait1"", ""spe2spe""]"	4	4	0	all_testable_selected_candidates_all_traits_matches_in_this_run	3	0	/private${BOOTSTRAP_RUN}/csubst_scan_bootstrap_8l94f89v	2.500000e-01	8.875013e-03				1.314389e-02
6	trait1	fg	spe2spe	14	kgbauto6	DHNY	APST	2	0	2	0	DHNY:1.98064	APST:1.98064	DHNY16APST	1.9806	clade	2	0.5000	n_rescaled	q_weighted	called	all	parametric_bootstrap	3	5105	not_used	0	0	0		disabled	none	uncalibrated	not_run	0			16	1.0000	1.0000	0.5052	0.7500	0.3138	DHNY	8	1.0000	-0.0000	DHNY	6	0.3750	0.3612	H	8	0.5000	0.2314	H	6	2	2	1.0000	1.9806	0.9903	1,2	0,7	1.9806	2	1.0651	0.4720	0.3116	0.1001	0.0000	0	2.3897	1.6374	0.9915	0.3008	19.7845	0.0000	inf	2.02100740141247881e+00	True		negative_log10_one_sided_poisson_asymptotic_tail	posterior_mass	model_conditional_parametric_bootstrap	selected_candidates_within_trait_match	"[""trait1"", ""spe2spe""]"	4	4	0	all_testable_selected_candidates_all_traits_matches_in_this_run	3	0	/private${BOOTSTRAP_RUN}/csubst_scan_bootstrap_8l94f89v	2.500000e-01	9.527799e-03				1.314389e-02
8	trait1	fg	spe2spe	17	kgbauto6	CF	APST	1	0	1	0	CF:1.66322	APST:1.66322	CF19APST	1.6632	clade	2	0.5000	n_rescaled	q_weighted	called	all	parametric_bootstrap	3	5105	not_used	0	0	0		disabled	none	uncalibrated	not_run	0			19	1.0000	1.0000	0.5052	0.5714	0.5334	CF	7	0.8000	0.2793	CF	5	0.2857	0.4512	A	7	0.4000	0.3521	C	5	2	2	1.0000	1.6632	0.8316	1,2	0,7	1.6632	2	1.0651	0.4720	0.3116	0.0582	0.0000	0	2.3897	1.6374	0.9915	0.2248	28.5601	0.0000	inf	1.96211257277156848e+00	True		negative_log10_one_sided_poisson_asymptotic_tail	posterior_mass	model_conditional_parametric_bootstrap	selected_candidates_within_trait_match	"[""trait1"", ""spe2spe""]"	4	4	0	all_testable_selected_candidates_all_traits_matches_in_this_run	3	0	/private${BOOTSTRAP_RUN}/csubst_scan_bootstrap_8l94f89v	2.500000e-01	1.091157e-02				1.314389e-02
9	trait1	fg	spe2spe	96	kgbauto6	ILMV	APST	5	0	5	0	ILMV:1.50314	APST:1.50314	ILMV100APST	1.5031	clade	2	0.5000	n_rescaled	q_weighted	called	all	parametric_bootstrap	3	5105	not_used	0	0	0		disabled	none	uncalibrated	not_run	0			100	1.0000	1.0000	0.5052	0.6250	0.5024	ILMV	8	0.8333	0.2515	ILMV	6	0.6250	0.3005	L	8	0.8333	0.1504	L	6	2	2	1.0000	1.5031	0.7516	1,2	0,7	1.5031	2	1.0651	0.4720	0.3116	0.0868	0.0000	0	2.3897	1.6374	0.9915	0.3618	17.3091	0.0000	inf	1.88127612534212241e+00	True		negative_log10_one_sided_poisson_asymptotic_tail	posterior_mass	model_conditional_parametric_bootstrap	selected_candidates_within_trait_match	"[""trait1"", ""spe2spe""]"	4	4	0	all_testable_selected_candidates_all_traits_matches_in_this_run	3	0	/private${BOOTSTRAP_RUN}/csubst_scan_bootstrap_8l94f89v	2.500000e-01	1.314389e-02				1.314389e-02
12	trait2	fg	any2spe	16	kgbauto6	any	APST	0,1,2,3,4,5	0	2	0	DHNY:1.98135	APST:1.98135	18APST	1.9813	clade	2	0.5000	n_rescaled	q_weighted	called	all	parametric_bootstrap	3	5105	not_used	0	0	0		disabled	none	uncalibrated	not_run	0			18	1.0000	1.0000	0.5052	0.7500	0.3138	DHNY	8	1.0000	-0.0000	DHNY	6	0.3750	0.3612	N	8	0.5000	0.2314	N	6	2	2	1.0000	1.9813	0.9907	1,2	0,7	1.9813	2	1.0651	0.4720	0.3116	0.1149	0.0000	0	2.3897	1.6374	0.9915	0.3593	17.2502	0.0000	inf	2.05135288871411881e+00	True		negative_log10_one_sided_poisson_asymptotic_tail	posterior_mass	model_conditional_parametric_bootstrap	selected_candidates_within_trait_match	"[""trait2"", ""any2spe""]"	5	5	0	all_testable_selected_candidates_all_traits_matches_in_this_run	3	0	/private${BOOTSTRAP_RUN}/csubst_scan_bootstrap_8l94f89v	2.500000e-01	8.884789e-03				1.503840e-02
11	trait2	fg	any2spe	14	kgbauto6	any	APST	0,1,2,3,4,5	0	2	0	DHNY:1.98064	APST:1.98064	16APST	1.9806	clade	2	0.5000	n_rescaled	q_weighted	called	all	parametric_bootstrap	3	5105	not_used	0	0	0		disabled	none	uncalibrated	not_run	0			16	1.0000	1.0000	0.5052	0.7500	0.3138	DHNY	8	1.0000	-0.0000	DHNY	6	0.3750	0.3612	H	8	0.5000	0.2314	H	6	2	2	1.0000	1.9806	0.9903	1,2	0,7	1.9806	2	1.0651	0.4720	0.3116	0.1002	0.0000	0	2.3897	1.6374	0.9915	0.3009	19.7610	0.0000	inf	2.02040015742832990e+00	True		negative_log10_one_sided_poisson_asymptotic_tail	posterior_mass	model_conditional_parametric_bootstrap	selected_candidates_within_trait_match	"[""trait2"", ""any2spe""]"	5	5	0	all_testable_selected_candidates_all_traits_matches_in_this_run	3	0	/private${BOOTSTRAP_RUN}/csubst_scan_bootstrap_8l94f89v	2.500000e-01	9.541131e-03				1.503840e-02
10	trait2	fg	any2spe	5	kgbauto6	any	APST	0,1,2,3,4,5	0	2,5	0	DHNY:0.95315,ILMV:0.93759	APST:1.89074	7APST	1.8907	clade	2	0.5000	n_rescaled	q_weighted	called	all	parametric_bootstrap	3	5105	not_used	0	0	0		disabled	none	uncalibrated	not_run	0			7	1.0000	1.0000	0.5052	0.3750	0.6040	DHNY	8	0.5000	0.3869	DHNY	6	0.3750	0.3612	L	8	0.5000	0.2314	L	6	2	2	1.0000	1.8907	0.9454	1,2	0,7	1.8907	2	1.0651	0.4720	0.3116	0.0878	0.0000	0	2.3897	1.6374	0.9915	0.2826	21.5440	0.0000	inf	2.00822498671307859e+00	True		negative_log10_one_sided_poisson_asymptotic_tail	posterior_mass	model_conditional_parametric_bootstrap	selected_candidates_within_trait_match	"[""trait2"", ""any2spe""]"	5	5	0	all_testable_selected_candidates_all_traits_matches_in_this_run	3	0	/private${BOOTSTRAP_RUN}/csubst_scan_bootstrap_8l94f89v	2.500000e-01	9.812395e-03				1.503840e-02
13	trait2	fg	any2spe	17	kgbauto6	any	APST	0,1,2,3,4,5	0	1	0	CF:1.66322	APST:1.66322	19APST	1.6632	clade	2	0.5000	n_rescaled	q_weighted	called	all	parametric_bootstrap	3	5105	not_used	0	0	0		disabled	none	uncalibrated	not_run	0			19	1.0000	1.0000	0.5052	0.5714	0.5334	CF	7	0.8000	0.2793	CF	5	0.2857	0.4512	A	7	0.4000	0.3521	C	5	2	2	1.0000	1.6632	0.8316	1,2	0,7	1.6632	2	1.0651	0.4720	0.3116	0.0673	0.0000	0	2.3897	1.6374	0.9915	0.2344	24.7147	0.0000	inf	1.89479514946092609e+00	True		negative_log10_one_sided_poisson_asymptotic_tail	posterior_mass	model_conditional_parametric_bootstrap	selected_candidates_within_trait_match	"[""trait2"", ""any2spe""]"	5	5	0	all_testable_selected_candidates_all_traits_matches_in_this_run	3	0	/private${BOOTSTRAP_RUN}/csubst_scan_bootstrap_8l94f89v	2.500000e-01	1.274104e-02				1.503840e-02
14	trait2	fg	any2spe	96	kgbauto6	any	APST	0,1,2,3,4,5	0	5	0	ILMV:1.50314	APST:1.50314	100APST	1.5031	clade	2	0.5000	n_rescaled	q_weighted	called	all	parametric_bootstrap	3	5105	not_used	0	0	0		disabled	none	uncalibrated	not_run	0			100	1.0000	1.0000	0.5052	0.6250	0.5024	ILMV	8	0.8333	0.2515	ILMV	6	0.6250	0.3005	L	8	0.8333	0.1504	L	6	2	2	1.0000	1.5031	0.7516	1,2	0,7	1.5031	2	1.0651	0.4720	0.3116	0.0977	0.0000	0	2.3897	1.6374	0.9915	0.3696	15.3856	0.0000	inf	1.82279836037683474e+00	True		negative_log10_one_sided_poisson_asymptotic_tail	posterior_mass	model_conditional_parametric_bootstrap	selected_candidates_within_trait_match	"[""trait2"", ""any2spe""]"	5	5	0	all_testable_selected_candidates_all_traits_matches_in_this_run	3	0	/private${BOOTSTRAP_RUN}/csubst_scan_bootstrap_8l94f89v	2.500000e-01	1.503840e-02				1.503840e-02
16	trait2	fg	spe2spe	16	kgbauto6	DHNY	APST	2	0	2	0	DHNY:1.98135	APST:1.98135	DHNY18APST	1.9813	clade	2	0.5000	n_rescaled	q_weighted	called	all	parametric_bootstrap	3	5105	not_used	0	0	0		disabled	none	uncalibrated	not_run	0			18	1.0000	1.0000	0.5052	0.7500	0.3138	DHNY	8	1.0000	-0.0000	DHNY	6	0.3750	0.3612	N	8	0.5000	0.2314	N	6	2	2	1.0000	1.9813	0.9907	1,2	0,7	1.9813	2	1.0651	0.4720	0.3116	0.1148	0.0000	0	2.3897	1.6374	0.9915	0.3592	17.2656	0.0000	inf	2.05183099325429463e+00	True		negative_log10_one_sided_poisson_asymptotic_tail	posterior_mass	model_conditional_parametric_bootstrap	selected_candidates_within_trait_match	"[""trait2"", ""spe2spe""]"	4	4	0	all_testable_selected_candidates_all_traits_matches_in_this_run	3	0	/private${BOOTSTRAP_RUN}/csubst_scan_bootstrap_8l94f89v	2.500000e-01	8.875013e-03				1.314389e-02
15	trait2	fg	spe2spe	14	kgbauto6	DHNY	APST	2	0	2	0	DHNY:1.98064	APST:1.98064	DHNY16APST	1.9806	clade	2	0.5000	n_rescaled	q_weighted	called	all	parametric_bootstrap	3	5105	not_used	0	0	0		disabled	none	uncalibrated	not_run	0			16	1.0000	1.0000	0.5052	0.7500	0.3138	DHNY	8	1.0000	-0.0000	DHNY	6	0.3750	0.3612	H	8	0.5000	0.2314	H	6	2	2	1.0000	1.9806	0.9903	1,2	0,7	1.9806	2	1.0651	0.4720	0.3116	0.1001	0.0000	0	2.3897	1.6374	0.9915	0.3008	19.7845	0.0000	inf	2.02100740141247881e+00	True		negative_log10_one_sided_poisson_asymptotic_tail	posterior_mass	model_conditional_parametric_bootstrap	selected_candidates_within_trait_match	"[""trait2"", ""spe2spe""]"	4	4	0	all_testable_selected_candidates_all_traits_matches_in_this_run	3	0	/private${BOOTSTRAP_RUN}/csubst_scan_bootstrap_8l94f89v	2.500000e-01	9.527799e-03				1.314389e-02
17	trait2	fg	spe2spe	17	kgbauto6	CF	APST	1	0	1	0	CF:1.66322	APST:1.66322	CF19APST	1.6632	clade	2	0.5000	n_rescaled	q_weighted	called	all	parametric_bootstrap	3	5105	not_used	0	0	0		disabled	none	uncalibrated	not_run	0			19	1.0000	1.0000	0.5052	0.5714	0.5334	CF	7	0.8000	0.2793	CF	5	0.2857	0.4512	A	7	0.4000	0.3521	C	5	2	2	1.0000	1.6632	0.8316	1,2	0,7	1.6632	2	1.0651	0.4720	0.3116	0.0582	0.0000	0	2.3897	1.6374	0.9915	0.2248	28.5601	0.0000	inf	1.96211257277156848e+00	True		negative_log10_one_sided_poisson_asymptotic_tail	posterior_mass	model_conditional_parametric_bootstrap	selected_candidates_within_trait_match	"[""trait2"", ""spe2spe""]"	4	4	0	all_testable_selected_candidates_all_traits_matches_in_this_run	3	0	/private${BOOTSTRAP_RUN}/csubst_scan_bootstrap_8l94f89v	2.500000e-01	1.091157e-02				1.314389e-02
18	trait2	fg	spe2spe	96	kgbauto6	ILMV	APST	5	0	5	0	ILMV:1.50314	APST:1.50314	ILMV100APST	1.5031	clade	2	0.5000	n_rescaled	q_weighted	called	all	parametric_bootstrap	3	5105	not_used	0	0	0		disabled	none	uncalibrated	not_run	0			100	1.0000	1.0000	0.5052	0.6250	0.5024	ILMV	8	0.8333	0.2515	ILMV	6	0.6250	0.3005	L	8	0.8333	0.1504	L	6	2	2	1.0000	1.5031	0.7516	1,2	0,7	1.5031	2	1.0651	0.4720	0.3116	0.0868	0.0000	0	2.3897	1.6374	0.9915	0.3618	17.3091	0.0000	inf	1.88127612534212241e+00	True		negative_log10_one_sided_poisson_asymptotic_tail	posterior_mass	model_conditional_parametric_bootstrap	selected_candidates_within_trait_match	"[""trait2"", ""spe2spe""]"	4	4	0	all_testable_selected_candidates_all_traits_matches_in_this_run	3	0	/private${BOOTSTRAP_RUN}/csubst_scan_bootstrap_8l94f89v	2.500000e-01	1.314389e-02				1.314389e-02
